Network,Node,Degree,PageRank,Betweenness,Community,Label
Marvel,"LITTLE, ABNER",22,8.287843086768344e-05,1.2892847276664318e-06,0,Regular
Marvel,PRINCESS ZANDA,11,5.065222120205808e-05,0.0,0,Regular
Marvel,BLACK PANTHER/T'CHAL,711,0.0017492840805466373,0.007258196505586945,1,Top Node
Marvel,"STEELE, SIMON/WOLFGA",9,5.11632719971182e-05,9.291376419604217e-07,1,Regular
Marvel,"FORTUNE, DOMINIC",15,6.643606638778067e-05,2.1739587533884896e-06,1,Regular
Marvel,"ERWIN, CLYTEMNESTRA",61,0.00017079471625331113,4.040750222199408e-05,0,Regular
Marvel,IRON MAN/TONY STARK ,1522,0.004109121437860457,0.05207961213812991,0,Top Node
Marvel,IRON MAN IV/JAMES R.,465,0.001307160249694467,0.010185434746082701,0,Regular
Marvel,"RAVEN, SABBATH II/EL",11,5.628862862684557e-05,9.81026392479309e-07,1,Regular
Marvel,CARNIVORE/COUNT ANDR,45,0.0001345859551655273,1.9030312375145325e-05,0,Regular
Marvel,GHOST,35,0.00011104646984708461,6.452948212806728e-06,0,Regular
Marvel,"ZIMMER, ABE",72,0.000212912898360936,0.00015172759527128676,0,Regular
Marvel,FU MANCHU,42,0.00015780500204095376,6.97316557765794e-05,2,Regular
Marvel,"TARR, BLACK JACK",30,0.00013683438420403297,4.917641291792179e-05,2,Regular
Marvel,"SMITH, SIR DENIS NAY",28,0.00012607520007764175,3.972234346225427e-05,2,Regular
Marvel,SHANG-CHI,127,0.0004519793762028346,0.0016130713086929807,2,Regular
Marvel,STARSHINE II/BRANDY ,166,0.0005490690677683178,0.013074198444867513,3,Regular
Marvel,"ROM, SPACEKNIGHT",241,0.0006990154301251199,0.0024931171516798262,2,Regular
Marvel,MAN-THING/THEODORE T,188,0.0005542538533535195,0.0011341408139154548,2,Regular
Marvel,"WU, LEIKO",44,0.00015591375045788313,0.00011856308425809614,2,Regular
Marvel,DOCTOR DREDD,14,6.339785771627972e-05,7.517357880443295e-07,2,Regular
Marvel,"RESTON, CLIVE",32,0.00013726447115498707,5.9963553028925695e-05,2,Regular
Marvel,"JACKSON, STEVE",71,0.0002326261369381337,0.00024093769374128706,3,Regular
Marvel,MYSTIQUE/RAVEN DARKH,395,0.0009463750657386011,0.00164042824162301,5,Regular
Marvel,BLOB/FRED J. DUKES,423,0.0009914821258238194,0.0013657057723035152,5,Regular
Marvel,TORPEDO III/BROCK JO,224,0.0005372729181772547,0.0023555204688088037,2,Regular
Marvel,PYRO/ALLERDYCE JOHNN,298,0.0006946524629565493,0.0009164863621056729,5,Regular
Marvel,AVALANCHE/DOMINIC PE,277,0.0006466939008307422,0.0007391932528723281,5,Regular
Marvel,ROGUE /,831,0.0019536858794683854,0.004179663261990013,5,Top Node
Marvel,DESTINY II/IRENE ADL,228,0.0005358290501170047,0.00046450784924828066,5,Regular
Marvel,HYBRID/JAMES JIMMY M,30,9.311061343744614e-05,2.7274506624207104e-06,5,Regular
Marvel,"CLARK, SARAH",53,0.00017758489081201137,4.569745643339757e-05,3,Regular
Marvel,"KILLBURN, MACK",17,6.887042691102034e-05,6.424350771396861e-07,3,Regular
Marvel,"JONES, TAMMY ANNE",52,0.00015911801607262089,6.474349639990974e-05,3,Regular
Marvel,"JONES, LORRAINE LORR",52,0.00015911801607262089,6.474349639990974e-05,3,Regular
Marvel,"JONES, NELL",46,0.00014622671859437574,6.2648508935781e-05,3,Regular
Marvel,"JONES, DANIEL DANNY",52,0.00015911801607262089,6.474349639990974e-05,3,Regular
Marvel,"CLARK, JOHN",53,0.00017758489081201137,4.569745643339757e-05,3,Regular
Marvel,SUB-MARINER/NAMOR MA,979,0.0024664304651436098,0.009406762826383218,2,Top Node
Marvel,VASHTI,210,0.0005363515906806269,0.0004557107520657078,13,Regular
Marvel,SEAWEED MAN,5,3.476704699120391e-05,0.0,13,Regular
Marvel,NOVA/RICHARD RIDER,681,0.0016021947009356304,0.007243196834603136,3,Top Node
Marvel,FIRESTAR/ANGELICA JO,613,0.001473768334064071,0.007295629680455212,3,Regular
Marvel,THUNDERBALL/DR. ELIO,212,0.0004955403220246133,0.00043387285541234276,7,Regular
Marvel,NAMORITA/NITA PRENTI,596,0.0014401493514248666,0.004152153217247765,3,Regular
Marvel,SPEEDBALL/ROBBIE BAL,503,0.0012456532949168615,0.005218061135583503,3,Regular
Marvel,HULK/DR. ROBERT BRUC,1055,0.0030164207424395084,0.024631561261581524,2,Top Node
Marvel,NIGHT THRASHER/DUANE,384,0.0009567444437279183,0.0032821085093620527,3,Regular
Marvel,SPIDER-MAN/PETER PAR,1737,0.0053227271179795135,0.08497202884060578,1,Top Node
Marvel,JUSTICE II/VANCE AST,489,0.0011884046462983557,0.00517870177983098,3,Regular
Marvel,TIGRA/GREER NELSON,516,0.0011839574956897668,0.0024304646431475407,0,Regular
Marvel,WASP/JANET VAN DYNE ,1091,0.002640270811118347,0.0109311524519451,0,Top Node
Marvel,GALACTUS/GALAN,399,0.0009407793933524542,0.001459497953853458,8,Regular
Marvel,MOCKINGBIRD/DR. BARB,522,0.0012121165745729845,0.0031434967929875263,0,Regular
Marvel,SILVER SURFER/NORRIN,667,0.00189894759476369,0.020639293885884688,8,Top Node
Marvel,HAWK,1175,0.00305790281493336,0.029270614456892798,0,Top Node
Marvel,LORD CHAOS,135,0.00031382137325455583,6.612794170153535e-05,7,Regular
Marvel,SCARLET WITCH/WANDA ,1325,0.0032129555349691913,0.016890695617452506,0,Top Node
Marvel,QUICKSILVER/PIETRO M,875,0.0020323972777496783,0.004767872613126823,0,Top Node
Marvel,UATU,526,0.0012045568728623064,0.004360880174704788,8,Regular
Marvel,CAPTAIN AMERICA,1908,0.005118968796089033,0.07771267741224784,0,Top Node
Marvel,THUNDERSTRIKE/ERIC K,534,0.001219325533954335,0.005640012476217488,7,Regular
Marvel,WONDER MAN/SIMON WIL,1033,0.0024715717433340945,0.015180545588606096,0,Top Node
Marvel,DEATHLOK III/MICHAEL,190,0.0005614009497954191,0.0014747577496739613,10,Regular
Marvel,OBLIVION,80,0.0001951686355603771,3.66987550120975e-05,7,Regular
Marvel,WOLVERINE/LOGAN ,1371,0.0038704010402762384,0.0395894546889733,5,Top Node
Marvel,SHE-HULK/JENNIFER WA,1071,0.0026130448952302212,0.009927930566275417,8,Top Node
Marvel,VISION ,1241,0.002899715527029212,0.010740503266473056,0,Top Node
Marvel,PSYLOCKE/ELISABETH B,694,0.0016274389309893563,0.005492007119400295,5,Top Node
Marvel,MARVEL GIRL/JEAN GRE,1005,0.002531695533482195,0.011038728239738164,5,Top Node
Marvel,STORM/ORORO MUNROE S,1072,0.0025752476563247837,0.009432593283957668,5,Top Node
Marvel,ETERNITY/ADAM QADMON,318,0.0007065390978617601,0.0003248530235662225,8,Regular
Marvel,KISMET/J'RIDIA STARD,195,0.00047631488379258304,0.000952198405531007,7,Regular
Marvel,IN-BETWEENER,93,0.00023849075065973102,9.735089120552653e-05,8,Regular
Marvel,MR. FANTASTIC/REED R,1379,0.003570798734302076,0.028588685639205042,13,Top Node
Marvel,ANGEL/WARREN KENNETH,1073,0.00257927778513778,0.009664298796793399,5,Top Node
Marvel,DEATH,280,0.0006306576205361489,0.0017953293098310983,8,Regular
Marvel,MASTER ORDER,120,0.0002821424190714802,5.642091537571993e-05,8,Regular
Marvel,JUBILEE/JUBILATION L,449,0.001153877971337314,0.007305506629082614,5,Regular
Marvel,THING/BENJAMIN J. GR,1416,0.0036738649138112604,0.026639743197837514,13,Top Node
Marvel,INVISIBLE WOMAN/SUE ,1236,0.003123878241622162,0.015679532775475395,13,Top Node
Marvel,INFINITY II,123,0.00028146488700497776,4.30791081077371e-05,8,Regular
Marvel,PUNISHER II/FRANK CA,484,0.0017198628467913026,0.013022890688663864,1,Regular
Marvel,ANDROMEDA/ANDROMEDA ,119,0.0002980190927609496,0.00016065324852463847,2,Regular
Marvel,BEAST/HENRY &HANK& P,1267,0.003184846623210486,0.019957279687004885,5,Top Node
Marvel,GHOST RIDER III/DAN ,296,0.0010739194314322736,0.004712384521609031,2,Regular
Marvel,CYCLOPS/SCOTT SUMMER,1081,0.002594375633815098,0.008359213378294537,5,Top Node
Marvel,LIVING LASER/ARTHUR ,70,0.00018021651546648595,8.186705060929095e-06,0,Regular
Marvel,"CABE, BETHANY",106,0.0002953426936574249,5.0769909931371484e-05,0,Regular
Marvel,SPYMASTER/JAKE JORDA,45,0.0001337831974270803,7.501960007994248e-06,0,Regular
Marvel,"HOGAN, VIRGINIA PEPP",260,0.0007282082380983799,0.0015122661285278036,0,Regular
Marvel,"HOGAN, HAROLD J. HAP",221,0.0006297329807595144,0.0026259038707005158,0,Regular
Marvel,BATROC/GEORGES BATRO,175,0.00047186907880225333,0.0009560505096688396,2,Regular
Marvel,"CARTER, SHARON",258,0.0007121719049030553,0.0024403885341352646,11,Regular
Marvel,KARNILLA [ASGARDIAN],186,0.0004278293837762227,0.0002722912330412079,7,Regular
Marvel,HEIMDALL [ASGARDIAN],257,0.0006023508831193655,0.0005588287436126768,7,Regular
Marvel,ENCHANTRESS/AMORA/HE,319,0.0007712722297812995,0.0028374486648299405,7,Regular
Marvel,LOKI [ASGARDIAN],425,0.0009810580269586507,0.004050464678948204,7,Regular
Marvel,NIGHTMARE/EDVARD HAB,142,0.00042689213168867137,0.0022611504111962415,2,Regular
Marvel,ZANIAC/BRAD WOLFE,10,4.5402989069006536e-05,0.0,7,Regular
Marvel,THOR/DR. DONALD BLAK,1289,0.00319978286097701,0.02687823721546878,7,Top Node
Marvel,SONIC,26,8.437923607917882e-05,9.891395792389851e-07,0,Regular
Marvel,CHAIN,26,8.437923607917882e-05,9.891395792389851e-07,0,Regular
Marvel,SPIDER-WOMAN II/JULI,411,0.0010114054315171583,0.0020475504867984743,0,Regular
Marvel,"CARPENTER, RACHEL",97,0.0002593759487345182,0.0002223528579260214,0,Regular
Marvel,GRASP,26,8.437923607917882e-05,9.891395792389851e-07,0,Regular
Marvel,"CLEMSON, MIKE",36,0.00010512464063993092,3.5885121243680354e-06,0,Regular
Marvel,"COOPER, DR. VALERIE",539,0.0012589668763792233,0.0027878058085793697,5,Regular
Marvel,"CARPENTER, LARRY",50,0.00013886472714286913,5.0916250554455986e-05,0,Regular
Marvel,RED GUARDIAN III/DR.,162,0.00038123146306314897,0.00015948516164230198,2,Regular
Marvel,DR. STRANGE/STEPHEN ,1067,0.003038166364057739,0.028922688459228706,2,Top Node
Marvel,DOLLAR BILL,59,0.00015350870414977758,7.730433928617645e-06,2,Regular
Marvel,HELLCAT/PATSY WALKER,365,0.0008849034638822953,0.0010254479164818193,2,Regular
Marvel,NIGHTHAWK II/KYLE RI,252,0.0006112967062440307,0.0002706890473753088,2,Regular
Marvel,DEVIL-SLAYER/ERIC SI,159,0.0003912804414668733,0.0002942794742525729,2,Regular
Marvel,"NORRISS, SISTER BARB",389,0.0009057207495515351,0.0006509447334063282,2,Regular
Marvel,"BANNER, BETTY ROSS T",344,0.000955423148587426,0.004519089249932689,2,Regular
Marvel,"ROSS, GEN. THADDEUS ",329,0.0009003758206217715,0.0012838539712139965,2,Regular
Marvel,COBALT MAN,28,8.64592879087419e-05,1.2396993986175149e-06,2,Regular
Marvel,MASTERMIND/JASON WYN,142,0.00033210509794298875,6.063612814994957e-05,5,Regular
Marvel,"ROBERTS, TED",30,9.616766739284588e-05,6.334806231827004e-06,5,Regular
Marvel,"ARMBRUSTER, COLONEL ",28,0.00010204146868613608,7.595978932849253e-06,2,Regular
Marvel,GORGON [INHUMAN],439,0.0010323248254913294,0.0020336594558064284,13,Regular
Marvel,LOCKJAW [INHUMAN],395,0.0009452719198653183,0.0009904857804687744,13,Regular
Marvel,CRYSTAL [INHUMAN],701,0.0016406986874278032,0.0031698637683894608,13,Top Node
Marvel,BLACK BOLT/BLACKANTO,444,0.0010484757397813903,0.0017515244203078453,13,Regular
Marvel,TRITON,420,0.0009840960904282038,0.001554851931331399,13,Regular
Marvel,KARNAK [INHUMAN],445,0.0010551975971649702,0.002144564742870016,13,Regular
Marvel,WARLOCK II/ADAM WARL,302,0.0007018606860539634,0.0005511614623695233,8,Regular
Marvel,ANALYZER,128,0.00029421619573501785,0.00040379887008459175,7,Regular
Marvel,MAN-BEAST,98,0.00024549360404273386,7.906146678394859e-05,5,Regular
Marvel,ABOMINATION/EMIL BLO,187,0.0005134115079259773,0.0019172120064758359,2,Regular
Marvel,RHINO,311,0.0007891386046052525,0.0014049075560169102,1,Regular
Marvel,"WILSON, JIM",72,0.000200110113694357,4.191517278129782e-05,2,Regular
Marvel,JUGGERNAUT/CAIN MARK,282,0.0006816819217998792,0.0022883570299692883,5,Regular
Marvel,PROFESSOR X/CHARLES ,1032,0.00250684943170028,0.007452985103560011,5,Top Node
Marvel,"CORBEAU, DR. PETER",206,0.00048233096820175255,0.0006533001955323903,5,Regular
Marvel,"BRICKFORD, CLAY",31,9.858281299820448e-05,4.936227663892867e-06,3,Regular
Marvel,MISSING LINK,23,8.180755724711992e-05,2.349913469724033e-06,3,Regular
Marvel,"STACY, PAUL",71,0.00023251427629717136,5.0739145097688135e-06,1,Regular
Marvel,VENOM/EDDIE BROCK,157,0.00047803896691403996,0.0005487094357449835,1,Regular
Marvel,"PARKER, MAY",488,0.0014704179232775789,0.005924424747682876,1,Regular
Marvel,"STACY, ARTHUR",95,0.00028186755151792523,3.7002517921860065e-05,1,Regular
Marvel,"STACY, JILL",158,0.0004957475414163908,0.0011054220206730568,1,Regular
Marvel,BLADE,59,0.0002534379146718042,0.00010870158176548685,2,Regular
Marvel,"ROBERTSON, JOE",643,0.0018100357280492615,0.005988608393006959,1,Top Node
Marvel,"FORTUNATO, GIACOMO J",62,0.00019645357807506568,1.011016386047828e-05,1,Regular
Marvel,MORBIUS/DR. MICHAEL ,113,0.00039312278327129655,0.0006087195981573339,1,Regular
Marvel,"LEEDS, BETTY BRANT",414,0.0011993218466532065,0.0030769553696933533,1,Regular
Marvel,KINGPIN/WILSON FISK,442,0.0013277121332490546,0.0035606193090632282,1,Regular
Marvel,"GARTH, DONNA",15,0.00010005053107663459,8.258041064975125e-05,1,Regular
Marvel,ZOMBIE/SIMON GARTH,13,8.501050272454854e-05,8.14827976111651e-05,1,Regular
Marvel,"WATSON-PARKER, MARY ",800,0.002505325426033074,0.020673421281499196,1,Top Node
Marvel,"WATSON, ANNA",277,0.0008011102593270184,0.0013385397713267775,1,Regular
Marvel,"SPAULDING, PETER",39,0.0001270723500428303,3.7584044136709666e-05,13,Regular
Marvel,MACHINE MAN/X-51,257,0.0006032586524589329,0.0006071656191448593,2,Regular
Marvel,JOCASTA,217,0.0005434203947971247,0.0015932517226106553,0,Regular
Marvel,"GARVIN, GEARS",47,0.00012693431958755208,5.121682889354658e-06,0,Regular
Marvel,ULTRON,183,0.00044208705725213047,0.0005427749836793595,0,Regular
Marvel,"CALDRONE, JAVIER",37,0.00011845206840158367,1.3814062836605682e-05,1,Regular
Marvel,"JAMESON, J. JONAH",920,0.002647476972803241,0.019793079710277075,1,Top Node
Marvel,DOLMAN,25,9.864629445648177e-05,3.88134484236306e-07,1,Regular
Marvel,"URICH, BEN",407,0.0011782069713361096,0.0031064306446917265,1,Regular
Marvel,"KWAN, TERRY",39,0.00012389977526418866,1.496377566441854e-05,1,Regular
Marvel,OVERRIDE/DR. GREGORY,63,0.00020678417839784189,8.313134271592205e-05,1,Regular
Marvel,ICEMAN/ROBERT BOBBY ,945,0.0022298783406234698,0.005971119786408021,5,Top Node
Marvel,"THOMPSON, EUGENE FLA",349,0.0010033780712961355,0.00225708372832994,1,Regular
Marvel,"THORSON, DR. WALTER",33,0.00010646923660106712,8.035540446391283e-06,1,Regular
Marvel,"MAXWELL, MORRIS",33,0.00013303458302062608,9.35627350420358e-06,1,Regular
Marvel,"LUMLEY, JUDY",13,5.830386481240759e-05,0.0,1,Regular
Marvel,"GRANT, GLORIA GLORY",266,0.0007542712169119695,0.0008367545401162747,1,Regular
Marvel,"FAIRMONT, HANNAH",86,0.00022412877343316927,6.385454724158339e-05,7,Regular
Marvel,"MCCORMICK, BARRY",7,4.042885874520838e-05,0.0,1,Regular
Marvel,TOKKOTS,31,9.996418293215924e-05,9.2901963471048e-06,7,Regular
Marvel,STAR THIEF II,9,4.341064720299602e-05,0.0,2,Regular
Marvel,GARGOYLE II/ISAAC CH,263,0.0006557334403802342,0.0006995690015193961,2,Regular
Marvel,KUBIK,37,0.0001038327502778042,3.4183775169879232e-06,8,Regular
Marvel,CLOUD,43,0.0001264496467188736,8.388260310698242e-06,2,Regular
Marvel,MANSLAUGHTER,26,8.612330110943184e-05,1.6300783880298274e-06,2,Regular
Marvel,"SOUTHERN, CANDY",169,0.0003995678347242027,0.00021370056707526908,5,Regular
Marvel,INTERLOPER,25,8.182444817330831e-05,4.346411539233363e-07,2,Regular
Marvel,MOONDRAGON/HEATHER D,574,0.0013365147717207034,0.0027380322799215465,8,Regular
Marvel,DRAGON OF THE MOON,14,5.405239305778047e-05,1.2161425902864259e-08,2,Regular
Marvel,HUMAN TORCH/JOHNNY S,1361,0.003499585942889808,0.018716664313441635,13,Top Node
Marvel,BEYONDER,236,0.0005449726525014198,0.0004145571052704125,5,Regular
Marvel,DR. OCTOPUS/OTTO OCT,232,0.0006113686516854053,0.0005861757579452723,1,Regular
Marvel,"WARD, SEN. STEWART",43,0.00012804405223561095,7.522644196654619e-06,1,Regular
Marvel,BULLSEYE II/BENJAMIN,93,0.0002944144593818195,0.0003929171703272102,5,Regular
Marvel,MISTER HYDE/CALVIN Z,208,0.0004961679545067261,0.0003703162421404009,11,Regular
Marvel,COACHWHIP,78,0.00019197024433660994,4.8121708237157176e-05,11,Regular
Marvel,COBRA/KLAUS VORHEES,235,0.0005443569938167256,0.001537201473400211,11,Regular
Marvel,ASP II/CLEO,152,0.00035288837519078506,0.00025076758982485594,11,Regular
Marvel,BUSHMASTER II/QUINCY,87,0.0002178355024680161,6.717535789876711e-05,11,Regular
Marvel,FER DE LANCE/TERESA,70,0.00017065999926631299,2.9104283690653306e-05,11,Regular
Marvel,BLACK MAMBA/TANYA SE,171,0.00039315784219446227,0.0003093626447623272,11,Regular
Marvel,BLACK RACER/,71,0.0001726001894959631,1.0012496476337625e-05,11,Regular
Marvel,ROCK PYTHON,77,0.0001873018410372975,3.476733021775556e-05,11,Regular
Marvel,ANACONDA/BLANCHE SIT,166,0.00038198963207159694,0.0003687475595949066,11,Regular
Marvel,PUFF ADDER,80,0.0001955527394839337,3.8167099056016105e-05,11,Regular
Marvel,BOOMSLANG/,80,0.0001915288833327,3.333777470987106e-05,11,Regular
Marvel,RATTLER,106,0.00025056791430545203,5.5247283407952964e-05,11,Regular
Marvel,COPPERHEAD III/DAVIS,65,0.00015947448085732181,6.387984768477908e-06,11,Regular
Marvel,"MOREAU, DAVID",50,0.00012968819323192068,1.9258145047612484e-06,5,Regular
Marvel,"RANSOME, JENNIFER AM",118,0.00028080055072571817,7.464524346302375e-05,5,Regular
Marvel,"MOREAU, PHILLIP",107,0.0002566537898102214,5.871954142191182e-05,5,Regular
Marvel,HAVOK/ALEX SUMMERS ,782,0.0019640552730581617,0.03421849111290023,5,Top Node
Marvel,WIPEOUT,47,0.00012379079922194942,1.0752058191101513e-06,5,Regular
Marvel,DAZZLER II/ALLISON B,376,0.0008725873404022718,0.0014026791872667405,5,Regular
Marvel,LONGSHOT,222,0.0005886158613387941,0.0016129481679624978,5,Regular
Marvel,"SUMMERS, MADELYNE MA",251,0.0006497853598890042,0.0009125166134312359,5,Regular
Marvel,COLOSSUS II/PETER RA,1025,0.002377561052251983,0.007899812236279063,5,Top Node
Marvel,MALICE IV,66,0.00016127598516534611,1.9731821311377946e-06,5,Regular
Marvel,"SUMMERS, NATHAN CHRI",585,0.001572766093895692,0.0055100716278561855,5,Regular
Marvel,POLARIS/LORNA DANE,564,0.0013117748600667294,0.0022242148187126844,5,Regular
Marvel,MR. SINISTER/NATHAN ,189,0.0005085969495994118,0.0005943449123414049,5,Regular
Marvel,N'ASTIRH,108,0.00025314493936479517,0.00010484528747746615,5,Regular
Marvel,GATEWAY,182,0.00043470408851642195,0.00012171514396522045,5,Regular
Marvel,"TILBY, TRISH/PATRICI",299,0.0007387038601594803,0.0015646733696965472,5,Regular
Marvel,"CONOVER, REV. WILLIA",13,5.1824164289190186e-05,0.0,5,Regular
Marvel,"CONOVER, HANNAH",13,5.1824164289190186e-05,0.0,5,Regular
Marvel,WOLFSBANE/RAHNE SINC,538,0.0012390619157454606,0.005087208248761987,5,Regular
Marvel,WARLOCK III,279,0.0006555580828751714,0.001329205120634171,5,Regular
Marvel,SUNSPOT/ROBERTO DACO,521,0.0012772309754465242,0.004760103281666741,5,Regular
Marvel,MAGIK/ILLYANA RASPUT,265,0.0005923425626519131,0.0011244462057018792,5,Regular
Marvel,MAGNETO/MAGNUS/ERIC ,526,0.0011935950039068492,0.004717941955691626,5,Regular
Marvel,CANNONBALL II/SAM GU,641,0.0016113682883558149,0.006650709678045931,5,Top Node
Marvel,MIRAGE II/DANIELLE M,398,0.0010099655013420718,0.003364098074622974,5,Regular
Marvel,S'YM,139,0.00033990004271854763,0.0002403894586855939,5,Regular
Marvel,"GRIFFITH, D.W.",89,0.00026861437361125584,0.002123033523272291,2,Regular
Marvel,MACE,9,4.8429628534970185e-05,1.3867388633606296e-06,2,Regular
Marvel,"CAGE, LUKE/CARL LUCA",607,0.0015670943355743478,0.013970578550627402,2,Regular
Marvel,PIPELINE/CORMICK GRI,111,0.00026340493160487426,6.461441725129111e-05,5,Regular
Marvel,PUNCHOUT,41,0.00011381143215811679,1.1095008520745254e-05,5,Regular
Marvel,HAWKSHAW,60,0.00015623238228277254,1.753698369013262e-05,5,Regular
Marvel,MOLECULE MAN/OWEN RE,158,0.00036487800566428047,0.00011053348081416843,8,Regular
Marvel,"JARVIS, EDWIN ",986,0.002403414713826579,0.016911855215162083,0,Top Node
Marvel,GHOST RIDER II/JOHNN,271,0.0008312090304561431,0.002200266423610677,2,Regular
Marvel,ANT-MAN/DR. HENRY J.,1082,0.002650033681354257,0.009688907882656653,0,Top Node
Marvel,"ARBOGAST, BAMBI",187,0.0005097216426837634,0.0008541466825930005,0,Regular
Marvel,EGGHEAD/PROF. ELIHAS,73,0.0001874699215879302,3.487692954817556e-05,2,Regular
Marvel,"STARR, TRIXIE TRISH",57,0.0001491613906558279,4.168754166348213e-06,2,Regular
Marvel,"STANKOWICZ, FABIAN",198,0.0004691733633852661,0.0008629510418206528,11,Regular
Marvel,HERCULES [GREEK GOD],991,0.002300121716933269,0.006176444944328116,7,Top Node
Marvel,BLACK WIDOW/NATASHA ,922,0.0023274078122169626,0.010596523735090893,0,Top Node
Marvel,MOON KNIGHT/MARC SPE,439,0.0011660237778594932,0.004341786241292657,2,Regular
Marvel,DRAX/ARTHUR DOUGLAS,303,0.0007033661846257262,0.0006699397351847667,8,Regular
Marvel,"HARDY, MORGAN MACNEI",8,4.276506462232998e-05,2.227470810497377e-06,0,Regular
Marvel,SPIDER-MAN CLONE/BEN,355,0.0011499083916061239,0.007144481521831124,1,Regular
Marvel,KAINE,131,0.00041606707734692633,0.0002776226179517218,1,Regular
Marvel,GREGOR,23,8.869257318838521e-05,9.599531995557273e-06,1,Regular
Marvel,"RAVEN, LT. JACOB",83,0.0002956786801897374,0.00010297477561045625,1,Regular
Marvel,"TREVANE, DET. CONNOR",63,0.00019598525021382473,3.0537456260968004e-06,1,Regular
Marvel,GRIM HUNTER/KRAVINOF,24,0.0001029057852207538,2.744348759906724e-06,1,Regular
Marvel,"ELLIS, KEN",128,0.0004271956170545147,0.0003016040962568602,1,Regular
Marvel,"BYRNES, GAYLE WATSON",37,0.0001227049682386302,4.2427169707618346e-06,1,Regular
Marvel,TOMBSTONE/LONNIE THO,145,0.0004720852908911149,0.0005771508660877946,1,Regular
Marvel,SPIDERCIDE,79,0.00021908538769717143,5.6172232244047144e-05,1,Regular
Marvel,JACKAL/MILES WARREN,86,0.000262578023274112,5.2918782123484566e-05,1,Regular
Marvel,JACK,16,6.67087036014901e-05,0.0,1,Regular
Marvel,"CAPUTO, DR. JULIA",37,0.0001225473136827296,1.1671230036784711e-05,1,Regular
Marvel,GUARDIAN IV,12,5.5980676656604544e-05,0.0,1,Regular
Marvel,GREEN GOBLIN IV/PHIL,77,0.0002465148271826469,2.9964803514199644e-05,1,Regular
Marvel,"STACY, GWEN (CLONE)",55,0.00016039731059022723,7.282202727587339e-06,1,Regular
Marvel,"BUCKNER, GRANT",20,7.652107659625912e-05,1.0108198153030033e-08,1,Regular
Marvel,STUNNER/ANGELINA BRA,66,0.0002044247313491845,0.00016060586279944333,1,Regular
Marvel,"TRAINER, DR. SEWARD",81,0.00025040062295458095,8.914785449420515e-05,1,Regular
Marvel,"TRAVELLER, DR. JUDAS",46,0.00014598210342905396,1.4281307482262617e-08,1,Regular
Marvel,"TOWER, BLAKE",142,0.00041023045251702085,0.00045863856283518236,1,Regular
Marvel,"LOCKER, MR.",22,8.063195587898139e-05,0.0,1,Regular
Marvel,HINDSIGHT LAD/CARLTO,86,0.0002364959404186534,0.00014780382602690907,3,Regular
Marvel,SPEEDBALL II/DARRION,105,0.0002995582664415661,0.00031567295541719357,3,Regular
Marvel,GEE/ALEX POWER,262,0.0006452250427291904,0.002062195907982,3,Regular
Marvel,TURBO II (A)/MICHIKO,244,0.0006112728924065926,0.002092994746560267,3,Regular
Marvel,BLACK CAT/FELICIA HA,301,0.0007891641001884862,0.0024522584743553928,1,Regular
Marvel,D'SPAYRE,94,0.0002864544666119666,0.00032896560571610755,2,Regular
Marvel,"PROUST, PAUL",17,8.865666177088874e-05,2.0378383282618175e-05,1,Regular
Marvel,MACHETE/FERDINAND LO,36,0.00010994163340865233,4.4664431392623797e-05,3,Regular
Marvel,ZARAN/MAXIMILLIAN ZA,68,0.0002060593437035588,0.0002432428581639321,5,Regular
Marvel,SILVER SABLE,200,0.0005340177375782258,0.0004895062018765815,1,Regular
Marvel,TRICKSHOT,16,6.793352532240853e-05,6.102998937142084e-07,0,Regular
Marvel,SWORDSMAN/JACQUES DU,156,0.00036475288648385646,0.00011206871887920643,0,Regular
Marvel,SANDMAN/WILLIAM BAKE,377,0.0009264514245565633,0.0017996086531493335,1,Regular
Marvel,"PEREGRINE, LE/FRANCK",137,0.0003131168216676895,7.505843858573584e-05,2,Regular
Marvel,RED SKULL II/ALBERT ,28,8.785972605334042e-05,2.872936062916018e-06,1,Regular
Marvel,GUDRUN [ASGARDIAN],35,9.748220798134338e-05,1.3386407892920816e-06,7,Regular
Marvel,VOLSTAGG,350,0.000825641561652359,0.002161496809200758,7,Regular
Marvel,HOGUN [ASGARDIAN],393,0.0009153212216780379,0.002602797056556924,7,Regular
Marvel,FANDRAL [ASGARDIAN],393,0.0009157693258588065,0.002607550994868485,7,Regular
Marvel,VIZIER,189,0.00044791791571656967,0.0005062637235141691,7,Regular
Marvel,ODIN [ASGARDIAN],423,0.0010204663579770758,0.00436031962042308,7,Regular
Marvel,DOMINO III/BEATRICE/,333,0.0009280560405601732,0.0015300169310086184,5,Regular
Marvel,HYDROMAN/MORRIE BENC,214,0.0005235156920517732,0.00018673803631158065,1,Regular
Marvel,STILT-MAN/WILBUR DAY,130,0.0003521821407976526,0.0006301317815106493,1,Regular
Marvel,BLOCKADE/DEXTER PARI,29,0.0001175706532473295,2.2374411417919728e-05,5,Regular
Marvel,"MERRYWEATHER, IRENE",149,0.0005357415381510651,0.0009838948515595773,5,Regular
Marvel,BLAQUESMITH,163,0.0005002833134380206,0.000721503200161002,5,Regular
Marvel,"WORTHINGTON, KATHRYN",31,9.556760327799439e-05,7.968137388216836e-07,5,Regular
Marvel,"WORTHINGTON, WARREN ",28,9.290344171199597e-05,3.6990696096887433e-06,5,Regular
Marvel,VULTURE/ADRIAN TOOME,193,0.00048282371127389293,0.0002754089145761854,1,Regular
Marvel,VULTURE II/BLACKIE D,15,6.012614836525955e-05,0.0,1,Regular
Marvel,"OSBORN, HARRY",243,0.0006472201969476903,0.0003953867770112257,1,Regular
Marvel,"STACY, CAPT. GEORGE",61,0.0001779854877165837,1.2124152447571706e-05,1,Regular
Marvel,"STACY, GWEN",88,0.00025446228156230955,3.443575589785738e-05,1,Regular
Marvel,GREEN GOBLIN/NORMAN ,262,0.000739404200709993,0.002227505854609321,1,Regular
Marvel,SILVERMANE/SILVIO MA,151,0.00040469768273957476,0.00020753534203741782,1,Regular
Marvel,GREEN GOBLIN III/BAR,18,6.895774836529958e-05,2.6209189622869467e-08,1,Regular
Marvel,"PULASKI, JOSEPHINE J",9,4.632574922294013e-05,0.0,1,Regular
Marvel,"SHIFFMAN, MAXIE",21,8.143128409281579e-05,1.5918228517746918e-06,1,Regular
Marvel,"OSBORN, LIZ ALLAN",321,0.0008791658251454536,0.0012508227130442887,1,Regular
Marvel,"MCKEEVER, TINY",48,0.00014438403690603818,2.889337080479108e-05,1,Regular
Marvel,"IONELLO, JASON",54,0.00016188382624594263,3.4451386732936195e-05,1,Regular
Marvel,GLADIATOR II,222,0.0005110243061142177,0.00039846623318992255,0,Regular
Marvel,"RICHARDS, FRANKLIN B",635,0.0015189176522078765,0.0017285919962803638,13,Top Node
Marvel,ARISHEM [CELESTIAL],171,0.0003963824530774483,0.0001833868167884325,7,Regular
Marvel,ZIRAN,152,0.0003501775068906223,0.00010881575545832149,7,Regular
Marvel,GAMMENON [CELESTIAL],138,0.0003188086913098336,0.00012197819557505422,7,Regular
Marvel,ONE ABOVE ALL [CELES,122,0.00027905682987673544,3.1307050801786216e-05,7,Regular
Marvel,WONG,444,0.0012666412252507046,0.0037195932765037762,2,Regular
Marvel,CLEA,246,0.0007415962708192168,0.0014044727097181466,2,Regular
Marvel,UMAR,84,0.00025986622645455144,0.00014645343775601937,2,Regular
Marvel,"ALRAUNE, MARLENE",85,0.0002951051639438895,0.0003116071448051196,1,Regular
Marvel,JESTER/JONATHAN POWE,26,9.803092456453624e-05,8.105843542423293e-06,1,Regular
Marvel,DAREDEVIL/MATT MURDO,967,0.0028209170061638087,0.04001814778173503,1,Top Node
Marvel,NEDDA,14,7.82139302621227e-05,7.06797909261541e-06,1,Regular
Marvel,"LANDERS, GENA",33,0.00014116686747717096,7.95073567394426e-05,1,Regular
Marvel,"CRAWLEY, BETRAND",41,0.0001523750196688908,0.0001151164196617962,1,Regular
Marvel,"MANOLIS, LT. NICK",38,0.00012554144807160766,7.7031822364684e-06,1,Regular
Marvel,FRENCHIE/JEAN-PAUL D,123,0.00041307314295325407,0.0008557482326414286,1,Regular
Marvel,"BUSHMAN, RAOUL",25,0.00015119286811002372,3.5286843210184524e-05,1,Regular
Marvel,"LANDERS, RICKY",14,8.563374822616963e-05,0.0,1,Regular
Marvel,SAMUELS,13,7.396003809386243e-05,6.727897691656183e-07,1,Regular
Marvel,"LANDERS, RAY",14,8.563374822616963e-05,0.0,1,Regular
Marvel,"MASTERS, ALICIA REIS",438,0.0011335987638740625,0.00274303380075703,13,Regular
Marvel,FEAR EATER/KKALLAKKU,18,7.766404112536225e-05,1.684119773767557e-06,2,Regular
Marvel,LURKING UNKNOWN,17,6.680455976044322e-05,1.7441341544966016e-06,2,Regular
Marvel,"WOLFE, SARA",98,0.0003064073198226364,0.00015324082041894398,2,Regular
Marvel,DWELLER IN DARKNESS,33,0.0001172042882496006,3.810901478995336e-05,2,Regular
Marvel,SCARECROW II,17,6.992657228511946e-05,8.316612985828998e-06,2,Regular
Marvel,NOX,16,7.211263562842903e-05,3.332570501426508e-07,2,Regular
Marvel,RINTRAH,146,0.00040118620954893673,0.00040308032871468763,2,Regular
Marvel,PHOBOS,12,5.847070312378336e-05,0.0,2,Regular
Marvel,DEIMOS,12,5.847070312378336e-05,0.0,2,Regular
Marvel,"CHANG, IMEI",73,0.0002406464515236889,0.00012607487770612664,2,Regular
Marvel,TOPAZ,63,0.000245303155395555,9.559274064186724e-05,2,Regular
Marvel,DR. DRUID/ANTHONY LU,481,0.0011039068415444895,0.005300270603664495,8,Regular
Marvel,BARON BLOOD II/VICTO,38,0.0001261249723201389,9.013389531789267e-06,2,Regular
Marvel,"BLESSING, MORGANA",60,0.00019384559645943878,3.906651139052373e-05,2,Regular
Marvel,PIP/PRINCE GOFERN,229,0.0005277370308125735,0.0003226468638827683,8,Regular
Marvel,GAMORA,229,0.000514411830740509,0.00025579405086983373,8,Regular
Marvel,FRANKENSURFER/BORGO,5,3.843164216967291e-05,3.793547306843036e-07,0,Regular
Marvel,"VON FRANKENSTEIN, BA",9,4.888970656781756e-05,1.4444606911314402e-06,0,Regular
Marvel,DRACULA/VLAD TEPES,150,0.0005070436358425164,0.0015857166146390942,2,Regular
Marvel,DR. DOOM/VICTOR VON ,648,0.0017921545660653155,0.0063702910122285655,8,Top Node
Marvel,CERBERUS,41,0.0001167091468850388,3.4313023693060755e-06,7,Regular
Marvel,HELA [ASGARDIAN],292,0.0006797537328633956,0.00205873709412137,7,Regular
Marvel,FIRELORD/PYREUS KRIL,206,0.0004807469930816336,0.0005228995035021155,7,Regular
Marvel,AGAMOTTO,40,0.00014813500989922275,4.017830923261978e-05,2,Regular
Marvel,SILVER DAGGER/ISAIAH,32,0.00011198975565041098,1.939860141256803e-05,2,Regular
Marvel,"CAESAR, JULIUS",7,4.443705878496624e-05,0.0,8,Regular
Marvel,ZOTA,8,4.769994839712736e-05,0.0,8,Regular
Marvel,THANOS,374,0.0009124370949193748,0.0029382473098952685,8,Regular
Marvel,CLEOPATRA,8,4.769994839712736e-05,0.0,8,Regular
Marvel,MEPHISTA,15,6.561426647270199e-05,8.058017727639e-08,2,Regular
Marvel,MEPHISTO,395,0.001029218338575647,0.0032991136176433672,7,Regular
Marvel,SATANNISH,61,0.00018714098358952886,0.00014697180043255994,0,Regular
Marvel,"SLOAN, DR.",55,0.00015709156315083184,5.636149377353976e-06,1,Regular
Marvel,HOBGOBLIN III/LEFTY ,10,4.7541186363312977e-05,0.0,1,Regular
Marvel,HOBGOBLIN II/RODERIC,134,0.000356065918911699,8.784555009876974e-05,1,Regular
Marvel,FROG-MAN II/EUGENE P,34,0.00011583457568015525,1.438019463184538e-05,1,Regular
Marvel,"LUBENSKI, NATE",148,0.0003870887880195249,0.0001373209530096552,1,Regular
Marvel,FOREIGNER/RAFAEL BAS,127,0.00033898746959935345,0.00014575283707763108,1,Regular
Marvel,"BANNON, LANCE",137,0.0003538147395188553,5.6678681151527816e-05,1,Regular
Marvel,"MUGGINS, MAMIE",107,0.00027532348112820364,2.7305368494021613e-05,1,Regular
Marvel,THINKER,215,0.0005200535707874659,0.00047481418375887313,3,Regular
Marvel,"HOCHBERG, ROGER",51,0.00015143204645722488,1.7411156823379088e-05,1,Regular
Marvel,LIZARD/DR. CURTIS CO,161,0.0004600961828198637,0.0008148315355464228,1,Regular
Marvel,"KINGSLEY, DANIEL",49,0.000137778992751807,4.110035029679996e-06,1,Regular
Marvel,"JAMESON, MARLA MADIS",251,0.0007007894539356906,0.0010455619026636669,1,Regular
Marvel,"COUNT NEFARIA, LUCHI",140,0.0003521501544888729,0.0002881853455527916,0,Regular
Marvel,PLANTMAN/SAM SMITHER,169,0.000407846892407322,0.00012553555250363922,2,Regular
Marvel,SCARECROW/EBENEZER L,97,0.00025488763396635324,6.382919154919914e-05,2,Regular
Marvel,ZELDA,37,0.00010879951216204533,6.223606740254255e-06,5,Regular
Marvel,EEL/LEOPOLD STRYKE,89,0.0002205708745620436,2.6950699874912772e-05,2,Regular
Marvel,"CANTOR, VERA",125,0.0003156400770708872,0.00010891102672070964,5,Regular
Marvel,PORCUPINE/ALEX GENTR,140,0.0003256971853223389,3.5090818826907325e-05,2,Regular
Marvel,UNICORN/MYLOS MASARY,84,0.00020847486488693233,1.4036676311122962e-05,0,Regular
Marvel,"HENDERSHOOT, COLONEL",23,7.154617954230311e-05,2.4934232021455994e-07,5,Regular
Marvel,"FREDERICKS, GENERAL",47,0.00012694627452757812,6.303356176425216e-06,5,Regular
Marvel,PENANCE/MONET ST. CR,163,0.0004527246888543061,0.0005928994321858656,5,Regular
Marvel,SUPREME ONE,10,4.7074684079823485e-05,1.275952881611988e-08,5,Regular
Marvel,LUCIFER,26,8.463957822721268e-05,4.974402437762728e-06,5,Regular
Marvel,UNUS THE UNTOUCHABLE,100,0.00024842531030742654,4.5358850980001664e-05,5,Regular
Marvel,DOMINUS,8,4.247356358750588e-05,0.0,5,Regular
Marvel,MIMIC/CALVIN RANKIN,111,0.00027612520949580786,7.04011386432314e-05,5,Regular
Marvel,KUKULCAN/VIRAKO/QUET,41,0.00011720826004205567,5.030582153397884e-06,7,Regular
Marvel,TOLOC,11,5.018226990176411e-05,0.0,5,Regular
Marvel,RAMON,11,5.018226990176411e-05,0.0,5,Regular
Marvel,EL TIGRE,15,5.934297947197927e-05,6.839891112009355e-07,5,Regular
Marvel,PUPPET MASTER/PHILLI,226,0.0005416617102052156,0.0012277314088180236,8,Regular
Marvel,LOCUST,13,5.24082463199226e-05,0.0,2,Regular
Marvel,BANSHEE/SEAN CASSIDY,502,0.0012251448427445996,0.006304311473167852,5,Regular
Marvel,OGRE,81,0.00020569558731013254,2.2592720791465095e-05,11,Regular
Marvel,SUPER-ADAPTOID/ALESS,108,0.00025984509737314365,8.862869144662388e-05,11,Regular
Marvel,LIVING MUMMY,118,0.00026855995124441074,3.370029827056806e-06,2,Regular
Marvel,HUMAN TORCH ANDROID/,343,0.0008831180664967116,0.0023083627846695073,2,Regular
Marvel,BUCKY/BUCKY BARNES,128,0.0004207890416515694,0.0005617967219841447,2,Regular
Marvel,"DEAN, BETTY",10,5.114720765685055e-05,0.0,2,Regular
Marvel,U-MAN/MERRANO,74,0.0002017310585289696,0.00021816227302931074,2,Regular
Marvel,"CHURCHILL, SIR WINST",31,0.00011120323300572443,5.398043603885245e-06,2,Regular
Marvel,TORO/TOM RAYMOND,116,0.0003564674706340537,0.00017990370819390183,2,Regular
Marvel,SPITFIRE/LADY JACQUE,107,0.00036552859869093727,0.0005231859793055553,2,Regular
Marvel,WHIZZER/ROBERT L. FR,203,0.0004800149681559138,0.0009681858563516135,2,Regular
Marvel,RED SKULL/JOHANN SCH,255,0.0006792045625382064,0.0012911552435237424,11,Regular
Marvel,BARON STRUCKER/WOLFG,206,0.0006319849911049936,0.0035695238114280764,11,Regular
Marvel,"PRENTISS, BETTY DEAN",37,0.0001150766876372157,7.344781316323931e-06,2,Regular
Marvel,"HORTON, PROFESSOR PH",55,0.0001527383151503205,1.8325867542596133e-05,0,Regular
Marvel,"FITZPATRICK, WILL",14,5.932255399590473e-05,1.4163627725231711e-06,2,Regular
Marvel,UNION JACK II/BRIAN ,56,0.00018971258621221972,0.0001245844037785299,2,Regular
Marvel,JACK FROST/,35,0.00011545930230218585,1.663092153970322e-05,2,Regular
Marvel,MISS AMERICA/MADELIN,61,0.00017459242016149766,0.0001439364769487892,2,Regular
Marvel,THIN MAN/BRUCE DICKS,31,0.00010314795458076141,1.0682459452192636e-05,2,Regular
Marvel,RED RAVEN,48,0.00014393234804926136,3.394642643478344e-05,2,Regular
Marvel,"KRIEGHUND, COL.",16,6.623525701877419e-05,0.0,2,Regular
Marvel,PATRIOT/JEFF MACE,26,9.15060563490982e-05,2.45690208504215e-06,2,Regular
Marvel,BLUE DIAMOND/PROFESS,35,0.00011747863942568936,5.4999769885155905e-05,2,Regular
Marvel,UNION JACK/LORD MONT,44,0.00017128414217011862,2.9662734532161645e-05,2,Regular
Marvel,BARON BLOOD/JOHN FAL,60,0.00016830667308822826,0.00018769124887028213,2,Regular
Marvel,ZAWADI,20,8.336262978401234e-05,5.587905996009468e-07,13,Regular
Marvel,BLOODSTONE/ULYSSES B,43,0.00018729147026340235,0.00028236264184767644,13,Regular
Marvel,GORGILLA,32,0.00010431098622908601,0.0003054861018709723,2,Regular
Marvel,GROTTU,6,3.9490462558849665e-05,0.0,13,Regular
Marvel,MOLE MAN/HARVEY RUPE,296,0.0007406785882282877,0.003150581415316159,8,Regular
Marvel,MAKKARI/MIKE KHARY/I,299,0.0007159928359537761,0.0030009104905478015,7,Regular
Marvel,"ZINOVIEV, IVAN",8,4.3749894946573084e-05,0.0,7,Regular
Marvel,KRO [DEVIANT],145,0.00035751860144101453,0.0010949238645163288,7,Regular
Marvel,VALKIN,81,0.00020823915406673358,0.00023784018151707984,7,Regular
Marvel,GIGANTUS,18,6.678570161692833e-05,0.0003307509592989903,13,Regular
Marvel,"GEORGE, DAVID LLOYD",8,4.400976375360572e-05,0.0,2,Regular
Marvel,"DELGADO, FATHER",49,0.00014174377746169545,2.6401140531222364e-05,5,Regular
Marvel,CLOAK/TYRONE JOHNSON,275,0.0007148767189890319,0.00121926403241121,1,Regular
Marvel,MAYHEM/DET. BRIGID O,54,0.0001642068839897072,3.0610007854301085e-05,5,Regular
Marvel,DAGGER/TANDY BOWEN,250,0.0006713686128851561,0.004090448011306263,1,Regular
Marvel,HEATER DELIGHT,6,3.5314003974157884e-05,0.0,8,Regular
Marvel,STARFOX/EROS,457,0.0010385789349497824,0.0011455375161216553,7,Regular
Marvel,RADIOACTIVE MAN/DR. ,134,0.0003240117689803194,0.00035656809272156527,0,Regular
Marvel,MANDARIN,221,0.0005632815934565051,0.0014563232540284075,0,Regular
Marvel,TAURUS/CORNELIUS VAN,48,0.0001318771623913196,1.2282470572047826e-06,0,Regular
Marvel,"ERWIN, MORLEY",73,0.00019462394580900132,5.951904789722995e-05,0,Regular
Marvel,SIF,380,0.0009003245819490779,0.0016119681250800653,7,Regular
Marvel,VOLLA,44,0.00011880078149504548,3.686232535232464e-06,7,Regular
Marvel,"CASE, COL. PRESTON",39,0.00010999548958799384,3.2798886913530775e-06,7,Regular
Marvel,PERRIKUS,45,0.00013298626352089193,2.8644060685752588e-05,7,Regular
Marvel,"BRADLEY, HANK",16,5.830465994257119e-05,0.0,7,Regular
Marvel,"COLLINS, DEMITRIUS",66,0.0001767483749737157,4.5600764472009314e-05,7,Regular
Marvel,"KINCAID, DR. JANE FO",263,0.0006320172161733468,0.001399271696601843,7,Regular
Marvel,DESTROYER III,131,0.000323359355762982,0.00017883819865169908,7,Regular
Marvel,"FAIRMONT, AMANDA MAN",49,0.00013615428465672263,1.503400265802885e-05,7,Regular
Marvel,"FURY, COL. NICHOLAS ",922,0.0026072236923996572,0.01722651640890267,2,Top Node
Marvel,AQUARIUS II/,22,7.352236381017073e-05,4.3328208043791315e-08,0,Regular
Marvel,LEO/DANIEL RADFORD,41,0.00011621220738567423,9.159853464692683e-07,0,Regular
Marvel,VIRGO/ELAINE MCLAUGH,42,0.00011857541478532303,1.1937023365554682e-06,0,Regular
Marvel,ARIES II/GROVER RAYM,66,0.0001749084338005705,3.989204699218613e-06,0,Regular
Marvel,SCORPIO II,21,7.10785845802321e-05,0.0,0,Regular
Marvel,PISCES/NOAH PERRICON,41,0.00011621220738567423,9.159853464692683e-07,0,Regular
Marvel,GEMINI/JOSHUA LINK,68,0.00018145746452991634,1.743866457012993e-05,0,Regular
Marvel,CANCER/JACK KLEVENO,42,0.00011857541478532303,1.1937023365554682e-06,0,Regular
Marvel,SAGITTARIUS/HARLAN V,86,0.00021514574108313008,1.1975465024221251e-05,0,Regular
Marvel,LIBRA/GUSTAV BRANDT,125,0.000319764446015413,0.00019173605046587317,0,Regular
Marvel,CAPRICORN/WILLARD WE,50,0.00013981146408930027,5.4768300742406745e-06,0,Regular
Marvel,VIBRO/DR. FRANCIS VI,26,8.691037327857514e-05,1.8644958320722765e-06,0,Regular
Marvel,BROTHERS GRIMM II/BA,91,0.00023791905588039423,0.00017377182460128518,0,Regular
Marvel,MORLEY,15,5.700282584193519e-05,9.188329304569234e-07,0,Regular
Marvel,"STANE, OBADIAH",42,0.0001234738112767925,6.446973389755133e-06,0,Regular
Marvel,MASTER MOLD II,200,0.0005292335951555723,0.0010420911141736532,5,Regular
Marvel,MASTER MOLD III,11,5.5382424248333844e-05,3.709879865427381e-07,5,Regular
Marvel,"GILBERTI, ROSE",11,5.5382424248333844e-05,3.709879865427381e-07,5,Regular
Marvel,"CREED, GRAYDON",77,0.00020756080249327943,4.329674647974284e-05,5,Regular
Marvel,"BRIDGE, GEORGE WASHI",281,0.0007775251396885463,0.0016434274371170932,11,Regular
Marvel,"KRAGG, GEN.",7,4.37102113482282e-05,0.0,5,Regular
Marvel,"BRICKMAN, SEN. MILES",50,0.00015518456443695559,3.763659220681951e-05,5,Regular
Marvel,MAJESTON ZELIA,38,0.00011705003048300544,1.6532366599231346e-05,7,Regular
Marvel,ADVA,38,0.00011705003048300544,1.6532366599231346e-05,7,Regular
Marvel,"DIAMOND, CHUCKY",11,4.875479924739371e-05,0.0,7,Regular
Marvel,"KINCAID, DR. KEITH",157,0.000369207934694645,0.000194189646892599,7,Regular
Marvel,"FERRARI, CONNIE",42,0.0001528468467529076,6.443986411419868e-05,0,Regular
Marvel,"CHAKARA, KANU",15,7.779855862063463e-05,4.521802288829887e-06,0,Regular
Marvel,"CHAKARA, MADAN",4,4.212614590155513e-05,0.0,0,Regular
Marvel,"MOSLEY, WARDEN",4,4.212614590155513e-05,0.0,0,Regular
Marvel,KLAW/ULYSSES KLAW,268,0.0006333784548351735,0.0007896764975330601,11,Regular
Marvel,LYJA LAZERFIST [SKRU,258,0.0005956522226709606,0.0002647789456396393,13,Regular
Marvel,DEVLOR,88,0.00024832375251226615,0.0001432863484352061,13,Regular
Marvel,VIBRAXAS/N'KANO,118,0.00033086073548440736,0.0002679084725584479,13,Regular
Marvel,"RICHARDS, NATHANIEL",108,0.0002685170936364592,4.284590238935274e-05,13,Regular
Marvel,PSI-LORD/FRANKLIN BE,85,0.00024367110982798378,0.00012681265216254737,13,Regular
Marvel,ANT-MAN II/SCOTT HAR,410,0.0009756509056681255,0.0037899987370743396,13,Regular
Marvel,KRISTOFF/KRISTOFF VE,147,0.0003583605224110638,0.00021225626702810316,13,Regular
Marvel,HUNTARA/MARY ELIZABE,90,0.0002441193070669908,0.00016042645392057823,13,Regular
Marvel,WHITE TIGER/HECTOR A,96,0.0002711737902360595,0.00010988131670943721,1,Regular
Marvel,SHA SHAN,101,0.0002734989036781574,5.621670863753386e-05,1,Regular
Marvel,TARANTULA/ANTON MIGU,40,0.00012178143853438779,8.643266337707548e-06,1,Regular
Marvel,LIGHTMASTER/EDWARD L,30,9.44662533726786e-05,4.824081529808243e-07,1,Regular
Marvel,KRAVEN THE HUNTER/SE,141,0.00035047760475738813,0.000332526675110622,1,Regular
Marvel,MORGAN,67,0.00019066711617574656,5.023851551533864e-05,2,Regular
Marvel,HITMAN/LT. BURT KENY,14,5.8363056221677355e-05,7.48395440176262e-09,1,Regular
Marvel,"KLINE, MR.",20,8.835356481631253e-05,1.0671349807652955e-05,0,Regular
Marvel,"CRANDAL, BEN",8,5.3802380683704934e-05,0.0,0,Regular
Marvel,GUARDSMAN/KEVIN O'BR,33,0.00011911233913016253,1.7132186444746796e-05,0,Regular
Marvel,"RODGERS, MARIANNE",78,0.0002288457193211934,4.1852764507795285e-05,0,Regular
Marvel,"SITWELL, JASPER",204,0.0005485456140337301,0.0005804280587211608,0,Regular
Marvel,SLASHER,13,0.00010256395403033348,1.637381310744457e-05,0,Regular
Marvel,DEMITRIUS,6,4.7438331626598065e-05,0.0,0,Regular
Marvel,"BYRD, SEN. HARRINGTO",42,0.000148108086342605,1.2165572090328936e-05,0,Regular
Marvel,WHITE DRAGON,10,4.647368647245071e-05,0.0,0,Regular
Marvel,NIGHT PHANTOM II,5,3.723952452914352e-05,0.0,0,Regular
Marvel,KA-ZAR/KEVIN PLUNDER,330,0.0008143794363844817,0.0013991746876560445,2,Regular
Marvel,"BILLUPS, AGENT",25,9.69588303171495e-05,1.8745949608517197e-05,2,Regular
Marvel,PROTOCIDE/PRIVATE CL,25,9.237181192451774e-05,2.5503021804501943e-05,2,Regular
Marvel,ZABU,242,0.0006221138798882622,0.0006919203351783099,5,Regular
Marvel,"PLUNDER, ADAM KYLE M",60,0.0001758794006098058,5.056745738770073e-05,5,Regular
Marvel,"MANNING, DR.",13,5.794605032011972e-05,1.2221256645537624e-06,2,Regular
Marvel,SHANNA/SHANNA O'HARA,279,0.0007742680225002464,0.0016904732133253427,2,Regular
Marvel,FIREBRAND/GARY GILBE,62,0.00016299680287061772,9.672810110550194e-06,11,Regular
Marvel,"RAMIREZ, JAVIER",36,0.0001315459333837463,0.00011086250939531073,0,Regular
Marvel,DAYTRIPPER/AMANDA SE,233,0.0005677037051383069,0.0004981585817735336,5,Regular
Marvel,NIGHTCRAWLER/KURT WA,857,0.002104913371263399,0.008360837231160406,5,Top Node
Marvel,GOG III,29,9.092545492971592e-05,2.157771706933141e-06,5,Regular
Marvel,MAGOG II,29,9.092545492971592e-05,2.157771706933141e-06,5,Regular
Marvel,ARIZE,35,0.00010748177685251519,5.243902786230245e-06,5,Regular
Marvel,QUARK,22,8.76925536055643e-05,1.0565823322548204e-05,5,Regular
Marvel,MOJO,102,0.000259729398146747,7.733450555401975e-05,5,Regular
Marvel,GAMBIT/REMY LEBEAU ,611,0.001605114680337114,0.012997365523131497,5,Regular
Marvel,MAJOR DOMO,76,0.00020454466323732175,7.88706112821275e-05,5,Regular
Marvel,FORGE,477,0.0011179472617724054,0.0029532084418998077,5,Regular
Marvel,"SHAW, SHINOBI",100,0.0002534232808173424,0.0003877161458277828,5,Regular
Marvel,BISHOP /,359,0.0009625018913153055,0.0030897090295992236,5,Regular
Marvel,"KINE, BENEDICT",17,6.33970404241105e-05,1.8434204167216845e-06,5,Regular
Marvel,"PAYGE, REEVA",11,4.948502372036246e-05,0.0,5,Regular
Marvel,"KAUR, BENAZIR",11,4.948502372036246e-05,0.0,5,Regular
Marvel,"VAUGHAN, MRS.",33,0.00010097492188704921,3.3057884900253095e-06,7,Regular
Marvel,"BETELHEIM, NORMA",6,3.853346711626071e-05,0.0,7,Regular
Marvel,QUASAR III/WENDELL V,731,0.001678161107853731,0.00493373349043232,7,Top Node
Marvel,ORIGIN/PHYLLIS TWOMB,29,9.062547516502334e-05,9.507542037388849e-06,7,Regular
Marvel,"VAUGHAN, GAYLE",18,6.629443890629263e-05,7.919626481225103e-07,7,Regular
Marvel,"BALLANTINE, KAYLA",225,0.0005391425464770354,0.0009726471729981171,7,Regular
Marvel,UNBEING/BILLY BETELH,22,7.481576351026252e-05,2.5863481931323514e-06,7,Regular
Marvel,WHIZZER II/STANLEY S,172,0.00041929821441850305,0.000570381140079416,7,Regular
Marvel,ARCANNA/ARCANNA JONE,152,0.0003797789347196448,0.0004371991118306769,7,Regular
Marvel,KRONOS,100,0.00023345916364021465,2.7759109685832933e-05,7,Regular
Marvel,EON,130,0.00031907050503008575,0.00011902927709914383,7,Regular
Marvel,DR. SPECTRUM/JOSEPH ,180,0.0004496543408566366,0.000659007736012075,7,Regular
Marvel,"TANAKA, KENJIRO",166,0.00040725736310248645,0.0005565293966581277,7,Regular
Marvel,LADY LARK/LINDA LEWI,133,0.0003397570574138859,0.00037154282006322245,7,Regular
Marvel,"GARFIELD, MURRAY",21,6.687616487687162e-05,0.0,7,Regular
Marvel,SHAPE,98,0.00025665186659545636,0.00018729857880427295,7,Regular
Marvel,HYPERION,189,0.0004727548743616699,0.0006728086850404346,7,Regular
Marvel,SERGEI,141,0.0003325548372502319,0.000123642624291501,7,Regular
Marvel,MAELSTROM/MALCOLM ST,118,0.00027600975261644434,4.987280019895987e-05,7,Regular
Marvel,JACK OF HEARTS/JACK ,332,0.0007720715450223196,0.0009613427383967582,2,Regular
Marvel,POWER PRINCESS/ZARDA,120,0.0003090336616728343,0.0002526810808110891,7,Regular
Marvel,"LACOSTE, RAE",60,0.00021290942271536437,0.0001802143827305281,0,Regular
Marvel,"RHODES, MR.",12,7.837528930470413e-05,0.0,0,Regular
Marvel,LOCOMOTIVE BREATH/LA,17,9.325950575705442e-05,8.436177903382769e-06,0,Regular
Marvel,GUNSHIP/CARY ROUNTRE,12,7.837528930470413e-05,0.0,0,Regular
Marvel,"JOSEPH, SHEVA",34,0.00016471191496810806,4.7009351915247956e-05,0,Regular
Marvel,"MANTONE, JORGE",8,6.026831541686404e-05,0.0,0,Regular
Marvel,SANCTION/AARON,12,7.837528930470413e-05,0.0,0,Regular
Marvel,"SEGAR, OWEN",12,7.837528930470413e-05,0.0,0,Regular
Marvel,DRAGONFLY/VERONICA D,167,0.00038590148405930633,0.0001677503757529952,11,Regular
Marvel,OVERMIND/GROM,69,0.0001764098029012761,9.922813750397323e-06,7,Regular
Marvel,4-D MAN/MERCURIO,72,0.00017934189425160413,0.000254388178790649,7,Regular
Marvel,BI-BEAST II,66,0.00017142500341756292,2.7649828364803816e-05,2,Regular
Marvel,EGO-PRIME,50,0.0001298155277556052,2.811060246593436e-06,7,Regular
Marvel,STRANGER,140,0.00033071331377937065,7.052492565283156e-05,7,Regular
Marvel,JAKAR,37,0.00011404424267776026,1.8584808234768995e-05,7,Regular
Marvel,SHANGA,26,7.847878888394556e-05,0.0,7,Regular
Marvel,CHARM,86,0.00020974462011775997,2.758514511390089e-05,7,Regular
Marvel,TRUTH,86,0.00020974462011775997,2.758514511390089e-05,7,Regular
Marvel,BEAUTY,86,0.00020974462011775997,2.758514511390089e-05,7,Regular
Marvel,HAYWIRE/,60,0.0001586672155868732,4.880044763595597e-05,7,Regular
Marvel,STARDUST/T'URIN G'AR,30,8.737319147827138e-05,0.0,7,Regular
Marvel,ROCKET RACCOON,31,0.00011449079739564856,7.178292718002107e-06,7,Regular
Marvel,KRAKOA,36,0.00010043963240297527,4.797763624014919e-06,7,Regular
Marvel,TEN FOR,88,0.00020736515319201096,1.2710955908226595e-05,0,Regular
Marvel,DIAMONDHEAD/DYKER,78,0.0002085603417644192,2.2661073293839258e-05,3,Regular
Marvel,FLASH/BARRY ALLEN/BU,18,6.06565987982781e-05,0.0,7,Regular
Marvel,SUPER SABRE/MARTIN F,106,0.0002591777215599972,5.3189055280597023e-05,5,Regular
Marvel,WHIZZER III/JAMES SA,148,0.000366446375845388,0.0002301638180813479,1,Regular
Marvel,RUNNER,64,0.00015907845043663818,5.5421337442702995e-06,8,Regular
Marvel,CAPTAIN MARVEL II/MO,531,0.0011869833847421153,0.0009065163324113198,7,Regular
Marvel,HALFLIFE,6,3.570751519853593e-05,0.0,7,Regular
Marvel,ATLAS,74,0.0001861027692541039,2.9637955207532827e-05,0,Regular
Marvel,MINERVA [KREE],76,0.00019101199181591324,4.170280950376681e-05,0,Regular
Marvel,CAPTAIN BRITAIN/BRIA,460,0.0011872965778093078,0.004526107691417552,5,Regular
Marvel,USAGENT/CAPTAIN JOHN,585,0.0014578435300985019,0.004723492436949283,0,Regular
Marvel,MEGGAN,316,0.0007575843848908028,0.001248842840642787,5,Regular
Marvel,WIDGET,128,0.0003093958053213165,0.00023901955830415398,5,Regular
Marvel,MODRED THE MYSTIC,97,0.00027312614625027616,0.00013908910481716367,8,Regular
Marvel,PHOENIX III/RACHEL S,397,0.0009614479881525495,0.0031310768297047164,5,Regular
Marvel,REJECT/RAN-SAK [DEVI,132,0.00032434182717758274,0.00015275757280775555,7,Regular
Marvel,MASTER ELO,12,4.983476773196891e-05,0.0,7,Regular
Marvel,TUTINAX,28,8.873560400640031e-05,6.7436789451997885e-06,7,Regular
Marvel,BLOOD BROTHERS,106,0.00025028935384718414,6.541878073992512e-05,0,Regular
Marvel,ELO,12,4.983476773196891e-05,0.0,7,Regular
Marvel,SUNDOWN/DR. DAVE LOW,34,0.00011071168960435324,2.3170897777926626e-05,1,Regular
Marvel,VANISHER,159,0.0003802247059794972,0.0001951400470139194,5,Regular
Marvel,"D'ANGELO, LIEUTENANT",39,0.00012766279613110113,1.37778096527667e-05,1,Regular
Marvel,NOVA II/FRANKIE RAYE,304,0.0007141212036117787,0.0007511346626495848,8,Regular
Marvel,OBLITERATOR [ELDER],17,6.053289292829966e-05,0.0,8,Regular
Marvel,SHALLA BAL II,40,0.00012528216001169196,1.9258070485999125e-05,8,Regular
Marvel,CONTEMPLATOR/TATH KI,84,0.000208169719596258,4.1487976394886964e-05,8,Regular
Marvel,BOUNTY II,49,0.0001490607286660118,3.623148146428867e-05,13,Regular
Marvel,BLOODY MARY,5,3.957841218199271e-05,0.0,1,Regular
Marvel,"ANDERSON, BAXTER",5,3.957841218199271e-05,0.0,1,Regular
Marvel,SUPER SKRULL/KL'RT,178,0.0004370656193646385,0.000192461599151214,2,Regular
Marvel,REPTYL,61,0.00017926502092752372,0.00010135267535976508,0,Regular
Marvel,EMPRESS S'BYLL [SKRU,35,9.919100367919198e-05,1.4217499841905171e-06,8,Regular
Marvel,RONAN THE ACCUSER [K,175,0.00040925819300319103,0.0002057084540758189,0,Regular
Marvel,MIDNIGHT/M'NAI,33,9.785019937181557e-05,2.7888934854292277e-06,0,Regular
Marvel,SUPREME INTELLIGENCE,238,0.0005549084656142565,0.00045108120421390055,0,Regular
Marvel,"SWITZLER, BEVERLY",50,0.00016213129230519384,9.842406206265366e-05,5,Regular
Marvel,HOWARD THE DUCK,72,0.00025883033043424733,0.00027761487962638733,5,Regular
Marvel,"HUNTER, LANCE",11,5.812997799954342e-05,2.485437774156232e-06,5,Regular
Marvel,"BRADDOCK, JAMES JR. ",27,0.00010033245393227725,7.767111563113696e-06,5,Regular
Marvel,"CALLAGHAN, JAMES",9,5.182574129160914e-05,0.0,5,Regular
Marvel,DR. SYNNE,8,5.56094899286169e-05,7.088373954812311e-07,5,Regular
Marvel,"ROSS, COURTNEY",31,0.00012112854344923415,3.465096917022018e-05,5,Regular
Marvel,"FRASER, DET. KATE",9,6.55250818019465e-05,1.0477239057579352e-06,5,Regular
Marvel,"TANNER, JACKO",13,8.033645590767668e-05,5.953449506440213e-06,5,Regular
Marvel,BOOMERANG/FRED MYERS,235,0.0005573944857706388,0.00027098988048984457,1,Regular
Marvel,"JONES, RICHARD MILHO",539,0.0014105831907565355,0.007441827891828577,2,Regular
Marvel,"TALBOT, GLENN",126,0.00034797787131259306,0.00017160270507765438,2,Regular
Marvel,MAD VIKING/KNUT CAIN,5,3.457284415968703e-05,0.0,0,Regular
Marvel,DELPHI,57,0.00018245738662017586,0.0004290346011223439,2,Regular
Marvel,ANNIHILUS,120,0.0002875736497655217,4.2437273024633826e-05,7,Regular
Marvel,"LEEDS, NED",181,0.000450896880830268,0.00016447525694918946,1,Regular
Marvel,"BROMWELL, DR.",51,0.00014889059418663793,1.3379190431798579e-05,1,Regular
Marvel,"ROSENTHAL, BERNIE",187,0.00045302412565850173,0.00021339188110620674,11,Regular
Marvel,ANELLE,28,8.605301643403905e-05,1.1247593776486635e-06,0,Regular
Marvel,"GRIMM, JAKE",16,5.8632839324386574e-05,1.5250976241876143e-07,13,Regular
Marvel,MYSTERIO/QUENTIN BEC,158,0.00043476628192567405,0.00038087222082369004,1,Regular
Marvel,BIG MAN/FREDERICK FO,49,0.00014836476951514245,1.794755839187484e-05,1,Regular
Marvel,FANCY DAN,48,0.0001467747536866028,6.833529254183842e-06,1,Regular
Marvel,MONTANA,48,0.0001467747536866028,6.833529254183842e-06,1,Regular
Marvel,OX,38,0.00012529263309555685,1.6489853322275258e-05,1,Regular
Marvel,TERRAX II/TYROS,110,0.0002863942670952657,0.00015898874912660335,3,Regular
Marvel,"ZARRKO, ARTHUR",128,0.00030981219756877056,0.0005342111845643975,13,Regular
Marvel,CANNONBALL/JACK PULV,120,0.00029394278352686454,6.654648613027442e-05,2,Regular
Marvel,"GAMBONNO, ERNESTO",117,0.0002894621799759732,7.17820380300174e-05,2,Regular
Marvel,"PAGE, KAREN",289,0.0008953717255999023,0.0026230657249160963,1,Regular
Marvel,BRUTO THE STRONGMAN/,66,0.00017558111564544476,2.0725330038014197e-05,2,Regular
Marvel,RINGMASTER/MAYNARD T,183,0.0004481936882863573,0.00028847489987317575,2,Regular
Marvel,"GAMBONNO, LUIGI",117,0.0002894621799759732,7.17820380300174e-05,2,Regular
Marvel,"NELSON, FRANKLIN FOG",497,0.0014129552095599545,0.010476728613211243,1,Regular
Marvel,"EVANS, DORIS",29,9.776646195287252e-05,6.450143733415583e-06,13,Regular
Marvel,"WARREN, MR.",17,6.904308909119096e-05,4.355980241471802e-08,1,Regular
Marvel,CHAMELEON/DMITRI SME,109,0.0003031010998744956,0.00010991924120175184,1,Regular
Marvel,SHADOWCAT/KATHERINE ,718,0.0017015082995346096,0.00499673295641971,5,Top Node
Marvel,LOCKHEED,324,0.0007315001956814201,0.002050311866272462,5,Regular
Marvel,KNIGHT ERRANT/MATSON,11,4.85400532212165e-05,0.0,5,Regular
Marvel,ICON/DR. U'MBAYA A'K,11,4.85400532212165e-05,0.0,5,Regular
Marvel,"THOMAS, COMMANDER DA",85,0.00024964151983412566,0.00031857725093172577,5,Regular
Marvel,CERISE II [SHI'AR],137,0.0003215885721903683,0.0003530021364195287,5,Regular
Marvel,AHAB/RORY CAMPBELL,89,0.00021724525049718547,3.188968139080845e-05,5,Regular
Marvel,SHADOWCAT 2013,46,0.0001228993033730552,5.801003624812784e-06,5,Regular
Marvel,MANIPULATOR/,20,6.833812256615385e-05,1.2759534800060567e-06,0,Regular
Marvel,STINGER II/,11,4.6468713631670985e-05,0.0,0,Regular
Marvel,"DUGAN, TIMOTHY ALOYI",497,0.0014217771104672557,0.005279398914373662,2,Regular
Marvel,"RAMIREZ, ALMA",23,9.242560802156629e-05,4.0581838212705215e-05,0,Regular
Marvel,"GENUARDI, MR.",13,6.828629699869273e-05,3.9633168424608695e-06,0,Regular
Marvel,"RAMIREZ, LUIS",23,9.242560802156629e-05,4.0581838212705215e-05,0,Regular
Marvel,"RAMIREZ, MARTA",17,7.803555470118429e-05,2.0353910554440956e-05,0,Regular
Marvel,"BOLT, COUNCILMAN AND",24,9.461931997275684e-05,8.044757905618982e-05,0,Regular
Marvel,"OXNARD, PHIL",10,5.6036675664047576e-05,0.0,0,Regular
Marvel,"RAMIREZ, ROSA",17,7.803555470118429e-05,2.0353910554440956e-05,0,Regular
Marvel,"KORVAC, MICHAEL",89,0.0002366992102403904,7.028786119334573e-05,0,Regular
Marvel,"ASTROVIK, NORMA",61,0.00018487138526699048,0.00010570359462292401,3,Regular
Marvel,BINARY/CAROL DANVERS,537,0.0012751007655294518,0.004642855481027107,0,Regular
Marvel,TWO-GUN KID,51,0.00013671712226321551,5.236897059760232e-06,0,Regular
Marvel,"GYRICH, HENRY PETER",392,0.0009542855854773948,0.0018047529664626093,2,Regular
Marvel,COLLECTOR/TANELEER T,183,0.00043993422831649733,0.00027072438027294304,8,Regular
Marvel,CAPTAIN MARVEL/CAPTA,246,0.0005804214702831438,0.0002272367801699634,2,Regular
Marvel,HERA/AUGUSTINE JONES,82,0.00023462025517490066,0.0005099484759217615,7,Regular
Marvel,CARINA/CARINA WALTER,41,0.00011032312221852968,1.2641204207738004e-06,0,Regular
Marvel,ZEUS,220,0.0005332162936361023,0.00042328873765722324,7,Regular
Marvel,"BROWN, LAURA",59,0.00017463985255592853,6.041521341753283e-05,2,Regular
Marvel,"NEVILLE, KATE",52,0.0001801978248205167,5.3764936581353646e-05,2,Regular
Marvel,"MACKENZIE, AL",46,0.00016166387254381854,3.1234350982118484e-05,2,Regular
Marvel,"WOO, JIMMY",68,0.00019701697873987287,5.002703180205469e-05,0,Regular
Marvel,MAD DOG/COLONEL BUZZ,188,0.000468398891068119,0.0003025675983710075,8,Regular
Marvel,"DE LA FONTAINE, CONT",261,0.0006699792255287331,0.0006858513404226678,2,Regular
Marvel,MADAME HYDRA VI,20,7.399659906921237e-05,4.2961303277847186e-07,2,Regular
Marvel,"JONES, GABE",225,0.0005745994467900808,0.0010633480337273148,2,Regular
Marvel,"PIERCE, ALEXANDER GO",101,0.0002967479197760242,0.00015463235633260498,2,Regular
Marvel,"QUARTERMAIN, CLAY",134,0.00036494141266997873,0.00027690058220417274,2,Regular
Marvel,GAFF/SIDNEY E. LEVIN,67,0.00017944749623270971,1.6194104111894972e-05,2,Regular
Marvel,"RUNCITER, GAIL",39,0.0001149033405333864,2.6507117887395155e-06,2,Regular
Marvel,MS. MARVEL II/SHARON,282,0.0006461222746880131,0.0003594621080857958,8,Regular
Marvel,"KOENIG, ERIC",63,0.00017757801580103028,2.6080350069431255e-05,2,Regular
Marvel,BLACK KNIGHT V/DANE ,741,0.0016661816864538472,0.0045576912645465305,8,Top Node
Marvel,NEPHRI,5,4.37709565542266e-05,0.0,5,Regular
Marvel,APOCALYPSE/EN SABAH ,261,0.0006250117886351788,0.003855350075473247,5,Regular
Marvel,OZYMANDIAS,104,0.0002855012969547646,0.002110192783715508,5,Regular
Marvel,OSIRIS,63,0.00016228882676232886,3.052303336871509e-05,7,Regular
Marvel,LOGOS,6,4.677141339566746e-05,1.113703695590817e-06,5,Regular
Marvel,BAAL,5,4.37709565542266e-05,0.0,5,Regular
Marvel,PHARAOH RAMA-TUT,370,0.0008707770517734837,0.0061467263449825294,8,Regular
Marvel,KRISTA,29,8.441830330269362e-05,4.777849233767979e-07,7,Regular
Marvel,BALDER [ASGARDIAN],352,0.0008245055096034083,0.0015806395510379052,7,Regular
Marvel,"GRANT, SILAS",41,0.00010957926040670616,2.722761574293905e-06,7,Regular
Marvel,TANA NILE,76,0.00019473872672797445,6.94884683009276e-05,7,Regular
Marvel,HILDEGARDE [ASGARDIA,57,0.00014769345959009028,1.2993830742563293e-05,7,Regular
Marvel,ULIK,128,0.0003215684037207919,0.00018510330892226493,7,Regular
Marvel,DEATH-STALKER,40,0.00013146838850903466,2.031468353602069e-05,1,Regular
Marvel,HELLSTORM/DAIMON HEL,277,0.0008109131531134123,0.002462747616089486,2,Regular
Marvel,"BLAZE, ROXANNE SIMPS",70,0.00027655393895465694,0.0002023811986950493,2,Regular
Marvel,STUNT-MASTER/GEORGE ,76,0.0002171466459048489,0.00015784114745541155,0,Regular
Marvel,SATAN/MARDU KURIOS,54,0.0002515656588902019,0.00025869280324612324,2,Regular
Marvel,ORB,37,0.00012456087395520184,6.417557162926564e-05,11,Regular
Marvel,"REYNOLDS, KATHERINE",10,5.636617874326564e-05,1.7776727335935662e-06,2,Regular
Marvel,LEGION,5,3.933250968824695e-05,0.0,2,Regular
Marvel,ROMA,145,0.00034706473498295694,0.00022289200938973628,5,Regular
Marvel,TRAPSTER/PETER PETRU,228,0.0005495211328407363,0.0001884241075532817,1,Regular
Marvel,MAGMA II/JONATHAN DA,14,5.865742041457251e-05,2.0481536495874297e-06,0,Regular
Marvel,"MARTINELLI, VINCENT ",56,0.00016773063332339687,9.855958787892801e-05,0,Regular
Marvel,"MOOMJI, INDRIES",11,5.2531007824241894e-05,1.018011218744496e-06,0,Regular
Marvel,"CORTEZ, FABIAN",144,0.00033256694650459596,9.194684215094778e-05,5,Regular
Marvel,TRIATHLON/DELROY GAR,204,0.0004756982003979684,0.0002623791066384325,0,Regular
Marvel,"HUXLEY, DR. ALDA",72,0.00017842468785380706,4.701312532204878e-05,5,Regular
Marvel,CARGIL/JOANNA CARGIL,197,0.00044704188682109986,0.0001970450235032613,5,Regular
Marvel,SCANNER II,150,0.0003457746741577806,8.51134478548413e-05,5,Regular
Marvel,"VOGHT, AMELIA",136,0.0003329427155940829,0.00013198568405354497,5,Regular
Marvel,SENYAKA,66,0.00016203684735681317,1.716747115531751e-05,5,Regular
Marvel,REM-RAM/,39,0.0001052500229709822,9.390095082864842e-07,5,Regular
Marvel,"DEVEREAUX, MICHELLE",29,8.366445256899728e-05,3.171386722442147e-07,5,Regular
Marvel,BARNACLE/,45,0.00011777997787456565,2.2306959130165997e-06,5,Regular
Marvel,STATIC,55,0.00014760422434237271,1.0560009357387632e-05,5,Regular
Marvel,"BOERKE, MAYOR",29,8.366445256899728e-05,3.171386722442147e-07,5,Regular
Marvel,"KLEINSTOCK, HARLAN",94,0.00022700649444195963,4.6959747569213905e-05,5,Regular
Marvel,"KLEINSTOCK, SVEN",94,0.00022700649444195963,4.6959747569213905e-05,5,Regular
Marvel,PROJECTOR/,71,0.00017374659508377502,1.766527749437407e-05,5,Regular
Marvel,SPOOR/ANDREW HAMISH ,61,0.00015422256001966408,1.2739565754657765e-05,5,Regular
Marvel,"SUVOROV, ADMIRAL GRI",29,8.366445256899731e-05,3.171386722442147e-07,5,Regular
Marvel,"HALLER, GABRIELLE",118,0.00027158020711429923,7.873267614191999e-05,5,Regular
Marvel,SCHEMER/RICHARD FISK,110,0.00029086338667586666,4.4809006502219455e-05,1,Regular
Marvel,"JAMESON, COL. JOHN ",302,0.0007757059527894182,0.0030770426768888387,1,Regular
Marvel,"SMITH, JOE",18,6.787057024665904e-05,1.6920244734419838e-08,1,Regular
Marvel,ANCIENT ONE,83,0.0002854161482992777,0.0002960363067875041,2,Regular
Marvel,DR. STRANGER YET,5,3.588089164676072e-05,0.0,2,Regular
Marvel,APPALLA,6,3.7880412616664445e-05,0.0,2,Regular
Marvel,BLACK KNIGHT V STATU,60,0.00016875412500559186,9.594951694554706e-05,2,Regular
Marvel,DIABLO/ESTEBAN DE AB,169,0.00041504477624716495,0.0003123148003138691,13,Regular
Marvel,SUZIE,6,3.897309044473082e-05,0.0,2,Regular
Marvel,"JONES, MARLO CHANDLE",176,0.0005219899579759888,0.0018734077121383363,2,Regular
Marvel,QUASIMODO,72,0.0001922948651996755,5.575957627588097e-05,0,Regular
Marvel,HULK III/BRUCE BANNE,47,0.00012404850429293795,6.207827713770509e-08,11,Regular
Marvel,NOMAD III/JACK MONRO,205,0.0005327665896461518,0.00046211931867536576,11,Regular
Marvel,"MACLAIN, DR. MYRON",35,0.00010150702084776945,2.9553125958099714e-05,0,Regular
Marvel,MADCAP,84,0.0002111701878852608,6.563525046855425e-05,11,Regular
Marvel,DEATH ADDER,94,0.0002280460864505124,2.1850886082820374e-05,11,Regular
Marvel,"ROTH, ARNIE",69,0.00018310002997770958,4.155503553385363e-05,11,Regular
Marvel,SISTER AGONY,35,0.00010036033878876017,5.969612160371501e-07,11,Regular
Marvel,SISTER DEATH,27,8.388304353754213e-05,5.099151908264004e-07,11,Regular
Marvel,SISTER DREAM,27,8.388304353754213e-05,5.099151908264004e-07,11,Regular
Marvel,MOTHER SUPERIOR,42,0.00011756020691543209,1.173770271014618e-06,11,Regular
Marvel,SISTER PLEASURE/SCAR,36,0.00010408566845354663,1.0947352337129151e-06,11,Regular
Marvel,FALCON/SAM WILSON,541,0.0012787069014027364,0.0022965923842501877,2,Regular
Marvel,BLACK CROW/JESSE BLA,80,0.0002289878890924683,0.00017653735863375097,11,Regular
Marvel,"BURLEY, MIKE",27,9.16190764517816e-05,4.425537583784048e-06,3,Regular
Marvel,"DOVER, DONNA-LEE",24,8.347073423852737e-05,3.015916871119176e-06,3,Regular
Marvel,KRAA,12,5.387715284061755e-05,0.0,3,Regular
Marvel,"COOPER, ROGER CAPS",39,0.00012081015545775914,1.715958114304155e-05,3,Regular
Marvel,"RIDER, GLORIA",62,0.00017450395689282922,1.423891453362994e-05,3,Regular
Marvel,"JAYE-FIRESTONE, GING",51,0.00014466960855515217,8.191394158396771e-05,3,Regular
Marvel,"RIDER, ROBERT ROBBIE",64,0.00018321758341971738,8.892868460727957e-06,3,Regular
Marvel,"RIDER, CHARLES",67,0.0001866754284176338,3.094112935725502e-05,3,Regular
Marvel,"DILLON, BERNIE",27,9.194403788361332e-05,3.482484487228289e-06,3,Regular
Marvel,CONDOR,29,9.528559688598163e-05,8.924848411552467e-07,3,Regular
Marvel,POWERHOUSE/RIEG DAVA,36,0.00011479708607925227,5.810120507194794e-06,3,Regular
Marvel,SIDEWINDER/SETH VOEL,111,0.0003073630923078645,0.00035675817850695373,11,Regular
Marvel,PRINCESS PYTHON/ZELD,184,0.0004316722865973949,0.00014309641825929043,2,Regular
Marvel,CONSTRICTOR/FRANK PA,253,0.0006068495664902639,0.0005554858205261112,11,Regular
Marvel,ARMADILLO/ANTONIO RO,77,0.00019032900717486093,8.671568397190504e-06,11,Regular
Marvel,"MALUS, DR. KARL",61,0.00015954027896619892,1.076926643728417e-05,0,Regular
Marvel,SAYGE,32,0.00010037968383344134,6.001431245865934e-06,3,Regular
Marvel,SPHINX,97,0.00025460913483661815,4.8546573953568774e-05,3,Regular
Marvel,CAPTAIN MARVEL III/G,142,0.00042846505773492285,0.0012567213674023459,11,Regular
Marvel,NEBULA,123,0.0003016099505233915,7.590792024058637e-05,8,Regular
Marvel,BETA RAY BILL,238,0.0005935586429302199,0.0021287730838113954,7,Regular
Marvel,BLACKBODY,34,0.0002228655264574126,4.8940177084910364e-05,12,Regular
Marvel,DARK COUNSEL/VARTU,35,0.00022127892050232987,1.0919812396320324e-05,12,Regular
Marvel,YLA,11,8.94661973471098e-05,0.0,12,Regular
Marvel,KHIRN,27,0.00019482267364934847,4.944256656585422e-06,12,Regular
Marvel,HYNNIT,11,8.94661973471098e-05,0.0,12,Regular
Marvel,HARQUIS TEY,19,0.0001460678457601484,2.0384866275277235e-06,12,Regular
Marvel,UNI-LORD,38,0.00024166290092350338,5.6989634361563976e-05,12,Regular
Marvel,CRIX,11,8.94661973471098e-05,0.0,12,Regular
Marvel,ALIST,11,8.94661973471098e-05,0.0,12,Regular
Marvel,JYX,27,0.00019482267364934847,4.944256656585422e-06,12,Regular
Marvel,JUSUR,11,8.94661973471098e-05,0.0,12,Regular
Marvel,TEI,11,9.022159370468275e-05,0.0,12,Regular
Marvel,GRAND OVERSEER,25,0.0001728000012640987,4.425369151396547e-06,12,Regular
Marvel,REI,11,9.022159370468275e-05,0.0,12,Regular
Marvel,MIBA,11,9.022159370468275e-05,0.0,12,Regular
Marvel,FIM,11,9.022159370468275e-05,0.0,12,Regular
Marvel,YURGE,11,9.022159370468275e-05,0.0,12,Regular
Marvel,"PYRAKH, COMMANDER",8,6.93749502091449e-05,0.0,12,Regular
Marvel,NURIL,8,6.93749502091449e-05,0.0,12,Regular
Marvel,IZZIFIZZ,24,0.00015721008598924458,0.0,12,Regular
Marvel,OJANI,25,0.00015740204025457938,5.963721674878855e-06,12,Regular
Marvel,TYN-DARMUTH,10,7.971056096623311e-05,0.0,12,Regular
Marvel,GRUX,10,7.971056096623311e-05,0.0,12,Regular
Marvel,PRADDA FOL,26,0.00016993471921956872,0.0,12,Regular
Marvel,JURIAS,10,7.971056096623311e-05,0.0,12,Regular
Marvel,HUNKIR,23,0.00015152545459391583,0.0,12,Regular
Marvel,SKOOKA,28,0.00017592171487168447,7.403724062701493e-06,12,Regular
Marvel,VORZEN,23,0.0001429670914337162,4.471246846226036e-06,12,Regular
Marvel,HYZAKTL,15,0.00010347471253384136,0.0,12,Regular
Marvel,UR-LINI,25,0.00015243564013935737,5.095714159686814e-06,12,Regular
Marvel,QIRMET,23,0.00013974268960133235,4.118900760096085e-06,12,Regular
Marvel,STRACU,15,0.00010347471253384136,0.0,12,Regular
Marvel,UNIT 101101,21,0.00013693532528555788,0.0,12,Regular
Marvel,SZARKUS,12,8.413596371394196e-05,0.0,12,Regular
Marvel,HRILL,22,0.00013458157217025848,3.770635470503679e-06,12,Regular
Marvel,OUTRIDER/OCLIN UWIR ,16,0.000107837494690707,0.0,12,Regular
Marvel,VYREK,43,0.00016764126588836095,5.076887068357399e-05,13,Regular
Marvel,SHAMAN/MICHAEL TWOYO,425,0.0009615612917923198,0.0010911341586442368,8,Regular
Marvel,OMEGA II,44,0.0001242167178513986,5.3497165296267704e-06,13,Regular
Marvel,"POWER, MARGARET",149,0.00036360663443031003,0.0002486290333377795,5,Regular
Marvel,"POWER, DR. JIM",162,0.00039347776880837215,0.00027991875346897107,5,Regular
Marvel,COUNTERWEIGHT/JACK P,200,0.000478483723351242,0.0003024005956144853,5,Regular
Marvel,FRIDAY,59,0.0001618269590150423,0.00012629738721468757,3,Regular
Marvel,LIGHTSPEED/JULIE POW,200,0.000478483723351242,0.0003024005956144853,5,Regular
Marvel,COUNTERWEIGHT II/KAT,211,0.0005018075948671592,0.00031168715266078695,5,Regular
Marvel,CLOWN/CRAFTY ELIOT F,139,0.0003421610078467223,0.00011791027893971546,11,Regular
Marvel,LIVEWIRE/RANCE PREST,49,0.0001364522661864224,4.8899623225167436e-06,2,Regular
Marvel,LEADER/SAM STERNS,187,0.0004560549523317186,0.0004069273076781523,2,Regular
Marvel,"SOMMERS, APRIL",20,6.881726694378765e-05,8.573054909131754e-08,2,Regular
Marvel,ABSORBING MAN/CARL C,275,0.0006544571103910014,0.0005251094350244456,7,Regular
Marvel,DOC SAMSON/DR. LEONA,304,0.0007860026973936653,0.0006481122800560201,2,Regular
Marvel,LANN,30,9.239655439549524e-05,2.4389601638466402e-06,2,Regular
Marvel,TYRANNUS,115,0.0002957659424414157,0.00019471744403607377,2,Regular
Marvel,PRINCE REY,30,9.239655439549524e-05,2.4389601638466402e-06,2,Regular
Marvel,KOFI [KYMELLIAN],43,0.0001228336507372092,3.766878702246932e-05,5,Regular
Marvel,JARELLA,17,6.289704671030208e-05,2.7239392988223892e-08,2,Regular
Marvel,PSYKLOP,18,6.335590236704206e-05,9.297671452650116e-07,2,Regular
Marvel,STAR-STALKER,40,0.00011119024629855634,3.0801699081964365e-06,0,Regular
Marvel,NEBULON,46,0.0001258028388326239,6.62530483650844e-06,2,Regular
Marvel,"NORRISS, JACK",70,0.00018945078940036265,5.568286537868114e-05,2,Regular
Marvel,CYCLOPS 2013,9,5.49087644012408e-05,0.0,5,Regular
Marvel,WOLVERINE 2013,39,0.00011850722194872866,6.587308687323256e-05,5,Regular
Marvel,COLOSSUS 2013,39,0.00011850722194872866,6.587308687323256e-05,5,Regular
Marvel,PHOENIX 2013,30,9.975786416599759e-05,5.7839487110202915e-05,5,Regular
Marvel,STORM 2013,34,0.00010855335587191939,6.398318108157335e-05,5,Regular
Marvel,NIGHTCRAWLER 2013,9,5.49087644012408e-05,0.0,5,Regular
Marvel,BEAST 2013,9,5.49087644012408e-05,0.0,5,Regular
Marvel,ANGEL 2013,9,5.49087644012408e-05,0.0,5,Regular
Marvel,PROFESSOR XAVIER 201,20,7.938753916738591e-05,3.44018302912263e-06,5,Regular
Marvel,"NAGAN, DR. ARTHUR",61,0.00016014162973180756,4.755676817718088e-06,2,Regular
Marvel,CHONDU,73,0.0001917628397785935,3.22378599289466e-05,2,Regular
Marvel,"MORGAN, JERROLD JERR",61,0.00016014162973180756,4.755676817718088e-06,2,Regular
Marvel,RUBY,74,0.00019060720324456994,8.109686062688846e-05,2,Regular
Marvel,"WILLIAMS, MINDY",40,0.00011378804295843648,3.981583352013045e-06,2,Regular
Marvel,ARAGORN,127,0.0003105740705751511,6.590740786513909e-05,2,Regular
Marvel,OSHIMA,8,4.8526263289839627e-05,0.0,8,Regular
Marvel,SILVER SAMURAI/KENYU,182,0.00046348757623827607,0.0005592056701074194,5,Regular
Marvel,GOGO TAMAGO/,23,8.636289287082736e-05,6.740144278913987e-07,8,Regular
Marvel,EVERWRAITH/,8,4.8526263289839627e-05,0.0,8,Regular
Marvel,BAYMAX,79,0.00020238176383202618,5.0010790201069845e-05,11,Regular
Marvel,"TAKACHIHO, MRS.",8,4.852626328983963e-05,0.0,8,Regular
Marvel,SUNFIRE/SHIRO YOSHID,379,0.0008984674118277871,0.0018797107369638753,8,Regular
Marvel,HONEY LEMON/,23,8.636289287082736e-05,6.740144278913987e-07,8,Regular
Marvel,"TAKACHIHO, HIRO",79,0.00020238176383202618,5.0010790201069845e-05,11,Regular
Marvel,STRONG GUY/GUIDO CAR,325,0.000728775914901302,0.00045535941878303794,8,Regular
Marvel,"HUDSON, HEATHER",397,0.0009419865930834932,0.0018362746957822302,8,Regular
Marvel,SASQUATCH/WALTER LAN,459,0.0010474968956447233,0.0016703724910190555,8,Regular
Marvel,"HARKNESS, AGATHA",355,0.0008141575899441838,0.0019432181551664969,8,Regular
Marvel,THANOS DOPPELGANGER,158,0.00034379065459008674,2.5205959314497445e-05,8,Regular
Marvel,MAGUS,198,0.00042948861190619206,6.130462106852898e-05,8,Regular
Marvel,LIVING TRIBUNAL,184,0.0004161900915058909,0.00023726934159148524,8,Regular
Marvel,TRIAX,11,4.8472475052329525e-05,9.179776334978347e-07,8,Regular
Marvel,INFINITY THRALL,7,3.893812263994792e-05,0.0,8,Regular
Marvel,HIGH EVOLUTIONARY/HE,334,0.000782442951269,0.002615911560056367,7,Regular
Marvel,NOBILUS,56,0.00014553081161424301,3.3612165367556524e-05,7,Regular
Marvel,LOVE,54,0.00014281559551721995,1.875407079637101e-05,8,Regular
Marvel,HATE,54,0.00014281559551721995,1.875407079637101e-05,8,Regular
Marvel,"WALSH, LYNN",18,6.944519555283786e-05,8.782478441675705e-07,3,Regular
Marvel,"URICH, DORIS",51,0.00018818557125812964,4.4676751091150826e-05,1,Regular
Marvel,SUNDRAGON/PAMELA DOU,9,4.263868924460435e-05,0.0,0,Regular
Marvel,"FRIEDLANDER, SHARON",126,0.00028198625232422544,1.3835467524002231e-05,5,Regular
Marvel,"MACTAGGERT, MOIRA KI",452,0.0010755714757296631,0.0025491798956223783,5,Regular
Marvel,SPIDER-MAN III/MARTH,64,0.00026161181581866135,0.0005157803648555659,1,Regular
Marvel,RANGER I/,19,7.220414198586908e-05,1.2321044309776385e-07,1,Regular
Marvel,"HARGROVE, ELIAS",15,6.292811453332205e-05,0.0,1,Regular
Marvel,HOBGOBLIN V/JASON PH,191,0.0005606330460182817,0.0003712706693721696,1,Regular
Marvel,ELECTRO/MAX DILLON,281,0.0006883363203547376,0.0005358921465810971,1,Regular
Marvel,REINHOLDT,15,6.292811453332205e-05,0.0,1,Regular
Marvel,CITIZEN V III/DALLAS,234,0.0005690360866474677,0.0004627741188749142,11,Regular
Marvel,FIXER II/PAUL NORBER,296,0.0007228290586034803,0.0016786457594732684,11,Regular
Marvel,SHE-WOLF/PAULETTE BR,7,3.947328895597035e-05,0.0,11,Regular
Marvel,CITIZEN V II/HELMUT ,337,0.0008135875918680507,0.0013896237060584333,11,Regular
Marvel,CITIZEN V/JOHN WATKI,39,0.00012060339642426705,3.876698196049859e-05,11,Regular
Marvel,ZEMO/BARON HEINRICH ,61,0.00016107282218694324,1.7519193533081348e-05,0,Regular
Marvel,"HALDEMAN, CALVIN",7,3.931318197268858e-05,0.0,1,Regular
Marvel,FLAG-SMASHER,59,0.00017442523868344806,0.00010121945688324686,11,Regular
Marvel,"CUSHING, KATE",153,0.0003963346429401505,0.0001364978689028455,1,Regular
Marvel,SPIDER-WOMAN IV/CHAR,22,9.124077407194408e-05,7.50505634534277e-07,1,Regular
Marvel,HUNGER,19,6.974024978502894e-05,7.950386405433211e-07,1,Regular
Marvel,MARROW/SARAH ,242,0.0005984352536562226,0.0006401326209656938,5,Regular
Marvel,CALLISTO,195,0.00046327907419544117,0.0002648459463473844,5,Regular
Marvel,SMASHER III,9,4.720849332473427e-05,0.0,1,Regular
Marvel,"GLENN, HEATHER",77,0.00023550486125590715,0.0014252562428024955,1,Regular
Marvel,MINDWAVE,38,0.00011400430453974852,6.608811762263347e-06,11,Regular
Marvel,"GELLER, URI",4,3.405101299648436e-05,0.0,1,Regular
Marvel,"NELSON, CANDACE",77,0.00022872402834358686,6.410099585815503e-05,1,Regular
Marvel,WIND-WARRIOR/PAMELA ,21,6.968061648260043e-05,1.638194457762168e-08,7,Regular
Marvel,EARTH-LORD/KYLE BROC,21,6.968061648260043e-05,1.638194457762168e-08,7,Regular
Marvel,TASKMASTER,127,0.0003280748427105468,0.0005296310058090536,11,Regular
Marvel,REDWING,270,0.0006364901213543035,0.0003309744150653118,2,Regular
Marvel,DIAMONDBACK II/RACHE,236,0.0005588730252215292,0.0005881922764624939,11,Regular
Marvel,"LUDLUM, ROSS",8,0.0001636951175885473,0.0,-1,Regular
Marvel,OSWALD,8,0.0001636951175885473,0.0,-1,Regular
Marvel,HOFFMAN,8,0.0001636951175885473,0.0,-1,Regular
Marvel,"NILES, SEN. CATHERIN",6,0.0001276966779945512,0.0,-1,Regular
Marvel,FAGIN,8,0.0001636951175885473,0.0,-1,Regular
Marvel,"ASHER, MICHAEL",8,0.0001636951175885473,0.0,-1,Regular
Marvel,ORWELL,8,0.0001636951175885473,0.0,-1,Regular
Marvel,"ASHER, DONNA",7,0.00014534642028190037,0.0,-1,Regular
Marvel,"ASHER, CARL",7,0.00014534642028190037,0.0,-1,Regular
Marvel,"SHARPE, ROSALINDE",109,0.00033276381314393605,0.00016381275434957255,1,Regular
Marvel,MASTERMIND IV/MARTIN,15,5.5732432153736835e-05,4.863268094247005e-07,5,Regular
Marvel,"KNIGHT, MISTY",333,0.0008531412833097928,0.001828969405416448,2,Regular
Marvel,"LANE, LOIS",117,0.0002756121914950922,0.00036592647535295647,5,Regular
Marvel,TYPHOID MARY/MARY ME,90,0.00027555520199730297,0.00035842859474746936,1,Regular
Marvel,"LOPEZ, DONNA",4,3.438844195180664e-05,0.0,1,Regular
Marvel,STICK,32,0.0001235993576215022,2.8405589291646794e-05,1,Regular
Marvel,HAMMER II/,10,4.761480480551831e-05,0.0,1,Regular
Marvel,EEL II/EDWARD LAVELL,147,0.00034780924865741554,0.0001257683855734411,11,Regular
Marvel,OX III,31,9.846667469549965e-05,2.431762978819083e-06,1,Regular
Marvel,"BOWEN, FATHER MICHAE",70,0.0001838690169256675,3.696683836126387e-05,5,Regular
Marvel,VESPER,6,6.80699774969325e-05,0.0,2,Regular
Marvel,MIND'S EYE/MEACHAM,6,6.80699774969325e-05,0.0,2,Regular
Marvel,BACILLUS,6,6.80699774969325e-05,0.0,2,Regular
Marvel,STRONTIUM-90/,6,6.80699774969325e-05,0.0,2,Regular
Marvel,IRON FIST/DANIEL RAN,550,0.0014428417581178017,0.0056372849378226566,2,Regular
Marvel,"HAWKINS, DR. EDWIN E",3,3.25374559085955e-05,0.0,11,Regular
Marvel,DR. NEMESIS/DR. STOC,8,4.7491514273714756e-05,8.0375582114456e-06,0,Regular
Marvel,BLACK GOLIATH/DR. WI,185,0.0004642286633463968,0.0003032936873940287,2,Regular
Marvel,POWER MAN/ERIK JOSTE,421,0.0010071095890560404,0.001134633315241495,11,Regular
Marvel,MENTOR/ALARS [ETERNA,157,0.00038478923384095655,0.0002296504834378795,2,Regular
Marvel,ISAAC,136,0.0003213943585781487,8.016317221140376e-05,11,Regular
Marvel,DEMEITYR,5,3.400966620847942e-05,0.0,2,Regular
Marvel,"VERMICELLI, GIANNI",5,3.6276292989159345e-05,0.0,1,Regular
Marvel,FRANKENSTEIN MONSTER,40,0.00012793628093450175,2.780544434868725e-05,0,Regular
Marvel,MULTIPLE MAN/JAMES A,310,0.000718993476759131,0.0005949282867075469,5,Regular
Marvel,"ALVAREZ, FELIX",59,0.0001787317711772471,1.456259831936915e-05,0,Regular
Marvel,WHIPLASH/MARK SCARLO,206,0.0005159448467886267,0.0005136957624177691,11,Regular
Marvel,"HAMMER, JUSTIN",152,0.0004068563175939174,0.00040203450897237554,1,Regular
Marvel,"DARE, KATHLEEN",45,0.00012762244172351088,1.282747050472937e-05,0,Regular
Marvel,BLIZZARD II/DONALD G,65,0.0001703059813219788,6.870300789633198e-05,0,Regular
Marvel,MADAME MASQUE/GIULIE,140,0.00036788862326642943,0.0003044422812000115,0,Regular
Marvel,MADAME MASQUE II/,23,7.581998332674085e-05,4.246011388743668e-07,0,Regular
Marvel,"PEARSON, MARCY",52,0.00014768198685673068,9.147270208803647e-05,0,Regular
Marvel,DEADPOOL/JACK/WADE W,208,0.0006658363275814341,0.0016285596612534675,5,Regular
Marvel,HUMBUG/PROF. B. MITT,17,6.656132679741536e-05,4.744456514749115e-06,1,Regular
Marvel,COPYCAT/VANESSA,126,0.00032419681523749357,0.00017118884875420344,5,Regular
Marvel,DIRTY WOLFF,8,4.523935493973714e-05,0.0,5,Regular
Marvel,"LANG, CASSANDRA CASS",145,0.0003633023021746625,0.0008037387357837565,13,Regular
Marvel,"CORD, EDWIN",70,0.00017658692421670418,4.708040547846141e-05,11,Regular
Marvel,GREY GARGOYLE/PAUL P,144,0.00036176588271647967,0.0009103356145797172,7,Regular
Marvel,"O'CONNOR, A.C. ACE",12,6.374158349620667e-05,3.6778192948656763e-07,3,Regular
Marvel,PLUNDERER/LORD EDGAR,52,0.00017001353529430216,6.209396198412795e-05,13,Regular
Marvel,MARTINS,4,3.5127382855445945e-05,0.0,3,Regular
Marvel,FIREFALL III/ARCHIE ,9,5.8987128253333216e-05,0.0,3,Regular
Marvel,"LANE, SILAS",25,9.66994420518124e-05,1.5535338173144293e-05,3,Regular
Marvel,SPACE PHANTOM,61,0.00016468738613883012,7.565240235700432e-05,0,Regular
Marvel,FIREFALL/KARAS,8,4.831710826418099e-05,3.923181857413637e-08,3,Regular
Marvel,NITRO/ROBERT L. HUNT,120,0.0003107673274894252,0.00027356932738020545,0,Regular
Marvel,HAMMERHEAD,142,0.00039156869954290864,0.0001601466530556802,1,Regular
Marvel,"OSBORN, NORMIE",176,0.00048690314690041274,0.00042043151808576594,1,Regular
Marvel,PROFESSOR POWER/ANTH,58,0.0001518421791982832,9.162005747781553e-06,11,Regular
Marvel,DARKHAWK/CHRIS POWEL,352,0.0008694148726870361,0.0022654320706963983,8,Regular
Marvel,LIVING LIGHTNING/MIG,352,0.0008321435023106291,0.0014471651306876788,8,Regular
Marvel,KALA,48,0.00013920947573762893,3.202579601379406e-05,3,Regular
Marvel,RAGE/ELVIN DARYL HAL,280,0.0006788959208274098,0.001963796808266902,3,Regular
Marvel,GROTESK,50,0.00013446651241725348,0.0001345735075678591,7,Regular
Marvel,BRUTUS,25,7.702610576475042e-05,1.673830661899597e-09,0,Regular
Marvel,SERSI/SYLVIA,581,0.0012972465292983737,0.0017130144817282572,7,Regular
Marvel,MIDNIGHT III/JEFFREY,33,0.00011531477075657921,1.5838691154114548e-05,1,Regular
Marvel,"HOWARD, PROFESSOR MA",38,0.00012576851748330784,1.536964047538426e-05,1,Regular
Marvel,BLACK KNIGHT/SIR PER,74,0.00019046742231771947,5.9465220273484336e-05,2,Regular
Marvel,JACK O'DIAMONDS,13,6.271927718734066e-05,6.615171858634044e-07,13,Regular
Marvel,MAXIMUS [INHUMAN],164,0.00041516643561253515,0.00024628597793106263,13,Regular
Marvel,MEDUSA/MEDUSALITH AM,449,0.0010662562691186365,0.0016418722790478586,13,Regular
Marvel,EXECUTIONER III/BRUT,18,6.0110402683213826e-05,0.0,7,Regular
Marvel,"SAPRISTI, JERRY",96,0.00023245769601051448,0.00030446812462844603,7,Regular
Marvel,QUICKSAND,143,0.00032373428268863455,7.604311250620379e-05,11,Regular
Marvel,MONGOOSE,62,0.00015801948162712316,1.9578411244752344e-05,7,Regular
Marvel,IMPALA/,60,0.00015006881335754362,8.818193209839181e-07,11,Regular
Marvel,LORELEI II/MELODI [A,122,0.000295376903360502,0.00027391544837864466,7,Regular
Marvel,"MASTERSON, KEVIN",127,0.000312725900177242,0.0005537573688079904,7,Regular
Marvel,EXECUTIONER II/SKURG,201,0.00045571915107423563,0.0009139915173057116,7,Regular
Marvel,FORGOTTEN ONE/GILGAM,187,0.00042758198559438737,0.0001712389498305921,7,Regular
Marvel,SHAPER OF WORLDS,29,9.19482380986726e-05,3.5374971482017898e-06,13,Regular
Marvel,GLORIAN/THOMAS GIDEO,22,8.060927388697678e-05,1.986094767240379e-06,13,Regular
Marvel,"SNIPES, DET.",13,5.602026119147439e-05,0.0,1,Regular
Marvel,SHOCKER/HERMAN SCHUL,146,0.00037839036548255507,0.00014928343579192086,1,Regular
Marvel,"TINKER, SHEA",16,7.086202577077168e-05,8.496608070141282e-08,1,Regular
Marvel,"ROBERTSON, RANDY",162,0.0004737140460113507,0.00016423225104071623,1,Regular
Marvel,"PARKER, HORACE",7,4.2722578591404634e-05,0.0,1,Regular
Marvel,GAUNT/MENDEL STROMM,61,0.00020218452628731747,4.742311059349057e-06,1,Regular
Marvel,"MCNAIR, TAD",5,3.843752483112418e-05,0.0,1,Regular
Marvel,TYPEFACE/GORDON THOM,8,4.751021513025603e-05,0.0,1,Regular
Marvel,"OSBORN, NORMAN",12,5.339208226465554e-05,0.0,1,Regular
Marvel,"SMITH, DAPHNE",4,3.5059733106983794e-05,0.0,1,Regular
Marvel,"PARKER, BEN",41,0.0001421497605404925,2.2870172517605883e-05,1,Regular
Marvel,GRIZZLY II/THEODORE ,42,0.00012071373534363629,1.4266507689751134e-06,5,Regular
Marvel,FIREFIST/RUSTY COLLI,191,0.0004352091735895912,0.00011687373981613533,5,Regular
Marvel,HAMMER III/EISENHOWE,22,7.13541550054609e-05,0.0,5,Regular
Marvel,WILDSIDE,101,0.0002514992410151815,3.814181522226452e-05,5,Regular
Marvel,FOREARM,114,0.00028272416935068456,5.160501357997675e-05,5,Regular
Marvel,REAPER II,81,0.0001983119938347538,1.2305428189006672e-05,5,Regular
Marvel,DRAGONESS,55,0.00014077270426517545,2.5783807395620926e-06,5,Regular
Marvel,KAMIKAZE,54,0.00014097828445980135,5.602749068800409e-06,5,Regular
Marvel,STROBE/,78,0.0001904917632166573,1.008107116237106e-05,5,Regular
Marvel,SKIDS/SALLY BLEVINS,190,0.0004428708551242066,0.00015351073953598194,5,Regular
Marvel,TEMPO,62,0.00015723138053660307,7.750284634247177e-06,5,Regular
Marvel,ZERO,105,0.0002502180769996368,1.8419318957601255e-05,5,Regular
Marvel,STRYFE,133,0.00033451391428943684,0.00011346246680289657,5,Regular
Marvel,WEAPON X II/GARRISON,66,0.00018122644030377097,5.0623650605480505e-06,5,Regular
Marvel,BLIZZARD/PROF. GREGO,56,0.0001496455162346427,8.722270791803274e-06,13,Regular
Marvel,CANDY,56,0.00015449201156397582,5.053706845968446e-06,1,Regular
Marvel,RANDI,56,0.00015449201156397582,5.053706845968446e-06,1,Regular
Marvel,ARRANGER/,105,0.0003010676722511114,6.367934715859057e-05,1,Regular
Marvel,"BALDWIN, MADELYNE MA",128,0.00034534238852235356,0.0008089854879282508,3,Regular
Marvel,LLYRA/LLYRA MORRIS,128,0.00031570132701129087,0.00018145357061361393,11,Regular
Marvel,"KENT, CLARK",172,0.00039145322214853903,0.0005289526312303396,5,Regular
Marvel,GHAUR [DEVIANT],162,0.00037968858342228947,0.00024765476806096865,7,Regular
Marvel,SET,44,0.00012066035356890221,9.878563644914826e-06,1,Regular
Marvel,"MERCADO, JOY",135,0.0003608320472363544,9.430185480776844e-05,1,Regular
Marvel,VIPER II,229,0.0005602645822070037,0.0005111080412639055,11,Regular
Marvel,"SWANN, DR. EVAN",70,0.0001958440198313246,1.9057925904983934e-05,1,Regular
Marvel,"BAKER, ANNE-MARIE",35,0.00011435185728852755,4.85649839964335e-06,1,Regular
Marvel,SUNTURION/ARTHUR DEA,21,7.61257772964134e-05,1.618985780373268e-05,0,Regular
Marvel,"HALE, JONAS",50,0.0001510524830415643,1.5108018862268659e-05,0,Regular
Marvel,SILVER,53,0.00013617079909787662,5.588297459928483e-06,8,Regular
Marvel,AURIC/,58,0.00014718591719829174,6.525637492400027e-06,8,Regular
Marvel,"DRAKE, CARLTON",35,0.000109153043290709,4.5558421308631487e-07,1,Regular
Marvel,"ENDO, DR. SUZI",30,0.00011002845172103357,6.832234391901914e-07,0,Regular
Marvel,"TODD, FISHER",38,0.00012179825264222412,1.6662147341740938e-05,0,Regular
Marvel,ULTRON 2010,9,4.786168699551741e-05,0.0,0,Regular
Marvel,WONDER MAN 2010/SIMO,9,4.786168699551741e-05,0.0,0,Regular
Marvel,CENTURY,104,0.00030475297177413776,0.0001209816397172427,0,Regular
Marvel,"RAMBEAU, MARIA",57,0.0001421581203922749,2.3659125203776477e-06,0,Regular
Marvel,"RAMBEAU, FRANK",52,0.00013158036090949276,2.269146679523963e-06,0,Regular
Marvel,"LATHAM, JORGE",18,6.17062540022487e-05,1.236952442257142e-07,0,Regular
Marvel,WIZARD/BENTLEY WITTM,244,0.0005583768852857129,0.00027204150293329304,1,Regular
Marvel,"REAGAN, RONALD",130,0.00029743808750451245,2.981207478511999e-05,5,Regular
Marvel,MOONSTONE II/KARLA S,429,0.0010052462782116107,0.0011150925720245816,11,Regular
Marvel,BEETLE/ABNER RONALD ,446,0.0010646447505359158,0.001547979565190278,11,Regular
Marvel,"SLOAN, FRED",51,0.00013733970831745807,5.492871317772073e-06,2,Regular
Marvel,TIGER SHARK/TODD ARL,191,0.00045411185782263377,0.0002346382386191581,11,Regular
Marvel,ELYSIUS,100,0.0002676682841583849,0.00018793827904658002,2,Regular
Marvel,BLACKOUT/MARCUS DANI,74,0.00018132179262172213,1.0476973641152827e-05,13,Regular
Marvel,"O'BRIEN, MICHAEL",283,0.0006421526896282042,0.0011961299823186214,2,Regular
Marvel,"SIKORSKY, RAYMOND",147,0.00034612044189129,0.00015520744799909489,11,Regular
Marvel,LUNA/LUNA MAXIMOFF [,239,0.0005545450170310273,0.00042692323180077053,0,Regular
Marvel,"DANNING, SHEILA",16,5.709747038692617e-05,1.6140809387066155e-07,0,Regular
Marvel,GAROKK,46,0.00013873866125421055,2.3576435016379096e-05,5,Regular
Marvel,"LETTERMAN, DAVID",16,7.742808444344135e-05,2.0598172705384104e-05,0,Regular
Marvel,DORMAMMU,149,0.0004787402613746561,0.0009613444418154134,2,Regular
Marvel,ELEKTRA/ELEKTRA NATC,101,0.0003487104380276716,0.0005889694920721862,1,Regular
Marvel,SELENE,185,0.00046262317694268154,0.0004689601285870014,5,Regular
Marvel,SUNDER,97,0.0002248885797972732,1.725081977744138e-05,5,Regular
Marvel,KULAN GATH,42,0.00011552046805623581,6.052160284717646e-06,5,Regular
Marvel,CALIBAN/,213,0.000505320064214969,0.00025960186644868617,5,Regular
Marvel,MAGMA/AMARA AQUILLA/,199,0.0004551845979179748,0.0009268266842150518,5,Regular
Marvel,WHIRLWIND/DAVID CANN,204,0.00046147011131124035,4.9860109015901436e-05,2,Regular
Marvel,"FREEMAN, DUANE JEROM",130,0.0003124855540257357,9.692883546913371e-05,0,Regular
Marvel,DEMOLITION MAN/DENNI,171,0.00040064587551351085,0.00016074816325972678,11,Regular
Marvel,MAGDALENE/MARISSA DA,119,0.0002864405476351337,9.234407672025647e-05,0,Regular
Marvel,SWORDSMAN III/PHILIP,136,0.0003233031745919905,0.00010337630879142827,0,Regular
Marvel,"MCLAREN, MEGAN",139,0.00032843406782037037,0.00013915292849724315,0,Regular
Marvel,"CHAMPION, IMUS",56,0.0001426722510955143,1.1953297511906999e-05,0,Regular
Marvel,CORRUPTOR/JACKSON DA,68,0.0001833673820187337,0.00010746426677940507,3,Regular
Marvel,BLUE SHIELD/JOSEPH J,79,0.00021062492810149523,0.00016824811089651714,2,Regular
Marvel,"RIVERA, DR. JASON",44,0.00012163515804233273,6.42074901519406e-06,0,Regular
Marvel,"CIR, DYLON",30,0.00010018300750358383,1.1960298849503035e-05,0,Regular
Marvel,"GALEN KOR, ADMIRAL [",37,0.00011330877027799848,1.3095166182057502e-05,0,Regular
Marvel,"RON, TALLA",28,9.205329709890568e-05,8.902955858004839e-06,0,Regular
Marvel,"LOR, KONA",30,0.00010018300750358383,1.1960298849503035e-05,0,Regular
Marvel,MIDGARD SERPENT,55,0.00013731224530723614,0.0,0,Regular
Marvel,N'DELE,55,0.00013731224530723614,0.0,0,Regular
Marvel,MUTAURUS,55,0.00013731224530723614,0.0,0,Regular
Marvel,STINGRAY/DR. WALTER ,284,0.0006508509728475758,0.00041991764086093074,2,Regular
Marvel,"LE FEY, MORGAN",156,0.0003732491906398826,0.00015892934490148387,13,Regular
Marvel,GULLIN,55,0.00013731224530723614,0.0,0,Regular
Marvel,FIREBIRD/BONITA JUAR,211,0.0004806120555283668,0.0005698550410311822,2,Regular
Marvel,MORDRED THE EVIL,76,0.00018682303060209735,4.25937397183051e-05,0,Regular
Marvel,STRIDER,132,0.0003185465341422268,0.00012573952847132812,0,Regular
Marvel,WEREWOLF BY NIGHT/JA,196,0.0005568914279207496,0.001063759388221643,2,Regular
Marvel,SILVERCLAW/LA GARRA ,110,0.0002580845591611591,5.42857465805984e-05,0,Regular
Marvel,"MAGNUM, MOSES",39,0.00010953986814350462,5.800798830981427e-06,5,Regular
Marvel,FLY,48,0.00014432987031983078,1.979467332930207e-05,1,Regular
Marvel,BORA,40,0.00011364334285476779,2.691095576799377e-06,3,Regular
Marvel,"LAVEAU, MARIE",27,0.0001136081537966974,2.3563925688353537e-05,2,Regular
Marvel,BROTHER VOODOO/DANIE,179,0.0004871362202279132,0.0007330114755245881,2,Regular
Marvel,RAHL,15,6.328142081020152e-05,1.3021107116216288e-06,2,Regular
Marvel,"DRUMM, JERICHO",143,0.00038668311174842965,0.0003644912490171029,2,Regular
Marvel,DRAGONUS,10,5.060634573766969e-05,9.532592424871379e-08,2,Regular
Marvel,EXECUTIONER V,9,4.5561150333585715e-05,0.0,2,Regular
Marvel,ARKON,92,0.00023452810767570433,9.03942965201782e-05,0,Regular
Marvel,BARON MORDO/KARL MOR,90,0.0002630065762623686,0.0001905910279143979,2,Regular
Marvel,AZRAEL,1,2.576787343175434e-05,0.0,2,Regular
Marvel,HAROKIN [ASGARDIAN],45,0.00011756866432013869,2.32516932680149e-06,7,Regular
Marvel,"ANDERSON, CHARLES",14,5.701203408784264e-05,4.804066527274994e-08,1,Regular
Marvel,SOPHIE,47,0.0001353836305602253,2.9935712408470887e-06,1,Regular
Marvel,MARTHA,52,0.00014596372315220236,4.602605785532281e-06,1,Regular
Marvel,"CHEKOV, ARTHUR ANTON",90,0.00023701030813791217,1.881098628678007e-05,1,Regular
Marvel,"PALERMO, HARRIET ROS",78,0.00020796234201207378,3.3188858457686374e-05,1,Regular
Marvel,"PALERMO, VICTOR",79,0.0002100538783774507,3.3791859774866674e-05,1,Regular
Marvel,BAMBI,59,0.0001635103381725859,7.947746346797661e-06,1,Regular
Marvel,"OSNICK, OLLIE",11,4.9624833312970966e-05,1.9685465686144259e-07,1,Regular
Marvel,TOAD/MORTIMER TOYNBE,238,0.0005582902535322843,0.0004214339766125896,5,Regular
Marvel,BLACK FOX II/,40,0.00012232266113885253,6.964064188617068e-06,1,Regular
Marvel,"MACINTOSH, ANN",48,0.00014741039497206073,7.531391625328212e-05,1,Regular
Marvel,"FUJIKAWA, RUMIKO",73,0.00024698747246100695,0.00022652741079100567,0,Regular
Marvel,SCYLLA,5,3.5583590420439435e-05,0.0,0,Regular
Marvel,JAKAL,12,5.624493065240816e-05,0.0,5,Regular
Marvel,MARAUD,12,5.624493065240816e-05,0.0,5,Regular
Marvel,DESTRAK,12,5.624493065240816e-05,0.0,5,Regular
Marvel,SENTRY 459,47,0.00012388300888522056,4.385844655288931e-06,0,Regular
Marvel,CHEETAH,39,0.00010937105456359269,1.301699584712336e-06,11,Regular
Marvel,"BOGGS, MORDECAI P.",34,0.00010163983934250741,5.049989174696121e-06,2,Regular
Marvel,ARON [WATCHER],118,0.0002693179080917753,2.4665932184889537e-05,8,Regular
Marvel,"NYLES, JENNIFER",10,4.855154569226079e-05,0.0,2,Regular
Marvel,"PETERS, NIGEL",3,3.963322221171548e-05,0.0,2,Regular
Marvel,"FALSWORTH, KENNETH",3,3.963322221171548e-05,0.0,2,Regular
Marvel,NANNY II,73,0.0001756022786382615,6.011985343298693e-06,5,Regular
Marvel,"KELLY, SEN. ROBERT E",212,0.0005101228862444307,0.00015820583575963735,5,Regular
Marvel,BONEBREAKER/,77,0.00018708691499791087,1.938120942001871e-06,5,Regular
Marvel,ORPHAN-MAKER/PETER,73,0.0001756022786382615,6.011985343298693e-06,5,Regular
Marvel,LADY DEATHSTRIKE/YUR,120,0.00029694076847382926,0.0003460111279536834,5,Regular
Marvel,BLACK KING/SEBASTIAN,282,0.000686003647778892,0.004170831074341183,5,Regular
Marvel,TESSA,165,0.0003999271525044813,0.00013743227006191282,5,Regular
Marvel,"PIERCE, DONALD",130,0.00033096796574858244,0.0002633260153455164,5,Regular
Marvel,SPIRAL,206,0.0005069687914637697,0.000513835255057188,5,Regular
Marvel,MINOR DOMO,16,5.70222090558757e-05,0.0,5,Regular
Marvel,"COLE, WADE",86,0.00020234040045505162,2.0001222364737137e-06,5,Regular
Marvel,BARBARUS,78,0.0001899395259763869,1.694384550829279e-05,5,Regular
Marvel,ZALADANE,70,0.00017122642865296075,2.2391626864152114e-06,5,Regular
Marvel,GAZA,78,0.0001899395259763869,1.694384550829279e-05,5,Regular
Marvel,WHITEOUT,84,0.00019773271843161563,2.4322979444522623e-05,11,Regular
Marvel,AMPHIBIUS,93,0.00022810531850436515,3.700586571947804e-05,5,Regular
Marvel,"REESE, MURRAY",91,0.00021613911360945928,3.2778795597881392e-06,5,Regular
Marvel,"PARKER, RICHARD",28,0.0001008805023837717,4.935492380830589e-06,1,Regular
Marvel,"PARKER, MARY",25,8.871171612147863e-05,2.924334347797198e-06,1,Regular
Marvel,"DESTINE, ADAM",20,7.354086723213775e-05,0.0,5,Regular
Marvel,"CERA, KAY",53,0.00014831674259793324,1.780175681774622e-05,5,Regular
Marvel,"DESTINE, NEWTON",20,7.354086723213775e-05,0.0,5,Regular
Marvel,WALLOP/WALTER DESTIN,20,7.354086723213775e-05,0.0,5,Regular
Marvel,IMP/PANDORA DESTINE,20,7.354086723213775e-05,0.0,5,Regular
Marvel,"GAMBLE, GRACIE",20,7.354086723213775e-05,0.0,5,Regular
Marvel,SYNRAITH,20,7.354086723213775e-05,0.0,5,Regular
Marvel,CRIMSON CRUSADER/ROR,20,7.354086723213775e-05,0.0,5,Regular
Marvel,HEX/DOMINIC DESTINE,20,7.354086723213775e-05,0.0,5,Regular
Marvel,"HASARD, SAMANTHA",20,7.354086723213775e-05,0.0,5,Regular
Marvel,NUMBER NINE,13,5.586674469348571e-05,6.450795347194079e-07,13,Regular
Marvel,POPE,8,4.4365637903289734e-05,6.108671717399216e-07,13,Regular
Marvel,QNAX,20,7.175641690068629e-05,3.7104631073464934e-07,2,Regular
Marvel,MICROCHIP/LINUS LIEB,103,0.00046235701486377676,0.0006794642254131689,1,Regular
Marvel,NETWORK NINA,40,0.00014433401329274614,2.9969809475468647e-05,2,Regular
Marvel,MANIKIN/DR. WHITMAN ,96,0.00023107715655906896,4.7955529417463506e-05,8,Regular
Marvel,BOX IV/MADISON JEFFR,150,0.0003630743952677877,0.00021117803211305667,8,Regular
Marvel,BOX/ROGER BOCHS,81,0.00019494030131455837,2.1300655147152867e-05,8,Regular
Marvel,AURORA/JEANNE-MARIE ,407,0.0009166174851970826,0.000997879521255283,8,Regular
Marvel,PERSUASION/KARA KILL,112,0.00026719359470480877,7.060363159827469e-05,8,Regular
Marvel,PUCK/EUGENE MILTON J,371,0.0008930369733226406,0.0017245407356447624,8,Regular
Marvel,NORTHSTAR/JEAN-PAUL ,421,0.0009553017384502619,0.0013049335448444752,8,Regular
Marvel,"MENKEN, DONALD L.",26,0.00010408811458092728,6.230695093813853e-06,1,Regular
Marvel,"BENDIX, DR. ALBERT",9,5.345379543221577e-05,0.0,1,Regular
Marvel,"FREDERICKSON, KOLINA",9,5.345379543221577e-05,0.0,1,Regular
Marvel,SNOWBIRD/NARYA/ANNE ,244,0.0005527076955340888,0.0002467834151375851,2,Regular
Marvel,PESTILENCE/CAPT. F.R,21,6.638631539936247e-05,0.0,8,Regular
Marvel,TALISMAN II/ELIZABET,169,0.0003888427518461598,0.00015375297687184378,8,Regular
Marvel,MESMERO,92,0.0002301549061466582,0.0001060528340099316,5,Regular
Marvel,MARRINA/MARRINA SMAL,119,0.00028441243250201164,8.44811582663252e-05,8,Regular
Marvel,BYRRAH [ATLANTEAN],47,0.00013407774518794596,1.3022428031629785e-05,13,Regular
Marvel,PURPLE MAN/ZEBEDIAH ,71,0.0002006826931223164,0.00012793544510218604,1,Regular
Marvel,PAST MASTER/PROFESSO,1,2.5395044851205483e-05,0.0,0,Regular
Marvel,D'KEN [SHI'AR],68,0.00016306502178978742,5.017883335338111e-06,5,Regular
Marvel,LILANDRA NERAMANI [S,335,0.000751723423750599,0.000691342277740843,5,Regular
Marvel,S'LAR,20,6.448643683390888e-05,0.0,5,Regular
Marvel,K'RK [SHI'AR],39,0.00010259880058358388,3.599579045574468e-07,5,Regular
Marvel,DUCHARME,4,3.737445559034621e-05,0.0,2,Regular
Marvel,"BROWN, ABE",48,0.00016373358872969577,4.086553376287123e-05,2,Regular
Marvel,"DIAMOND, BOB",79,0.00025755625482116264,0.00010570962359075323,2,Regular
Marvel,"SUN, LIN",42,0.00014448690603491857,3.353830782568837e-05,2,Regular
Marvel,"ALDEN, PROF. MEREDIT",40,0.0001261938526340131,6.5072718200689555e-06,0,Regular
Marvel,"STARK, HOWARD",49,0.00015565068049138735,9.416637961841496e-05,3,Regular
Marvel,IRON MAN III/EDDIE M,29,8.906484323971536e-05,1.2324071519284775e-06,0,Regular
Marvel,CRIMSON DYNAMO III/A,46,0.000128435389394289,8.745306848856025e-06,0,Regular
Marvel,"CORD, JANICE",35,0.00012012858835727113,1.3368713496778373e-05,0,Regular
Marvel,"QUINN, PAMELA",41,0.0001218964131200607,7.428395062121432e-06,3,Regular
Marvel,"HARRIS, EDDIE",42,0.00012466678768329506,8.429406301669286e-06,3,Regular
Marvel,TITANIUM MAN/BORIS B,69,0.00018962717397375835,2.9915479779833115e-05,0,Regular
Marvel,MODOK/GEORGE TARLETO,180,0.00042846245156611393,0.00020746616439036678,11,Regular
Marvel,SHELLSHOCK/,85,0.00020750721813875983,2.975963025364221e-05,11,Regular
Marvel,TITANIA/,58,0.00015136779023511957,1.6950883436085573e-05,11,Regular
Marvel,LETHA,83,0.00020649921895433702,3.737340596054642e-05,11,Regular
Marvel,POUNDCAKES/MARIAN PO,119,0.0002839500554495265,0.0003791745556404637,11,Regular
Marvel,"JACKSON, CELIA",51,0.0001460619924049942,7.232745114472946e-05,11,Regular
Marvel,MIRAGE,89,0.0002199017336740261,4.0783324893145304e-05,11,Regular
Marvel,HIJACKER,75,0.00018645623618194292,2.7886045338964662e-05,11,Regular
Marvel,MELTER/BRUNO HORGAN,171,0.00039543291792896697,5.311215895934081e-05,2,Regular
Marvel,SCREAMING MIMI/MELIS,432,0.0010168042657084206,0.0012988791588280616,11,Regular
Marvel,"LEWIS, SHIRLEY WASHI",121,0.0003611928595175665,0.0005915346095583504,1,Regular
Marvel,NARDI,25,9.060967046919057e-05,0.0,1,Regular
Marvel,ANDROS,25,9.060967046919057e-05,0.0,1,Regular
Marvel,LASHER/,25,9.060967046919057e-05,0.0,1,Regular
Marvel,"LEWIS, DEVON",79,0.0002514636823055703,7.34897814779242e-05,1,Regular
Marvel,BRAMER,25,9.060967046919057e-05,0.0,1,Regular
Marvel,"CARRADINE, JESSICA J",42,0.00013775818259095075,2.437258160159552e-05,1,Regular
Marvel,THUNDERBIRD II/JAMES,451,0.0011877710066901764,0.0024652970698679543,5,Regular
Marvel,CHIEF EXAMINER,69,0.00017142436845827592,0.0002964251305489321,8,Regular
Marvel,ANTHROMORPHO,60,0.000147052580575619,7.324681635133757e-06,8,Regular
Marvel,ERISHKIGEL II/HOLLY ,94,0.00022591607287730307,0.0003023666416411527,7,Regular
Marvel,KRUGGAR,30,8.563406477226116e-05,0.0,7,Regular
Marvel,FATH,60,0.00015653560727113186,0.00020551703682104386,7,Regular
Marvel,EPOCH,153,0.0003537200040054449,0.0006300440675146312,7,Regular
Marvel,DEATHURGE,102,0.00023990591404992963,5.74262483320253e-05,7,Regular
Marvel,MAGIC,58,0.00014802527131475358,2.6772634375959665e-05,0,Regular
Marvel,KORATH THE PURSUER,61,0.00015394902936248452,8.298076976713219e-05,0,Regular
Marvel,MANTA,52,0.00013703350573022216,1.8060419720250397e-05,0,Regular
Marvel,ANGLER,55,0.00014333565407710505,7.445683016565846e-05,0,Regular
Marvel,IMPULSE,78,0.00018420262550365986,2.4335524022318878e-05,0,Regular
Marvel,"CARTER, PEGGY",333,0.0007785324300315991,0.0016523995661572343,11,Regular
Marvel,"KRUMA, TALIA",56,0.0001473002386347555,2.8417782816503584e-05,0,Regular
Marvel,SOLAR WIND,25,7.570090369448843e-05,0.0,0,Regular
Marvel,ARAKI II,45,0.00011771747528416197,3.8858132999858213e-07,0,Regular
Marvel,STARBOLT,123,0.0002799190597812091,5.2766681122347464e-05,0,Regular
Marvel,SHATTERAX,67,0.00016768737838645438,7.688409963745198e-05,0,Regular
Marvel,ELECTRON,91,0.00022145788707692384,6.604210859333219e-05,0,Regular
Marvel,GLOM,44,0.00011498795597583147,3.023746814134279e-07,0,Regular
Marvel,WARSTAR,134,0.00031316802970538085,0.00010833433308167926,0,Regular
Marvel,NEUTRON,56,0.0001424684407690922,6.142186994456001e-06,0,Regular
Marvel,ONSLAUGHT,25,7.570090369448843e-05,0.0,0,Regular
Marvel,ORACLE/LADY SIBYL,151,0.00035357036060320316,0.00016845594601031826,0,Regular
Marvel,VOYAGER,25,7.570090369448843e-05,0.0,0,Regular
Marvel,MOONDANCER,25,7.570090369448843e-05,0.0,0,Regular
Marvel,TEMPEST/GRANNZ,123,0.00028964577190685007,0.00010407235565746336,0,Regular
Marvel,GLITTER/,9,5.006268107948074e-05,0.0,7,Regular
Marvel,BLUR,9,5.006268107948074e-05,0.0,7,Regular
Marvel,ANTIBODY,9,5.006268107948074e-05,0.0,7,Regular
Marvel,CAPTAIN MANHATTAN,9,5.006268107948074e-05,0.0,7,Regular
Marvel,QUAGMIRE,54,0.00015280848942547494,4.756886147355158e-05,7,Regular
Marvel,SOUL-EATER,20,6.830002311692735e-05,0.0,7,Regular
Marvel,CAREGIVER/RUBANNA LA,26,7.90096607689748e-05,2.6050839987480152e-06,7,Regular
Marvel,ANOMALY III,12,4.849831701262121e-05,0.0,7,Regular
Marvel,"BALLANTINE, DEVON",24,7.663216053473485e-05,6.0143812955826e-06,7,Regular
Marvel,"BALLANTINE, MRS.",20,6.830002311692735e-05,0.0,7,Regular
Marvel,WAYOPEX,20,6.830002311692735e-05,0.0,7,Regular
Marvel,DEATHBIRD [SHI'AR],203,0.00047801887697796586,0.0008765686279968513,5,Regular
Marvel,ULTIMUS,73,0.00018040656433558408,0.00012475729667693811,0,Regular
Marvel,"BALLANTINE, MR.",20,6.830002311692735e-05,0.0,7,Regular
Marvel,"MASON, LOUISE",105,0.00037519080888618385,0.000492007921186687,13,Regular
Marvel,"CHALIZ, SHANAZ RAYNA",15,6.833847756748528e-05,0.0,1,Regular
Marvel,"CHALIZ, TABRIAZ",15,6.833847756748528e-05,0.0,1,Regular
Marvel,CONUNDRUM/,15,6.833847756748528e-05,0.0,1,Regular
Marvel,"WALTERS, BILLY",97,0.0002867784075663302,9.540614797388153e-05,1,Regular
Marvel,MAGUIRE,34,0.00012155113440906698,4.631701531075459e-06,1,Regular
Marvel,JACK O'LANTERN II/MA,81,0.00023303293926719656,0.0002136117170167784,1,Regular
Marvel,"CHALIZ, HAZRAM",15,6.833847756748528e-05,0.0,1,Regular
Marvel,"GOTTFRIED, WILLIS",10,4.844325576451666e-05,0.0,1,Regular
Marvel,GREEN GOBLIN V/,48,0.00014775389234005906,3.29339509317629e-06,1,Regular
Marvel,GIBBON/MARTIN BLANK,34,0.00011570473408491303,2.433923561682109e-06,1,Regular
Marvel,PROFESSOR ANGST/DR. ,29,0.00010407278516491155,2.9692386768959296e-07,1,Regular
Marvel,KRAVEN THE HUNTER II,73,0.0002140820267132735,0.0001912318842454126,1,Regular
Marvel,CALYPSO,37,0.0001253254693025492,2.0032683015539018e-05,1,Regular
Marvel,GRIZZLY/MAXWELL MARK,34,0.00011503472385271794,2.2185693112298247e-07,1,Regular
Marvel,"ROBERTSON, MARTHA",148,0.0004002834928081199,0.00028454911050702285,1,Regular
Marvel,"THOMPSON, JESSICA JE",19,7.176530480920305e-05,8.64812508648125e-08,1,Regular
Marvel,"THOMPSON, HARRISON",20,7.575400942893114e-05,1.4488417352676382e-07,1,Regular
Marvel,"THOMPSON, ROSIE",20,7.575400942893114e-05,1.4634765002703415e-07,1,Regular
Marvel,"KAFKA, DR. ASHLEY",72,0.00022437423209813564,5.899210940406409e-05,1,Regular
Marvel,WHITE RABBIT,19,8.642235491016016e-05,1.559185082993176e-07,1,Regular
Marvel,"HILLIARD, JACOB",15,6.833847756748528e-05,0.0,1,Regular
Marvel,"DIPALMA, JOHNNY",15,6.833847756748528e-05,0.0,1,Regular
Marvel,CARNAGE/CLETUS KASAD,73,0.00021702790475724095,4.3789950250733864e-05,1,Regular
Marvel,BUZZ,83,0.00026298196853160807,4.340827466254293e-05,1,Regular
Marvel,ROSE IV/JACOB JAKE C,94,0.00028839099344138815,5.7346520576258515e-05,1,Regular
Marvel,SHOTGUN III/,27,9.451897552586566e-05,1.8014665142057506e-08,1,Regular
Marvel,AURA/ANN HERD,45,0.00014750635222408296,5.5840994191951686e-05,1,Regular
Marvel,"FIELDING, CLARENCE",22,8.145861570060574e-05,0.0,1,Regular
Marvel,LILITH/ANGEL O'HARA/,36,0.00018992948096697944,0.0001939130204514948,2,Regular
Marvel,"NELSON, DEBBIE HARRI",65,0.00020346784325931612,0.0006851461539249514,1,Regular
Marvel,THRAXON,17,6.148360998363197e-05,8.609251374852205e-07,13,Regular
Marvel,"SCRATCH, NICHOLAS",52,0.0001500142370078025,3.38346191606998e-05,0,Regular
Marvel,HYDRON,41,0.00012634639660163567,1.3452913204299338e-05,0,Regular
Marvel,VAKUME,41,0.00012634639660163567,1.3452913204299338e-05,0,Regular
Marvel,THORNN,41,0.00012634639660163567,1.3452913204299338e-05,0,Regular
Marvel,BRUTACUS,41,0.00012634639660163567,1.3452913204299338e-05,0,Regular
Marvel,GAZELLE,38,0.00011824516734258302,1.1259436218863437e-05,0,Regular
Marvel,VERTIGO,41,0.00012634639660163567,1.3452913204299338e-05,0,Regular
Marvel,REPTILLA,41,0.00012634639660163567,1.3452913204299338e-05,0,Regular
Marvel,PEARLA,9,4.4330656963675325e-05,0.0,13,Regular
Marvel,DRAGON MAN,109,0.00027914306740188885,6.922859702041468e-05,1,Regular
Marvel,RAKSOR [SKRULL],47,0.00011922110411667129,1.2541952709756052e-05,0,Regular
Marvel,"BEL-DANN, GEN.",64,0.00019767384991157335,0.00033798130287211693,0,Regular
Marvel,SUNSET,2,2.8625507921097425e-05,0.0,1,Regular
Marvel,ARCADE/,128,0.0003205098099717448,0.0001196569638956013,5,Regular
Marvel,MISS LOCKE,79,0.00019776640506367888,1.2567131046523271e-05,5,Regular
Marvel,DOPPELGANGER,110,0.00025880748468870665,4.453155046475787e-05,8,Regular
Marvel,DEMOGOBLIN,32,0.00011904717944276756,1.4585455010382684e-05,1,Regular
Marvel,GOG,41,0.00012462430637316305,1.4211177378017808e-05,1,Regular
Marvel,"WATSON, KRISTY",105,0.0002754761292085981,4.049539955857997e-05,1,Regular
Marvel,SOLO/,72,0.00020160918370482815,4.1201549378722026e-05,1,Regular
Marvel,"LUMPKIN, WILLIAM WIL",206,0.0004933253427742343,0.0002323896661524101,1,Regular
Marvel,"SHERIDAN, RICHARD RI",71,0.00028065502989385013,0.002395641053125361,10,Regular
Marvel,RAMBO,61,0.0002517530086008355,0.0018960475469322292,10,Regular
Marvel,SLEEPWALKER,138,0.0004200474893301414,0.008141458030225666,10,Regular
Marvel,CYBORG X/,15,6.124387525089148e-05,1.7425259477090285e-07,1,Regular
Marvel,"MCDONNELL, OSCAR",11,5.077030239259295e-05,0.0,1,Regular
Marvel,BRAINSTORM/,4,3.364634089874323e-05,0.0,1,Regular
Marvel,NIGHTHAWK/KYLE RICHM,148,0.00034327178902735054,0.00029116062618302085,2,Regular
Marvel,GOLDEN ARCHER II/WYA,67,0.00018148452372836,9.330853164993276e-05,7,Regular
Marvel,CAPTAIN HAWK,53,0.0001470900098138822,7.11538545700518e-05,7,Regular
Marvel,AMERICAN EAGLE II/JA,18,6.19996716664856e-05,0.0,7,Regular
Marvel,TOM THUMB/THOMAS THO,58,0.0001582589907873368,7.532237466774561e-05,7,Regular
Marvel,"CASIOLENA, QUEEN",25,7.560864263296351e-05,3.778307076618022e-09,0,Regular
Marvel,"THOMAS, ROY",66,0.0001861528124763861,5.271150607488352e-05,3,Regular
Marvel,"NIXON, RICHARD",36,0.00010355655901181924,4.8473086765109174e-06,13,Regular
Marvel,ARIES/MARCUS LASSITE,34,0.0001004755432665425,3.997122707333614e-06,0,Regular
Marvel,RED WOLF III/WILL TA,146,0.00037837458444008954,0.0003382246768379133,2,Regular
Marvel,LOBO,124,0.00028298081401621734,8.676876954608438e-06,2,Regular
Marvel,RED WOLF/WILDRUN,35,0.00010150657495516335,8.176796857726857e-06,13,Regular
Marvel,WOLF SPIRIT/OWAYODAT,13,5.1180256181205645e-05,4.073110753593729e-08,0,Regular
Marvel,MOLTEN MAN/MARK RAXT,52,0.0001616939084658243,6.260438520815771e-06,1,Regular
Marvel,LOOTER/NORTON G. FES,69,0.00018646193390852085,0.00026631941766091713,1,Regular
Marvel,CAT BURGLAR,15,6.451363417264976e-05,3.891656288916563e-08,1,Regular
Marvel,WHITE QUEEN/EMMA FRO,393,0.0010074673080275025,0.004624723986574617,5,Regular
Marvel,EMPATH/MANUEL ALFONS,59,0.00014506553696265752,4.183717006872595e-06,5,Regular
Marvel,"JONES, BART",58,0.00016749546876413337,2.2526679806123134e-05,3,Regular
Marvel,ROULETTE II/JENNY ST,86,0.00021101141940424616,2.2073619909726196e-05,5,Regular
Marvel,TAROT/MARIE-ANGE COL,95,0.00024196153827015274,3.586751449287579e-05,5,Regular
Marvel,JETSTREAM/HAROUD IBN,81,0.00019907700893611992,2.574693105320727e-05,5,Regular
Marvel,CATSEYE/SHARON SMITH,78,0.0001946424108816527,1.6573391405031624e-05,5,Regular
Marvel,KURAGARI,4,3.705342115092742e-05,0.0,5,Regular
Marvel,GOMURR,9,5.131570124639039e-05,2.145758727900089e-06,5,Regular
Marvel,TAR,9,5.131570124639039e-05,2.145758727900089e-06,5,Regular
Marvel,"BERENGHETTI, MICHAEL",20,7.916137757573562e-05,5.587829447192224e-07,2,Regular
Marvel,CAT III/SHEN KUEI,39,0.00012989305372709085,4.733922023542558e-05,2,Regular
Marvel,MIKHLO,208,0.00047632352339875426,0.00011052476644425656,2,Regular
Marvel,IGOR,208,0.00047632352339875426,0.00011052476644425656,2,Regular
Marvel,PEATOR,210,0.0004841870401071589,0.000126281696225004,2,Regular
Marvel,RED GHOST/IVAN KRAGO,218,0.0005127895306030161,0.0002938304002133408,2,Regular
Marvel,BLASTAAR,114,0.000275186789748615,5.2777566119729145e-05,7,Regular
Marvel,LANCER/SAMANTHA DUNB,27,0.00012999856425988977,8.422969952875165e-05,13,Regular
Marvel,AL-KHALAD,5,6.211261781511149e-05,0.0,13,Regular
Marvel,TUVO,5,6.211261781511149e-05,0.0,13,Regular
Marvel,BYRRAH | HEROES REBO,5,6.211261781511149e-05,0.0,13,Regular
Marvel,BREEGAN,5,6.211261781511149e-05,0.0,13,Regular
Marvel,"RALSTON, SENATOR ROB",36,0.00013052634471022098,6.687697821734137e-05,2,Regular
Marvel,"COHEN, IZZY",12,6.41054456567467e-05,8.547416048617464e-07,2,Regular
Marvel,"SAWYER, GENERAL SAMU",24,8.776564326337796e-05,8.065800127058303e-06,2,Regular
Marvel,"MANELLI, DINO",39,0.00013205056236977711,7.573327223523223e-05,2,Regular
Marvel,"JUNIPER, JONATHAN JU",7,4.40104760467648e-05,0.0,2,Regular
Marvel,MORG,19,8.421753968490295e-05,4.375422867534692e-06,8,Regular
Marvel,TYRANT,11,5.974449826967269e-05,1.9728515711183233e-06,8,Regular
Marvel,AIR-WALKER/GABRIEL L,17,6.576750367944626e-05,3.134975720479381e-06,8,Regular
Marvel,ATTUMA,196,0.0004607184674991008,0.0002460241477436208,2,Regular
Marvel,BELASCO,44,0.0001248415839500079,1.0529130640251631e-05,5,Regular
Marvel,"HUNTER, STEVIE",129,0.00029166611337348356,2.2869071869328567e-05,5,Regular
Marvel,"HOBBS, HARRIS",27,7.975863446160832e-05,1.6411315909925173e-06,7,Regular
Marvel,HODER [ASGARDIAN],31,9.187988351151265e-05,3.965911688502528e-07,7,Regular
Marvel,THOR II/ROGER RED NO,86,0.00022952442554139774,0.0006942754444778268,7,Regular
Marvel,SIGYN,53,0.00014018361652337234,2.3974872827176814e-05,7,Regular
Marvel,PLUTO [OLYMPIAN],145,0.0003736607034474943,0.00022928434916753284,7,Regular
Marvel,HERMOD [ASGARDIAN],70,0.00017640712689591425,2.0254063820933963e-05,7,Regular
Marvel,FRIGGA,118,0.00028510103792200127,6.618543992232706e-05,7,Regular
Marvel,TURK,40,0.00013039973915979775,2.9509716446252966e-05,1,Regular
Marvel,"STROUD, SIMON",18,7.664394426543759e-05,7.841770997325037e-06,1,Regular
Marvel,"WEISENTHAL, DR. JACO",15,7.891847337252612e-05,4.098873669692617e-07,2,Regular
Marvel,COMET MAN/DR. STEPHE,19,8.00722131795399e-05,5.721337011813655e-06,8,Regular
Marvel,MAX,2,2.9123614345873627e-05,0.0,8,Regular
Marvel,PAYBACK/,2,3.0269168851609216e-05,0.0,1,Regular
Marvel,"PAINE, DR.",5,3.976331920894246e-05,0.0,1,Regular
Marvel,PRIME MOVER,22,8.253767344086754e-05,6.861721406665926e-06,2,Regular
Marvel,MIESHO,11,5.586172003396238e-05,0.0,13,Regular
Marvel,ZIRA,29,0.00010356241499759772,1.041925567548474e-05,13,Regular
Marvel,"HELLER, DR. JOSEPH",11,5.586172003396238e-05,0.0,13,Regular
Marvel,CONSUMPTION,11,5.586172003396238e-05,0.0,13,Regular
Marvel,JAGATAR,11,5.586172003396238e-05,0.0,13,Regular
Marvel,"SHINCHUKO, LOTUS",39,0.00013352672762016087,3.197045728626505e-05,2,Regular
Marvel,"BYRD, NATHANIEL ALEX",22,8.954618622528118e-05,4.476302424738471e-06,2,Regular
Marvel,KAMINARI,11,5.6016148596067045e-05,1.2757788508113828e-07,0,Regular
Marvel,KAZE,11,5.6016148596067045e-05,1.2757788508113828e-07,0,Regular
Marvel,INAZUMA,11,5.6016148596067045e-05,1.2757788508113828e-07,0,Regular
Marvel,"JACKSON, CURTISS",69,0.00018283535251814026,7.99578924712265e-06,11,Regular
Marvel,DR. FAUSTUS,25,8.263314188336558e-05,3.1381970131961156e-06,1,Regular
Marvel,VAGABOND/PRISCILLA L,42,0.00011241658450607131,5.927279059142162e-07,11,Regular
Marvel,SLUG/ULYSSES X. LUGM,44,0.00014509495232339464,2.9702110619667405e-05,1,Regular
Marvel,TINKERER,109,0.0002787962731682107,3.9797956469732475e-05,1,Regular
Marvel,LEFT-WINGER/HECTOR L,34,9.562077595398903e-05,8.666079102120441e-07,0,Regular
Marvel,RIGHT-WINGER/JEROME ,34,9.562077595398903e-05,8.666079102120441e-07,0,Regular
Marvel,"HUNT, JERRY",16,6.349703564445769e-05,2.0261541532843077e-06,2,Regular
Marvel,"RIDDLEY, HIRAM RAM",33,9.240952810878937e-05,8.313669962854124e-07,11,Regular
Marvel,WATER WIZARD/PETE,154,0.0003689587857396498,0.0001298047995957579,11,Regular
Marvel,DOMINO II,5,3.370022966453138e-05,0.0,11,Regular
Marvel,SCOURGE,136,0.0003352755786261696,0.00011598543823833551,11,Regular
Marvel,COSMIC MESSIAH,9,4.779178233543888e-05,9.90294183297116e-08,8,Regular
Marvel,SORRENTINO/SORRENTIN,26,0.00010257877645792921,0.00013766730286597216,8,Regular
Marvel,"GANGER, DR. ALEXEI",15,7.230881950278086e-05,4.040310484610756e-05,8,Regular
Marvel,"PRAZNIKI, ANNIE",22,9.223988577083231e-05,7.670897532396284e-06,7,Regular
Marvel,"FLEMING, PHILIP",9,5.1274427654165895e-05,8.654088114358909e-07,7,Regular
Marvel,"PRAZNIKI, VICTOR",13,6.567001715657701e-05,3.49630343637463e-06,7,Regular
Marvel,MOONBOY,30,9.42213669933914e-05,3.826543420296345e-06,2,Regular
Marvel,DEVIL DINOSAUR,30,9.42213669933914e-05,3.826543420296345e-06,2,Regular
Marvel,SPYMASTER II,35,0.00010712803123523695,3.3939579153847477e-06,0,Regular
Marvel,"STARK, MORGAN",79,0.00023092809148045194,5.796658504951992e-05,0,Regular
Marvel,"SONDHEIM, ERICA",65,0.00020331413379948637,2.4175619016948196e-05,0,Regular
Marvel,SCRIER,19,8.85463365906735e-05,7.625004658694766e-05,8,Regular
Marvel,"CURZON, DETECTIVE IN",6,3.578478873356081e-05,0.0,7,Regular
Marvel,"RORY, RICHARD",49,0.00015641145061553815,4.95530699209148e-05,1,Regular
Marvel,"LADONNA, HOLLY",29,8.907579607938057e-05,3.975352744917492e-06,0,Regular
Marvel,SAMHAIN,13,5.36828271146439e-05,0.0,0,Regular
Marvel,MOONSTONE/LLOYD BLOC,71,0.0001821316619237502,5.393145024349448e-05,0,Regular
Marvel,CAPTAIN BARRACUDA,18,7.049691653687566e-05,6.470584604824141e-06,2,Regular
Marvel,"BLAKE, DR. DONALD (C",41,0.00012041263526006027,3.989273635912939e-06,7,Regular
Marvel,EXECUTIONER,3,2.9958058114803294e-05,0.0,7,Regular
Marvel,TYR,59,0.0001494376704831954,4.82862066337239e-05,7,Regular
Marvel,"ROOSEVELT, FRANKLIN ",10,4.91485695298803e-05,0.0,2,Regular
Marvel,YUKIO,62,0.00019821385811682722,4.861395341385964e-05,5,Regular
Marvel,"YASHIDA, MARIKO",106,0.0002740790908242426,6.892774776039227e-05,5,Regular
Marvel,ASANO,8,4.076043363744069e-05,0.0,5,Regular
Marvel,SHRIEK/SANDRA DEEL/F,28,0.00010006554964178658,5.2360048841385355e-06,1,Regular
Marvel,"MCBRIDE, BEATRICE",9,4.7435399881295823e-05,0.0,1,Regular
Marvel,CARRION II/MALCOLM M,40,0.00012855597395260485,3.8128266556721985e-05,1,Regular
Marvel,FROH,9,5.2516839371921466e-05,0.0,2,Regular
Marvel,LOGA,9,5.2516839371921466e-05,0.0,2,Regular
Marvel,BRAIN DRAIN/WERNER S,67,0.00017660940969690855,2.2000618891102828e-05,8,Regular
Marvel,BRUNNHILDE/MCM-XLI (,9,5.2516839371921466e-05,0.0,2,Regular
Marvel,DONAR,9,5.2516839371921466e-05,0.0,2,Regular
Marvel,BLACKWING/JOSEPH MAN,127,0.0003122219287901103,0.00010086657869825934,11,Regular
Marvel,CRUSHER II/JUAN APON,3,3.078093141132279e-05,0.0,1,Regular
Marvel,MANDRILL/HENSLEY FAR,53,0.0001388206024719352,4.142046003558306e-06,2,Regular
Marvel,"O'HARA, ROBERT IRONG",31,0.00010014410030612252,2.8220185293555027e-06,1,Regular
Marvel,NEKRA/ADRIENNE HATRO,86,0.00021192857116200594,4.353711846531151e-05,0,Regular
Marvel,GLADIATOR/MELVIN POT,100,0.0002893596879788697,0.00011719969619830059,1,Regular
Marvel,"PETROVITCH, IVAN",101,0.0002928912073400845,0.00011236408469717624,1,Regular
Marvel,OWL/LELAND OWLSLEY,67,0.00020040544176853922,5.0236320628713166e-05,1,Regular
Marvel,"CARSON, LT. PAUL",28,9.16059689203911e-05,3.342121496092531e-06,1,Regular
Marvel,SHATTERSTAR II/GAVEE,214,0.0005254687279681437,0.00026169311439937535,5,Regular
Marvel,CYPHER/DOUG RAMSEY,302,0.0007167102272126984,0.0029393777816800895,5,Regular
Marvel,BOOMER/TABITHA SMITH,435,0.0011597531895036037,0.00248909576849489,5,Regular
Marvel,RICTOR/JULIO ESTEBAN,230,0.0005489167387623977,0.0002887634800228555,5,Regular
Marvel,"LANG, DR. STEVEN",78,0.00019817957262743162,1.6933697993703958e-05,5,Regular
Marvel,SIRYN/THERESA ROURKE,366,0.0009651808970254422,0.0026244994889173157,5,Regular
Marvel,"STERN, ROGER",32,9.365759073543049e-05,1.0702223135844347e-05,5,Regular
Marvel,"CLAREMONT, CHRIS",111,0.000272335850841178,6.285537968006937e-05,5,Regular
Marvel,"WILFORD, ELISABETH B",61,0.00015746675965918236,1.1432219941344774e-05,5,Regular
Marvel,"WILFORD, BONNIE",50,0.00013254526496054488,3.3452261001122285e-06,5,Regular
Marvel,"AUSTIN, TERRY",31,9.05644758359784e-05,7.954034000629174e-07,5,Regular
Marvel,"WEIN, GLYNIS",32,9.70147402677177e-05,7.969908188647624e-06,5,Regular
Marvel,"WING, COLLEEN",234,0.0006241611740711413,0.0007092521827239032,2,Regular
Marvel,"CHAMBERS, MR.",43,0.00012132720310758052,7.469395606788007e-05,5,Regular
Marvel,"WEIN, LEN",69,0.00018602020433876467,4.1834473793640436e-05,5,Regular
Marvel,GRAVITON/FRANK HALL,123,0.0003134127531587141,0.00011726811587510617,11,Regular
Marvel,SHROUD/MAXIMILLIAN Q,175,0.0004226191281618787,0.00022676599112419224,2,Regular
Marvel,"WILLIAMS, MRS.",12,5.641177034018063e-05,2.677293481937023e-05,0,Regular
Marvel,MOUSE,13,5.44101071672421e-05,1.9143553503637551e-07,0,Regular
Marvel,CAT II,13,5.44101071672421e-05,1.9143553503637551e-07,0,Regular
Marvel,"ROSSIN, DR.",6,3.5854118161835974e-05,0.0,0,Regular
Marvel,SPIDER-WOMAN/JESSICA,294,0.0007592244366346865,0.0010895916073681883,2,Regular
Marvel,"MCCABE, LINDSAY",94,0.0002595378001866105,9.80662119639156e-05,5,Regular
Marvel,"HUNTER, IAN",20,8.667416019812255e-05,3.543080241340488e-07,1,Regular
Marvel,"MALPHER, KATHY",37,0.0001420631189585229,4.577507564083105e-05,1,Regular
Marvel,"BORROUGHS, CHARLES C",22,9.216012205519035e-05,5.614094576745663e-07,1,Regular
Marvel,"DWYER, MARISSA",20,8.667416019812255e-05,3.543080241340488e-07,1,Regular
Marvel,"CHALMER, JUDGE",12,6.168447288309308e-05,3.6649066677466276e-08,1,Regular
Marvel,MR. FEAR III/PROF. L,33,0.00012384526123660828,2.0578651673122335e-06,1,Regular
Marvel,"STAR, JOAN",17,7.410664039087502e-05,0.0,1,Regular
Marvel,"MOLLE, DR.",17,7.410664039087502e-05,0.0,1,Regular
Marvel,PAI,17,7.410664039087502e-05,0.0,1,Regular
Marvel,"MURDOCK, SISTER MAGG",37,0.00012918409005248583,2.1048214149648653e-05,1,Regular
Marvel,"DUBOIS, DR. CLAUDIA",8,5.791198902885936e-05,0.0,1,Regular
Marvel,SYNAPSE/,8,5.791198902885936e-05,0.0,1,Regular
Marvel,"CONCIERGE, LE/",8,5.791198902885936e-05,0.0,1,Regular
Marvel,"CAMBRIDGE, MOXIE",8,5.791198902885936e-05,0.0,1,Regular
Marvel,"SENYAKA, TIA",8,5.791198902885936e-05,0.0,1,Regular
Marvel,"TSKAROV, GENERAL",12,5.462598326003617e-05,4.366988115307041e-07,1,Regular
Marvel,DARKSTAR/LAYNIA SERG,329,0.000744887174506486,0.001174238835541901,2,Regular
Marvel,VANGUARD/NICOLAI KRY,281,0.0006283027525349731,0.0008858955101409254,2,Regular
Marvel,URSA MAJOR/MIKHAIL U,176,0.00040224056902903564,0.00010839104375316874,2,Regular
Marvel,DAVIDOFF,12,5.462598326003617e-05,4.366988115307041e-07,1,Regular
Marvel,"REYES, DR. CECELIA",116,0.0003062040710515194,0.00019529529440769257,5,Regular
Marvel,X-MAN/NATHAN GREY ,258,0.000939288142793889,0.004703823147693813,5,Regular
Marvel,"HINDS, PATRICK",9,5.289408969469653e-05,0.0,1,Regular
Marvel,BLOODAXE/JACKIE LUKU,90,0.00022927883026655383,0.00011842222630133719,7,Regular
Marvel,"AUSTIN, SUSAN",123,0.00030369683847951705,0.0006039980322471785,7,Regular
Marvel,RUSSIAN,10,0.00011079939742910942,1.6898724089541723e-05,1,Regular
Marvel,"SOAP, DET.",11,0.00011391581517341092,2.9365630700579125e-05,1,Regular
Marvel,"KREIGKOPH, GEN.",4,4.766141508432049e-05,0.0,1,Regular
Marvel,SLEEPER,33,9.954086364106468e-05,1.003983087977432e-06,11,Regular
Marvel,"SAXON, STARR",120,0.0002987487472842991,6.129341319993238e-05,11,Regular
Marvel,HAUPTMANN DEUTSCHLAN,39,0.0001237609440251822,1.5304997367011494e-05,11,Regular
Marvel,MOTHER NIGHT/SUSAN S,73,0.00019221026214778992,1.0314551247844702e-05,11,Regular
Marvel,CROSSBONES/BROCK BIN,130,0.00032245990967869536,0.00017105619547082908,11,Regular
Marvel,"ZOLA, ARNIM",120,0.0002832231054103507,0.00010401726419891412,11,Regular
Marvel,WRAITH,29,8.967993530749563e-05,9.743631086593485e-06,1,Regular
Marvel,"DEWOLFF, JEAN",106,0.0002782441193383874,9.347024211360919e-05,1,Regular
Marvel,COMMANDER COURAGE/,12,4.964540377441091e-05,1.405910213398884e-07,2,Regular
Marvel,"RUDOLFO, PRINCE",23,7.216866228342702e-05,0.0,2,Regular
Marvel,"RAHN, TAMARA",67,0.00018666798937151127,3.280751610099517e-05,2,Regular
Marvel,"JENNINGS, JOSEPH",42,0.00011374440904353463,2.4133413543433966e-06,2,Regular
Marvel,"LARGO, CHIEF",33,0.00010963630583545281,2.170142667915349e-05,2,Regular
Marvel,MAX II,11,5.228848067756717e-05,3.2454704888602426e-06,2,Regular
Marvel,SPEEDFREEK/SHAPPE,11,5.1684509769376066e-05,5.139484902610356e-08,2,Regular
Marvel,MERCY,16,6.899533663316177e-05,3.3343111806324286e-06,2,Regular
Marvel,"DIAMOND, KATHY",6,4.2427411278525605e-05,0.0,2,Regular
Marvel,"JORDAN, HAL",6,4.2427411278525605e-05,0.0,2,Regular
Marvel,VALKYRIE IV,40,0.00012166407951153246,1.3114000999074645e-05,2,Regular
Marvel,PAPA HAGG,28,8.777181407691831e-05,1.708265520629013e-06,2,Regular
Marvel,AMPHARON,14,5.471199277237892e-05,0.0,2,Regular
Marvel,CASSIOPEIA,28,9.540162501713462e-05,3.305403690573071e-05,2,Regular
Marvel,AGAMEMNON III/,56,0.00017694835289971036,0.00036453005746409057,2,Regular
Marvel,ULYSSES II,85,0.00025443127516678357,0.000783263765648875,2,Regular
Marvel,HECTOR II,67,0.00019835783786289744,0.00017477504285615033,2,Regular
Marvel,JASON,28,9.549324282078528e-05,3.642624609227533e-05,2,Regular
Marvel,ATALANTA,83,0.0002301928435012943,0.00034400447271277086,2,Regular
Marvel,AJAX,68,0.00020025701404990001,0.0002166743639251848,2,Regular
Marvel,ACHILLES II/HELMUT,59,0.0001901503908370986,0.0003025209433470664,2,Regular
Marvel,HELL-EYES,16,6.639356231216082e-05,4.891158153847924e-07,2,Regular
Marvel,WAYFINDER,13,5.600043617475353e-05,0.0,2,Regular
Marvel,NAGALA,13,5.600043617475353e-05,0.0,2,Regular
Marvel,PIRANHA,25,8.643523754533447e-05,6.860450872777967e-06,2,Regular
Marvel,ORKA,121,0.00029348277113633195,4.187337334896299e-05,2,Regular
Marvel,SEA URCHIN/JEREMY SW,26,8.515048632571089e-05,3.888927261653758e-06,3,Regular
Marvel,HOARFEN,18,6.785180550045679e-05,0.0,2,Regular
Marvel,PARIS,73,0.00021340725729812826,0.00029512426689679944,2,Regular
Marvel,SIINGARD,18,6.785180550045679e-05,0.0,2,Regular
Marvel,PROMETHEUS II,43,0.0001262749130344549,7.021405559909011e-06,2,Regular
Marvel,CASEY,7,4.13414154488614e-05,0.0,13,Regular
Marvel,MR. MOBIUS,9,4.6402807819417364e-05,1.574405256317103e-08,13,Regular
Marvel,JUSTICE PEACE,22,7.676497715232866e-05,2.7299502952890453e-06,7,Regular
Marvel,WRECKER III/DIRK GAR,228,0.000520942967358188,0.0004586401422468872,7,Regular
Marvel,"PAIBOK, CAPT. [SKRUL",96,0.0002216842277963704,9.5416225940577e-06,8,Regular
Marvel,DEVOS THE DEVESTATOR,94,0.00021766562348450512,9.324088963720523e-06,8,Regular
Marvel,HRIMHARI,54,0.000133996077421739,1.1713242376713346e-06,5,Regular
Marvel,BRIGHTWIND,120,0.00027338677016932645,1.900062434822329e-05,5,Regular
Marvel,EITRI,62,0.00015042551129002164,1.8535598434663774e-06,5,Regular
Marvel,KARMA/XI'AN COY MANH,190,0.0004383330593148706,0.00015784024623628342,5,Regular
Marvel,HUSK/PAIGE GUTHRIE,235,0.0006336857857398988,0.0014374504070900165,5,Regular
Marvel,SKIN/ANGELO ESPINOSA,228,0.0006156902967495461,0.002057768354255213,5,Regular
Marvel,M,141,0.00039319900705146445,0.0004020329883288089,5,Regular
Marvel,SYNCH/EVERETT THOMAS,216,0.0005783963015809594,0.001319386518725056,5,Regular
Marvel,"SZARDOS, MARGALI",153,0.0003918815504969815,0.000369939522802035,5,Regular
Marvel,BROTHER ROYAL,18,6.226289890663295e-05,1.2778149312610587e-06,13,Regular
Marvel,"VAN HELSING, RACHEL",21,8.374002985125093e-05,5.482310944666655e-06,2,Regular
Marvel,"GREY, DR. JOHN",167,0.0003828135380415468,0.0001797580908758458,5,Regular
Marvel,"GRUENWALD, MARK",27,8.199911134731966e-05,0.0,5,Regular
Marvel,"SHOOTER, JIM",36,0.00010330228623193981,1.2876556266022626e-06,5,Regular
Marvel,"JONES, LOUISE",37,0.00010563241562866081,1.5808562114957149e-06,5,Regular
Marvel,IMPOSSIBLE MAN,134,0.0003282015434769729,6.535625891441268e-05,13,Regular
Marvel,"NOCENTI, ANN",30,8.906992400120321e-05,9.430793923257076e-07,5,Regular
Marvel,NUKE,27,8.317048027973419e-05,7.401828956221669e-06,7,Regular
Marvel,AMPHIBIAN/KINGLEY RI,55,0.00016174920190907698,0.00011369233231037889,7,Regular
Marvel,"MASTERS, DR. AUGUST",35,0.0001020313751400043,2.2857835938307617e-06,7,Regular
Marvel,"THAMES, SERIPHA",9,6.339727227453913e-05,5.047208781583102e-08,2,Regular
Marvel,HELLSTORM DOPPELGANG,9,6.339727227453913e-05,5.047208781583102e-08,2,Regular
Marvel,YANDROTH,28,8.855729524143252e-05,8.369973882345393e-07,2,Regular
Marvel,SUMO,38,0.00010847982285403185,1.287671840892938e-06,5,Regular
Marvel,FERAL/MARIA CALLASAN,178,0.00042505891370006783,0.00029310378422374076,5,Regular
Marvel,BRUTE II/,21,6.838016719753611e-05,0.0,5,Regular
Marvel,HUMP/,19,6.406139224123847e-05,0.0,5,Regular
Marvel,MASQUE,130,0.00030962308017197206,2.1923965001546858e-05,5,Regular
Marvel,CUTTHROAT/DANIEL LEI,41,0.00011434217019091263,5.411638821758423e-06,11,Regular
Marvel,"WINGFOOT, WYATT",149,0.0004104828050310467,0.00025886957249652046,13,Regular
Marvel,"ZEDRAO, GENERAL",74,0.00018088390430746388,5.538771812220551e-06,2,Regular
Marvel,LEVAN,26,7.946619725280407e-05,9.623828526899693e-07,0,Regular
Marvel,GUNTHAR II,53,0.0001380863649949513,4.618600045230931e-06,0,Regular
Marvel,SHADOW KING/AMAHL FA,124,0.0002822843269760134,1.740179683153342e-05,5,Regular
Marvel,PALADIN/PAUL DENNIS,300,0.0006966722076958935,0.0007621890032466043,2,Regular
Marvel,BARON BRIMSTONE/,33,9.468906082072851e-05,1.3703019423127956e-06,13,Regular
Marvel,"LECLAIRE, PROFESSOR ",25,7.737822444397202e-05,4.728381379919761e-07,0,Regular
Marvel,GRONK,78,0.00018516541249948853,9.507564760301908e-06,7,Regular
Marvel,PHOBIUS,88,0.00020965406165025368,2.911273945472107e-05,7,Regular
Marvel,HELIO,87,0.00020765086594223386,2.9062927677425102e-05,7,Regular
Marvel,SKUNGE,23,7.237129441657822e-05,1.2731320236736797e-07,0,Regular
Marvel,JORRO,19,6.446788301729258e-05,2.9589751439698463e-07,0,Regular
Marvel,APOLLO [GREEK GOD],68,0.00017263601054949026,1.05603103652224e-05,7,Regular
Marvel,NINA,32,9.978643970692702e-05,1.9666654889799643e-07,5,Regular
Marvel,"MAJCOMB, RENEE",39,0.00011286523735971296,1.189831218785849e-06,5,Regular
Marvel,CEREBRITE ALPHA,17,6.1777074373582e-05,4.499024611464234e-09,5,Regular
Marvel,CEREBRITE BETA,18,6.529952879674332e-05,2.4185568921266896e-07,5,Regular
Marvel,CEREBRO,24,8.631941093472311e-05,5.141383032874188e-07,5,Regular
Marvel,"JONES, WILLIAM",10,4.431965499044908e-05,0.0,5,Regular
Marvel,VINDALOO/,55,0.00013804485083579468,6.844185557952472e-07,5,Regular
Marvel,UNUSCIONE,90,0.00021757937883277223,4.1306407543427446e-05,5,Regular
Marvel,KAMAL,35,9.652827194457883e-05,1.4495749673423547e-07,5,Regular
Marvel,KATH,55,0.00013804485083579468,6.844185557952472e-07,5,Regular
Marvel,NEOPHYTE/,55,0.00013804485083579468,6.844185557952472e-07,5,Regular
Marvel,FERRIS,47,0.0001241917224737823,4.4023853606600204e-07,5,Regular
Marvel,MELLENCAMP,55,0.00013804485083579468,6.844185557952472e-07,5,Regular
Marvel,ASTRA II,34,9.683963375665603e-05,1.3260810267945663e-06,5,Regular
Marvel,JOSEPH,133,0.0003419607743598603,0.00018309225914129673,5,Regular
Marvel,MERCURY III/,18,7.049775904828534e-05,7.63069860571875e-09,5,Regular
Marvel,"REINMAN, PAULA",18,7.049775904828534e-05,7.63069860571875e-09,5,Regular
Marvel,RAPTURE/SISTER JOY,18,7.049775904828534e-05,7.63069860571875e-09,5,Regular
Marvel,CHAOS/DANIEL DASH,18,7.049775904828534e-05,7.63069860571875e-09,5,Regular
Marvel,CRUX/CRISTAL LEMIUEX,18,7.049775904828534e-05,7.63069860571875e-09,5,Regular
Marvel,GREY KING/ADDISON FA,18,7.049775904828534e-05,7.63069860571875e-09,5,Regular
Marvel,LANDSLIDE II/LEE BRO,18,7.049775904828534e-05,7.63069860571875e-09,5,Regular
Marvel,APE MAN/GORDON MONK ,49,0.00013449246322810626,1.6865486329497105e-05,5,Regular
Marvel,POSITRON/RONNIE,108,0.000288936456308906,0.00029723691373825204,13,Regular
Marvel,ARIEL II,36,9.879678322630698e-05,1.2737039890128886e-06,5,Regular
Marvel,CHANCE,20,6.563046301020839e-05,4.1187872698017614e-07,5,Regular
Marvel,SILVER SURFER IMPOST,65,0.00016172149419633517,1.4326842136608694e-06,2,Regular
Marvel,"BOWMAN, MAJ.",11,4.7978987727635034e-05,0.0,13,Regular
Marvel,"DUNCAN, FRED",24,7.971680922044688e-05,2.5119825331971506e-06,5,Regular
Marvel,JIGSAW,29,0.00015273888286326147,8.637076974171986e-05,1,Regular
Marvel,"MCCOY, EDNA ANDREWS",44,0.0001281217794244687,1.1055593048795444e-05,5,Regular
Marvel,EL CONQUISTADOR,8,4.286185047956575e-05,1.405910213398884e-07,5,Regular
Marvel,"MCCOY, NORTON",33,0.00010457002430060554,7.143930040297504e-06,5,Regular
Marvel,"CARTER, BRAD",13,7.521930777844668e-05,7.016149159868662e-06,2,Regular
Marvel,KABALLA,9,0.00011361407255996864,0.00024370596428032398,13,Regular
Marvel,"DOCKERY, RUPERT",12,5.969430855462596e-05,1.442978629340988e-06,1,Regular
Marvel,"MAYE, APRIL",31,0.00010486394381117997,8.714915639253065e-07,1,Regular
Marvel,"MULLANY, MIKE",8,4.504951319916384e-05,1.4288396679043085e-07,1,Regular
Marvel,"BUSHKIN, BARNEY",69,0.0002057806858187366,2.57868365637858e-05,1,Regular
Marvel,"WHITMAN, DEBRA",93,0.0002525338383342127,5.656295807532088e-05,1,Regular
Marvel,"JONES, SANDY",40,0.00012055854490109776,8.401079671229352e-07,1,Regular
Marvel,"BAXTER, ABIGAIL",17,6.490309519602634e-05,8.96658332179331e-07,13,Regular
Marvel,HELLSCOUT/KENNETH TE,18,6.711986994589986e-05,4.576234522818003e-07,13,Regular
Marvel,AWESOME ANDROID,33,9.766169846484271e-05,1.6449410808609392e-06,13,Regular
Marvel,"BAXTER, NOAH",39,0.0001292981619788982,1.3667303463763097e-05,13,Regular
Marvel,JANUS,25,8.364042976682502e-05,7.130744376042376e-07,13,Regular
Marvel,GORNKAI,16,6.024179631782207e-05,0.0,13,Regular
Marvel,"HARROW, DR. JONAS",29,9.562865952131806e-05,1.6659837816305234e-06,1,Regular
Marvel,"TENNYSON, JACOB",9,4.484388662146014e-05,0.0,13,Regular
Marvel,"OLSEN, JIMMY",18,7.165900314757599e-05,1.740358455218454e-06,1,Regular
Marvel,"ALLEN, TERRY",11,5.064413690396007e-05,0.0,13,Regular
Marvel,STELLARAX,7,3.780405734841998e-05,0.0,2,Regular
Marvel,"RAVEN, SABBATH",7,4.5670271965664265e-05,8.826185328629431e-07,1,Regular
Marvel,PATHWAY/LAURA DEAN,98,0.00023611513726684574,5.123870999658978e-05,8,Regular
Marvel,JADE DRAGON/DEI GUAN,42,0.0001172214731635604,1.8454740206523886e-05,8,Regular
Marvel,GOBLYN,89,0.00021580267448860371,4.189886956852019e-05,8,Regular
Marvel,SNAKE,21,7.360139982120443e-05,3.675214346746748e-07,8,Regular
Marvel,OX IV,21,7.360139982120443e-05,3.675214346746748e-07,8,Regular
Marvel,RAT,13,5.2565474150929425e-05,0.0,8,Regular
Marvel,RABBIT,21,7.360139982120443e-05,3.675214346746748e-07,8,Regular
Marvel,PARALYZER,70,0.00017481054271497036,1.0415873714808808e-05,11,Regular
Marvel,CRUCIBLE/BYRON CALLE,88,0.00021487937127303498,1.714751293282398e-05,11,Regular
Marvel,SLITHER,73,0.0001811165151040994,1.0313860444184867e-05,11,Regular
Marvel,METEORITE,70,0.00017481054271497036,1.0415873714808808e-05,11,Regular
Marvel,OCCULT,81,0.00020427071980140893,1.784332510033343e-05,2,Regular
Marvel,AQUARIAN/WUNDARR,86,0.00021540824445220785,2.6417477896682024e-05,13,Regular
Marvel,"WILBURN, MYRON",22,7.081284808631843e-05,6.422608522435791e-07,13,Regular
Marvel,FANG,3,2.9951100577370348e-05,0.0,8,Regular
Marvel,RAPIER,41,0.00011559494805207942,5.912301378356768e-06,11,Regular
Marvel,"SAUNDERS, KRISTINE",17,6.566296864101272e-05,4.1551069181257955e-06,1,Regular
Marvel,"KANE, MARCY/KAINA",65,0.00017863895069539226,1.3984150534754687e-05,1,Regular
Marvel,PUMA/THOMAS FIREHEAR,106,0.00029972124182985353,0.0004882989204785712,1,Regular
Marvel,SHAMAN II,13,5.414426855685985e-05,7.313784058921592e-08,1,Regular
Marvel,BRIGHTSWORD/CARTER D,67,0.0001757963215298819,7.933127006050742e-05,7,Regular
Marvel,HIGHNOTE/RAOUL HERNA,39,0.00011730474333386526,4.272744854060247e-05,7,Regular
Marvel,CALCULUS/JAHAHAREL P,54,0.0001519604714009949,0.00017086029992040988,7,Regular
Marvel,GENII/JASON KIMBALL,67,0.0001757963215298819,7.933127006050742e-05,7,Regular
Marvel,MINDSINGER/GREGOR,18,7.274729633200439e-05,1.9683598740183373e-05,7,Regular
Marvel,DAYDREAMER/CATHERINE,39,0.00011730474333386526,4.272744854060247e-05,7,Regular
Marvel,SPLICE/CHANDRA KU,39,0.00011730474333386526,4.272744854060247e-05,7,Regular
Marvel,VARUA/MIRA,39,0.00011730474333386526,4.272744854060247e-05,7,Regular
Marvel,MOONSTALKER/KIANA,39,0.00011730474333386526,4.272744854060247e-05,7,Regular
Marvel,HARVEST/CHI LO,67,0.0001757963215298819,7.933127006050742e-05,7,Regular
Marvel,CADUCEUS,39,0.00011730474333386526,4.272744854060247e-05,7,Regular
Marvel,"LYNNE, MONICA",91,0.0002881244574214785,0.00024255210499786166,1,Regular
Marvel,WINDEAGLE/HECTOR SAN,2,2.8129320372751522e-05,0.0,1,Regular
Marvel,NIGHTSHADE/TILDA,111,0.00027347246554977524,9.319125497850185e-05,11,Regular
Marvel,MOONHUNTER/ZACK MOON,71,0.00018829482586734303,3.704286511013066e-05,11,Regular
Marvel,FEROCIA/,56,0.0001401412749469238,5.24273354264069e-06,11,Regular
Marvel,DRUID/DREDMUND CROMW,38,0.00010814932271168903,2.618935985467381e-05,11,Regular
Marvel,"MORLAK, MARIS",64,0.0001665079053935728,3.092692126323506e-05,13,Regular
Marvel,"SHINSKI, PROFESSOR W",65,0.00017586595853188314,4.0005026668090805e-05,13,Regular
Marvel,GRANDMASTER/EN DWI G,195,0.00046326875929189745,0.0003733385816028633,2,Regular
Marvel,IKARIS/IKE HARRIS [E,254,0.0005834186762536011,0.0004952087024945827,7,Regular
Marvel,THENA,233,0.0005533323492407056,0.00043122019674685894,7,Regular
Marvel,"PUENTES, DONNA MARIA",38,0.00010734609402232291,2.939185637925118e-06,11,Regular
Marvel,PUDDLEGULP,58,0.00014336049049353653,4.302234810175924e-06,5,Regular
Marvel,BLOCKBUSTER III/MICH,61,0.00014927765683328122,2.728655470329514e-06,5,Regular
Marvel,HARPOON,90,0.00020985890963300206,5.870224973120209e-06,5,Regular
Marvel,ARCLIGHT/PHILLIPA SO,139,0.00031287696955836916,4.196900967878791e-05,5,Regular
Marvel,VERTIGO II,135,0.0003042769507752676,4.990196529875128e-05,5,Regular
Marvel,COLDHEART,6,4.8812247691288005e-05,0.0,1,Regular
Marvel,"MACENDALE, JASON JR.",6,4.8812247691288005e-05,0.0,1,Regular
Marvel,"MACENDALE, KAREN",6,4.8812247691288005e-05,0.0,1,Regular
Marvel,"CODY, GARY",80,0.0001960814613800837,5.3197277732434116e-05,8,Regular
Marvel,CENTURIUS,8,4.9093040515370734e-05,0.0,2,Regular
Marvel,"WERNER, P.D.Q.",8,4.9093040515370734e-05,0.0,2,Regular
Marvel,SAT-YR-9,34,9.952469587972678e-05,6.810948264097033e-06,5,Regular
Marvel,"STUART, DR. ALISTAIR",114,0.0002815747054246328,0.00020496928662969364,5,Regular
Marvel,"SATURNYNE, OPAL LUNA",66,0.00016742857935507548,2.9686297651218506e-05,5,Regular
Marvel,VIXEN,18,6.373655895258699e-05,2.596765593808362e-07,5,Regular
Marvel,"STUART, BRIG. ALYSAN",85,0.00020505032966687447,0.00014100144117724,5,Regular
Marvel,CRUSADER X/BRIAN BRA,21,7.614481739865837e-05,5.866048196881547e-06,5,Regular
Marvel,"STEELE, MARCY MASTER",110,0.00027781541873152064,0.00048770510843299377,7,Regular
Marvel,SURTUR,73,0.0001811668105773784,3.867887870925819e-05,7,Regular
Marvel,TAGAR,71,0.0001956647254782474,0.000154342644981552,7,Regular
Marvel,VIPER/JORDON DIXON,20,6.771153928110654e-05,5.594908593505894e-08,2,Regular
Marvel,"MULDOON, SGT. BRIAN",30,9.26106166330109e-05,1.3169338181810903e-06,2,Regular
Marvel,"TAYLOR, LEILA",66,0.00018490841646195082,2.596097345259092e-05,2,Regular
Marvel,MANGOG,39,0.00011339778642852015,7.586615483969401e-07,7,Regular
Marvel,BLACK TOM CASSIDY,138,0.00034767317975416295,0.0006086532542502079,5,Regular
Marvel,"KILLBREW, DR.",13,6.497059065582015e-05,1.934701180742125e-06,5,Regular
Marvel,"PEYER, DANNY",6,3.884336657246483e-05,0.0,5,Regular
Marvel,"STRANG, COL./LT. GAR",48,0.00017834808740265756,0.00015457123946614062,2,Regular
Marvel,"ROMMEL, EDWIN ROMULU",37,0.0001577302975934984,8.890495673351697e-05,2,Regular
Marvel,SALTZ/,23,0.00010435446231975759,3.833685635292595e-05,2,Regular
Marvel,GUILOTINE,23,9.546021762846197e-05,6.975265305999607e-06,2,Regular
Marvel,"MASON, JOHN",5,3.393822651268326e-05,0.0,2,Regular
Marvel,PRINCESS FEN [ATLANT,14,5.77884126131772e-05,0.0,2,Regular
Marvel,"ROGERS, CAPT. STEVEN",9,6.935522821403548e-05,5.073344957260901e-06,13,Regular
Marvel,"TAUREY, SIR WILLIAM",5,4.679613081037047e-05,0.0,13,Regular
Marvel,"GREEN, JAMES",5,4.679613081037047e-05,0.0,13,Regular
Marvel,"STONE, LT. MARCUS",164,0.0004127302376943974,0.00039758693665144424,7,Regular
Marvel,"MICHEL, RAFE",28,8.900064119175263e-05,1.1462419613823322e-06,2,Regular
Marvel,SCORPION/MACDONALD G,125,0.0003269355070662968,9.902585678979258e-05,1,Regular
Marvel,"FULLERTON, MARY ELLE",6,3.81271859713227e-05,0.0,1,Regular
Marvel,"CARLISLE, PHILLIP",44,0.00013677059855736077,1.5639817539822085e-05,5,Regular
Marvel,"CARLISLE, MELISSA BO",18,6.692938701241594e-05,0.0,5,Regular
Marvel,"AYALA, AWILDA",17,7.137406396630315e-05,3.6376124881390035e-07,1,Regular
Marvel,GOLDBUG,31,0.00010145734120236289,5.870609650770679e-06,2,Regular
Marvel,SCREAM,46,0.00013686701951538875,1.6995381378093628e-06,11,Regular
Marvel,BEETLE II/LEILA DAVI,62,0.0001761494556181885,1.998901670944849e-05,11,Regular
Marvel,JOLT/HALLIE TAKAHAMA,286,0.0006967502087181689,0.0006080198978239072,11,Regular
Marvel,SMUGGLER II/CONRAD J,46,0.00013686701951538875,1.6995381378093628e-06,11,Regular
Marvel,CHARCOAL/CHARLIE BUR,231,0.0005563015824418719,0.00025528927728942744,11,Regular
Marvel,METEORITE III/VALERI,46,0.00013686701951538875,1.6995381378093628e-06,11,Regular
Marvel,HUMUS SAPIEN,17,6.042763222209735e-05,0.0,11,Regular
Marvel,MENTALLO,125,0.0002999851291555509,6.757214758043969e-05,11,Regular
Marvel,"O'CONNELL, TARYN",18,8.280445958154264e-05,5.502710053504398e-06,13,Regular
Marvel,RAZORBACK/,34,0.00012051144101571994,4.929758082255352e-05,13,Regular
Marvel,MAN-KILLER/KATRINA L,145,0.00034973350257366136,0.00015984641231124355,11,Regular
Marvel,DYNA-MITE/ROGER AUBR,83,0.00024428356140824355,2.9330276081775177e-05,11,Regular
Marvel,WARTON/WARBECK,45,0.0001242674356307823,3.2497702717305715e-06,11,Regular
Marvel,GARABED/BASHUR,20,7.200696207630082e-05,0.0,11,Regular
Marvel,REBEL/,32,0.00016196425990849976,0.0005753230501387313,11,Regular
Marvel,"KINGMAN, BILL",30,9.48677013374509e-05,2.17494624930214e-06,11,Regular
Marvel,M'REEL,30,9.48677013374509e-05,2.17494624930214e-06,11,Regular
Marvel,COMMCAST/GARABED BAS,20,7.200696207630082e-05,0.0,11,Regular
Marvel,I.Q./ISHMAEL QUESTOR,18,7.471768210515916e-05,1.4974712372127881e-05,11,Regular
Marvel,BUCKY VII/RIKKI BARN,54,0.00017108178480837032,0.00015870468195908538,11,Regular
Marvel,KID COLT II/ELRIC FR,18,7.471768210515916e-05,1.4974712372127881e-05,11,Regular
Marvel,TORO II/BENITO SERRA,18,7.471768210515916e-05,1.4974712372127881e-05,11,Regular
Marvel,"BURLINGAME, CALVIN",15,5.701651303559124e-05,0.0,11,Regular
Marvel,BERNARD THE POET,24,7.911003847213731e-05,1.4148743925788457e-06,5,Regular
Marvel,"GREY, ELAINE",142,0.00032388422054961387,0.00012159089484357982,5,Regular
Marvel,DIAMOND HEAD,3,2.9620279249876665e-05,0.0,2,Regular
Marvel,BLOCKBUSTER/,9,4.441706441500949e-05,5.330902675190746e-07,0,Regular
Marvel,SCARBO,13,5.4342850846151356e-05,8.851683744578889e-07,11,Regular
Marvel,"PACKER, ARTIE",7,5.1868227000189844e-05,0.0,3,Regular
Marvel,HOUSE OF SHADOWS,7,4.810332847295829e-05,2.0802784201733126e-06,3,Regular
Marvel,SERPENTYNE,7,4.675017757822591e-05,0.0,3,Regular
Marvel,COYOTE,15,6.014232880497345e-05,0.0,5,Regular
Marvel,THUNDERBIRD/JOHN PRO,50,0.00013772061071536888,9.869294598408154e-06,5,Regular
Marvel,"SMITH, MARTY LOUIS L",59,0.00016247592772059452,2.6459082553163705e-05,5,Regular
Marvel,"WHITECLOUD, MICHAEL",24,8.701155308755114e-05,6.098734398266206e-07,5,Regular
Marvel,"SMITH, MANDY",15,6.014232880497346e-05,0.0,5,Regular
Marvel,"EDWARDS, MARTIN/DR. ",39,0.00012939811719283098,1.9571541798608315e-06,5,Regular
Marvel,"LITTLEWING, SUSIE",15,6.014232880497346e-05,0.0,5,Regular
Marvel,BATTLESTAR/LEMAR HOS,157,0.00039308214084743837,0.0002758390028857161,11,Regular
Marvel,COTTONMOUTH II,119,0.00028365758963100346,0.00010826271696747015,11,Regular
Marvel,GRIFFIN II/JOHNNY HO,76,0.00020058516997192223,4.000202384218528e-05,2,Regular
Marvel,TITANIA II/MARY SKEE,253,0.0005720280951507194,0.0002769637183151356,7,Regular
Marvel,QUILL,59,0.00014582095334935767,4.56737591163628e-06,11,Regular
Marvel,M'DAKA,47,0.0001232403123728923,3.443390604211552e-07,11,Regular
Marvel,CRIMSON COMMANDO/FRA,96,0.00023471475254535615,4.0027922557086465e-05,5,Regular
Marvel,STONEWALL/LOUIS HAMI,81,0.0001915702613376715,7.464663150136332e-06,5,Regular
Marvel,MIST MISTRESS,19,6.225892390284522e-05,0.0,5,Regular
Marvel,WILL O' THE WISP/JAC,50,0.00015316071307108049,1.014527004937417e-05,1,Regular
Marvel,PROWLER/HOBIE BROWN,150,0.00039449549705335493,0.00022358664699119994,1,Regular
Marvel,"TIERS, MICHELLE",5,3.498774833816828e-05,0.0,1,Regular
Marvel,ROCKET RACER/ROBERT ,97,0.00027755202997022013,0.00010605177687147628,1,Regular
Marvel,"SLUGANSKI, ERNIE",2,2.787858072229167e-05,0.0,1,Regular
Marvel,TOMAZOOMA,35,9.982219587501961e-05,3.1372182045663417e-06,7,Regular
Marvel,"MAXWELL, DR. WILFRED",55,0.000153660306775987,3.5039494039583814e-05,2,Regular
Marvel,GARDENER/ORD ZYONYZ ,57,0.0001471078462501833,8.443295911567317e-06,8,Regular
Marvel,CRUSADER II/ARTHUR B,14,7.088192594340755e-05,1.1930944291413371e-05,7,Regular
Marvel,"O'SHAUGNESSY, COLLEE",2,3.076588094780601e-05,0.0,7,Regular
Marvel,TUSK,72,0.00017755235195712394,3.929678354620046e-06,5,Regular
Marvel,HARDRIVE,89,0.00021992190178644856,1.2668405859820721e-05,5,Regular
Marvel,"FONTAINE, CINDER",26,0.00010622430147515111,4.0709179282424694e-05,5,Regular
Marvel,MAINFRAME II,38,0.00010649516619610125,8.283192086727599e-07,5,Regular
Marvel,PSYNAPSE,66,0.00016559299734486847,3.7440614007417802e-06,5,Regular
Marvel,SLAB/KRIS ANDERSON,47,0.00012611370057142814,3.822126928683645e-06,5,Regular
Marvel,RUCKUS,28,8.681580105384472e-05,9.837158927496329e-07,5,Regular
Marvel,HAIRBAG/SUGGS,28,8.646432442480537e-05,1.681443368188153e-07,5,Regular
Marvel,GORGEOUS GEORGE,16,6.021402301375141e-05,9.964226459199967e-09,5,Regular
Marvel,WITNESS/NESS,42,0.00017618557946524197,5.4993004361516485e-05,5,Regular
Marvel,MANX,7,5.077087057429153e-05,0.0,5,Regular
Marvel,DAWN,7,5.077087057429153e-05,0.0,5,Regular
Marvel,DUSK III,7,5.077087057429153e-05,0.0,5,Regular
Marvel,"CAESAR, JONATHAN",48,0.00014168965044567922,5.725593809328173e-06,1,Regular
Marvel,SHINAR,20,6.48322594255409e-05,0.0,5,Regular
Marvel,AUNTIE FREEZE/,9,4.2233012734259245e-05,0.0,11,Regular
Marvel,STONE II,12,5.559845186997458e-05,1.604806717078995e-08,1,Regular
Marvel,STYX/JACOB EICHORN,12,5.559845186997458e-05,1.604806717078995e-08,1,Regular
Marvel,BARRIER/,7,4.550400608860752e-05,0.0,2,Regular
Marvel,THUNDERBOLT II/LUIS,7,4.550400608860752e-05,0.0,2,Regular
Marvel,RINGER II,12,5.988996890845591e-05,1.541455054462884e-06,2,Regular
Marvel,"THURM, ETHAN",12,4.927352546716376e-05,2.12886722058994e-07,0,Regular
Marvel,"NEWELL, DIANE ARLISS",68,0.0001976393263990777,4.124770508294211e-05,13,Regular
Marvel,WHITE KING,24,7.37785884255066e-05,1.957019835746669e-07,5,Regular
Marvel,"ROSSI, COL. MICHAEL ",56,0.0001532713795023845,2.2072954159175022e-05,5,Regular
Marvel,"BRADLEY, CARRIE",20,8.075991537723028e-05,0.0,1,Regular
Marvel,"KANNOR, ORLANDO",21,8.387608327959867e-05,7.032529092717809e-07,1,Regular
Marvel,MASTER PROGRAMMER,21,8.387608327959867e-05,7.032529092717809e-07,1,Regular
Marvel,"WADE, AGENT JOE",31,0.00010871332383708527,2.927304614846136e-06,1,Regular
Marvel,"SMYTHE, ALISTAIR ALP",43,0.00014136381121620888,4.8758084746896807e-05,1,Regular
Marvel,"TSO, JASON",21,8.387608327959868e-05,7.032529092717809e-07,1,Regular
Marvel,DR. OCTOPUS II/CAROL,62,0.00019295794248965663,0.00023281361786118158,1,Regular
Marvel,"YIN, ANGELA",87,0.0002736605171208519,0.00018400712772666708,1,Regular
Marvel,"PRO, LE/",22,8.513965860254658e-05,2.8738790102416716e-06,1,Regular
Marvel,"ESSEX, REBECCA",5,3.5091521398876975e-05,0.0,5,Regular
Marvel,SANCTITY/TANYA TRASK,19,7.323898462707549e-05,9.464602021945433e-07,5,Regular
Marvel,POISON/CECILIA CARDI,11,6.276833476116853e-05,0.0,1,Regular
Marvel,"GREICO, LINDA",2,2.8625507921097425e-05,0.0,1,Regular
Marvel,ARES [GREEK GOD],120,0.0002949591891689496,5.824748534775272e-05,7,Regular
Marvel,PRINCESS PEARLA,14,5.743870713648158e-05,1.8830714419276248e-07,13,Regular
Marvel,PSYCHO-MAN,73,0.00022009811817425058,0.00012591247468071763,13,Regular
Marvel,ANAK,49,0.00013250908993164042,1.26202897192993e-05,7,Regular
Marvel,"KINCAID, JIMMY",47,0.00012723858877377786,2.3774323085066045e-05,7,Regular
Marvel,ZEFRA,42,0.00011720468682789345,7.508019864817725e-06,7,Regular
Marvel,LOGA II,44,0.00012115848404687209,7.528562547788211e-06,7,Regular
Marvel,BELLAM,39,0.00011100272020931807,7.270666057529074e-06,7,Regular
Marvel,RIGER,45,0.00012416849338777106,8.216830596968776e-06,7,Regular
Marvel,LUMINOR,44,0.00012154608619578574,3.815725103730398e-06,7,Regular
Marvel,BLITZIANA,53,0.00014294481974126274,1.5624561085756437e-05,7,Regular
Marvel,"RICKMAN, JONATHAN",10,5.0964977150160355e-05,0.0,1,Regular
Marvel,CAPTAIN POWER/DR. CH,10,5.0964977150160355e-05,0.0,1,Regular
Marvel,MYSTERIO II/DANIEL B,32,0.00010393052089244614,1.4513663200065846e-06,1,Regular
Marvel,"TWAKI, DR. TED",40,0.0001288536724800304,2.52439507911064e-05,1,Regular
Marvel,"STONE, CHANTAL",30,9.801597609052304e-05,5.2286598250829456e-06,1,Regular
Marvel,"HARDY, STAN",30,9.801597609052304e-05,5.2286598250829456e-06,1,Regular
Marvel,"STONE, JOHN",12,5.642366929045391e-05,0.0,1,Regular
Marvel,MADAME WEB/CASSANDRA,48,0.00019819937610383447,9.458904044878095e-05,1,Regular
Marvel,"GILMORE, BERT",6,4.1857474777576604e-05,0.0,1,Regular
Marvel,SYNARIO/ANGELA BRADF,6,4.1857474777576604e-05,0.0,1,Regular
Marvel,"FISK, VANESSA",60,0.00017403635592649504,2.112779668934059e-05,1,Regular
Marvel,"BLAKE, BECKY",77,0.00022327826568194472,5.496380060675131e-05,1,Regular
Marvel,"POTTER, BETSY BEATTY",46,0.00013862037326677694,1.045525881254428e-05,1,Regular
Marvel,KIRIGI,12,5.5883586907524466e-05,0.0,1,Regular
Marvel,"CHERRYH, RANDOLPH WI",27,9.526176695078394e-05,4.053995665274695e-06,1,Regular
Marvel,"LAVENDER, MAXINE",21,7.985395968739094e-05,2.5180850673538203e-06,1,Regular
Marvel,"HOGARTH, JERYN",135,0.00038433948881227243,0.0005421553752999486,2,Regular
Marvel,AMIKO,29,0.00012268579935875357,1.8663437766265353e-05,5,Regular
Marvel,BIZEN,4,3.478824559894698e-05,0.0,5,Regular
Marvel,BLACK MOUNTAIN/KUROY,6,4.8527272716676774e-05,0.0,1,Regular
Marvel,"STEWART, MACKINLEY",18,0.00010584813305343797,2.1010148242099406e-05,1,Regular
Marvel,KUROYAMA,7,5.127716510592374e-05,1.3253318630985198e-07,1,Regular
Marvel,"MCCABE, NINA",13,7.870150368805302e-05,2.907899015020649e-06,1,Regular
Marvel,CAPTAIN FATE,1,2.585567735427594e-05,0.0,2,Regular
Marvel,AMERICAN SAMURAI/,7,5.338118905750141e-05,0.0,1,Regular
Marvel,"LAU, KING",9,5.937327563344813e-05,8.252398037196834e-07,1,Regular
Marvel,"WEISS, KONRAD KONNIE",8,5.634561988132015e-05,8.252398037196834e-07,1,Regular
Marvel,X-CUTIONER/CARL DENT,52,0.00016356987168658242,2.4680687468107737e-05,5,Regular
Marvel,NEW SUN,32,0.00011344877909583251,2.1855287579185874e-06,5,Regular
Marvel,COURIER/JACOB GAVIN,59,0.00019050438051553906,0.0003003020639801161,5,Regular
Marvel,"BENTLEY, VICTORIA",44,0.00013982033515748973,3.35978855512514e-05,2,Regular
Marvel,TONGAH,42,0.00012345634827135322,1.2464931631130612e-05,5,Regular
Marvel,XANDU,12,5.0473219553384285e-05,0.0,2,Regular
Marvel,OGUN,25,8.187208443791958e-05,9.818230568293673e-07,5,Regular
Marvel,"FALLON, RIGBY",16,5.844926542807426e-05,0.0,5,Regular
Marvel,"WISDOM, PETER",164,0.00042662642851046403,0.0002870416254763143,5,Regular
Marvel,DARKOTH/MAJOR DESMON,30,8.737308874595491e-05,6.3184064476572795e-06,13,Regular
Marvel,DR. DOOM CLONE/VICTO,19,6.410648278835382e-05,1.066207202442894e-08,13,Regular
Marvel,"DARE, JOHNNY",12,5.305766250571024e-05,0.0,3,Regular
Marvel,"GLAZER, FAST FREDDY",12,5.305766250571024e-05,0.0,3,Regular
Marvel,EL TORO NEGRO/SERGIO,41,0.00014841541031986185,1.4628830623099852e-05,1,Regular
Marvel,JOYSTICK/JANICE,101,0.0002596101372856222,8.711256479240574e-05,11,Regular
Marvel,TEXAS TWISTER/DREW D,161,0.0003677092420989312,4.42426186420591e-05,2,Regular
Marvel,"RAINBOW, BECKY",13,5.191924610388711e-05,2.2333752016737806e-09,13,Regular
Marvel,JAILBAIT/JESS,65,0.00018819220813493778,2.7171982813086426e-05,2,Regular
Marvel,ROCK/SAMUEL JOHN ROC,76,0.00020695912360611706,4.65062304612635e-05,2,Regular
Marvel,HOTSHOT/LOUIS,70,0.00019899367234365098,3.551109566626364e-05,2,Regular
Marvel,OGRESS/,40,0.0001242119753900125,1.100361856505046e-06,2,Regular
Marvel,SOUL MAN/FATHER JASO,16,6.211114888290011e-05,1.5457889511309734e-08,2,Regular
Marvel,OMNIBUS/LT. DALLAS,44,0.0001359278638339646,2.733419563577044e-05,2,Regular
Marvel,DR. BONG,18,7.957366182024487e-05,1.1750086519231695e-06,5,Regular
Marvel,STAINED GLASS SCARLE,16,9.840674275540001e-05,0.0,1,Regular
Marvel,"VANKIN, JONATHAN",12,7.575131552485195e-05,0.0,1,Regular
Marvel,"FLINT, LT.",13,8.254274974280867e-05,0.0,1,Regular
Marvel,BLACK SPECTRE/CARSON,15,9.241895045070591e-05,0.0,1,Regular
Marvel,MORPHEUS/ROBERT MARK,13,8.254274974280867e-05,0.0,1,Regular
Marvel,"DARKOVER, PROFESSOR ",7,5.54314710017541e-05,0.0,1,Regular
Marvel,QUASAR DOPPELGANGER ,61,0.00014791543953027853,0.0,8,Regular
Marvel,THOR III DOPPELGANGE,119,0.00026226456349122076,9.47521554991014e-06,8,Regular
Marvel,ANGEL DOPPELGANGER,61,0.00014791543953027853,0.0,8,Regular
Marvel,MARVEL GIRL DOPPELGA,80,0.00018547959692611027,9.638527211681821e-07,8,Regular
Marvel,MOONDRAGON DOPPELGAN,79,0.00018348616126325997,2.498023009914642e-06,8,Regular
Marvel,SASQUATCH DOPPELGANG,127,0.00027931911368236586,1.3842301338942018e-05,8,Regular
Marvel,STORM DOPPELGANGER I,74,0.00017334186273143523,2.6299997248809333e-07,8,Regular
Marvel,HULK DOPPELGANGER II,96,0.00021842242304665957,6.570573076873613e-06,8,Regular
Marvel,SCARLET WITCH DOPPEL,73,0.00017105063597973135,1.8203242840150507e-06,8,Regular
Marvel,CAPTAIN AMERICA DOPP,133,0.00029304158689543244,2.5704105464203874e-05,8,Regular
Marvel,COLOSSUS II DOPPELGA,131,0.000287308126986865,1.451744362307211e-05,8,Regular
Marvel,VINDICATOR II DOPPEL,88,0.0001989947963417795,3.019035894180755e-06,8,Regular
Marvel,INVISIBLE WOMAN DOPP,61,0.00014791543953027853,0.0,8,Regular
Marvel,DORREK [SKRULL],59,0.00016585994334385464,0.0005533694078282006,13,Regular
Marvel,COMPUTO,5,3.3781490158042004e-05,0.0,0,Regular
Marvel,DORMA [ATLANTEAN],69,0.00019624594258639604,8.027912626795033e-05,13,Regular
Marvel,SETH,42,0.00013256595414884656,2.108927489347268e-05,13,Regular
Marvel,"HAWLEY, PAMELA",10,5.545817026775273e-05,0.0,2,Regular
Marvel,"PINKERTON, PERCIVAL ",10,5.545817026775273e-05,0.0,2,Regular
Marvel,"MCGIVENEY, BULL",10,5.545817026775273e-05,0.0,2,Regular
Marvel,DONYELL,18,6.274008186881082e-05,6.499900844064539e-08,3,Regular
Marvel,LEAP-FROG/VINCENT PA,73,0.00020028169822557348,4.862428073090899e-05,2,Regular
Marvel,BLACK MARIAH,5,3.747404151294543e-05,0.0,2,Regular
Marvel,SCIMITAR,13,7.405703986133625e-05,2.079140646981595e-06,2,Regular
Marvel,"WHYTE, HARMONY (HARM",73,0.00021449780787601513,0.00013869306402573172,2,Regular
Marvel,MONTENEGRO,4,3.2787629792922684e-05,0.0,2,Regular
Marvel,AZIR,16,6.830470028635908e-05,8.061566652617002e-09,2,Regular
Marvel,FAROUK,9,4.6490646206298375e-05,0.0,2,Regular
Marvel,"ROYCE, JENNIE",54,0.0001763790991664279,3.969465923905052e-05,2,Regular
Marvel,"TEMPLE, CLAIRE",46,0.00017879988174496943,3.927553468080913e-05,2,Regular
Marvel,"BERNSTEIN, EMMA WEBS",11,5.2754869827468736e-05,0.0,2,Regular
Marvel,WARHAWK II,28,9.857053382906345e-05,1.3905742881341356e-05,2,Regular
Marvel,"SCARFE, RAFAEL",99,0.000293151158439973,0.00020193896241385982,2,Regular
Marvel,"BERNSTEIN, DR. NOAH",34,0.00014112217205700754,4.510014528737562e-05,2,Regular
Marvel,SABRETOOTH/VICTOR CR,273,0.0006809685341189145,0.0005126072181802086,5,Regular
Marvel,PILEDRIVER II/BRIAN ,184,0.0004215136197931973,0.00040100311460222906,7,Regular
Marvel,YELLOWJACKET II/RITA,106,0.00025413996941862156,2.6886862127338554e-05,11,Regular
Marvel,BULLDOZER/HENRY CAMP,177,0.0004082784551625833,0.0003186962863191195,7,Regular
Marvel,"FREEMAN, DEREK",56,0.00014431168606400982,2.134064606643674e-06,11,Regular
Marvel,HERMES [GREEK GOD],73,0.00019170875503391678,1.449975179196471e-05,7,Regular
Marvel,TYRAK,50,0.0001274134310044519,1.0012149382958451e-06,0,Regular
Marvel,LIVING MONOLITH/AHME,84,0.00022336983348735943,6.597365157473628e-05,5,Regular
Marvel,PLASMA/,6,3.911971473342224e-05,4.014977067856256e-07,1,Regular
Marvel,"DAVIS, ABBY",9,4.5651326680390517e-05,0.0,2,Regular
Marvel,"REEVES, MAJOR",13,6.30286767910577e-05,1.6407524246415659e-06,2,Regular
Marvel,"BENNETT, DANNY",10,4.9894919821311634e-05,0.0,2,Regular
Marvel,"BENNETT, MITCH",10,4.9894919821311634e-05,0.0,2,Regular
Marvel,THREETREES,5,3.697521350922562e-05,0.0,2,Regular
Marvel,RAVAGE/PROF. GEOFFRE,8,0.00011820983073646733,0.00046699875466998757,2,Regular
Marvel,"HONDA, DR.",4,4.334952278192091e-05,0.0,2,Regular
Marvel,"MARKS, DR. SHIELA",1,2.577309267556688e-05,0.0,2,Regular
Marvel,"SHAW, MILDRED",1,2.577309267556688e-05,0.0,2,Regular
Marvel,BRUNO,3,6.13065771149736e-05,0.0,2,Regular
Marvel,COCO,3,6.13065771149736e-05,0.0,2,Regular
Marvel,"GREGORY, TODD",3,6.13065771149736e-05,0.0,2,Regular
Marvel,"MICHAELS, DAWN",2,4.511689157129189e-05,0.0,2,Regular
Marvel,"WOLMAN, GIDEON",2,4.511689157129189e-05,0.0,2,Regular
Marvel,"DRAGO, VALERIE",1,2.577309267556688e-05,0.0,2,Regular
Marvel,"FELDSTADT, DR. HANS",1,2.577309267556688e-05,0.0,2,Regular
Marvel,"LUMPKIN, WILHEMINA B",37,0.00011345264421473055,8.73676895817115e-06,13,Regular
Marvel,PUNISHER,26,7.983143570640768e-05,7.828693956163915e-07,13,Regular
Marvel,"WINGFOOT, WYNONA",21,7.489946148025431e-05,1.6792988142542832e-07,13,Regular
Marvel,DORMA II [ATLANTEAN],44,0.00013422319033260102,4.603622280010394e-05,13,Regular
Marvel,SHAKTI,23,8.079977462287303e-05,1.6259282822862468e-06,13,Regular
Marvel,TECHNARX,23,8.079977462287303e-05,1.6259282822862468e-06,13,Regular
Marvel,DIVINITY,25,9.23146590737661e-05,1.9047885171593344e-05,13,Regular
Marvel,HIPPOLYTA [GREEK GOD,30,9.184109874451441e-05,1.3410853462034503e-06,7,Regular
Marvel,PERSEPHONE,22,7.192540505782753e-05,4.308149201904922e-07,13,Regular
Marvel,CALEDONIA/ALISANDE S,72,0.00019691573078095198,2.9747936344786966e-05,13,Regular
Marvel,"MOY, ALYSSA",110,0.0003155389110977162,0.00015849777158317012,13,Regular
Marvel,MARVEL GIRL II/VALER,69,0.00019756891527329717,2.4277838050831383e-05,13,Regular
Marvel,"RENO, AGENT",22,7.938294853711878e-05,8.265067800491988e-07,13,Regular
Marvel,PUPPY,54,0.00015295725136140907,2.0657266189192232e-05,13,Regular
Marvel,STEM,21,8.412043394888957e-05,1.9790485597923674e-07,13,Regular
Marvel,"DIAMONDE, YVETTE",21,8.412043394888957e-05,1.9790485597923674e-07,13,Regular
Marvel,B'ARR,21,8.412043394888957e-05,1.9790485597923674e-07,13,Regular
Marvel,ARLISSE,16,6.52079997412449e-05,0.0,13,Regular
Marvel,KATAR,16,6.52079997412449e-05,0.0,13,Regular
Marvel,"LARROCA, SALVADORE",23,7.424710740856283e-05,0.0,13,Regular
Marvel,ASHEMA [CELESTIAL],58,0.00016330848883055544,3.9412938898555706e-05,13,Regular
Marvel,APOSTATE,14,6.678754756536139e-05,4.522373079900759e-06,13,Regular
Marvel,"CLINTON, BILL",108,0.00028924218453697196,0.0001446153550419555,2,Regular
Marvel,"WETHERELL, MANOLI",65,0.00016536669912998789,1.3257692181902079e-05,5,Regular
Marvel,"WEBSTER, NORM",40,0.00010806104586380072,7.606340588178143e-07,0,Regular
Marvel,"LEE, STAN",181,0.0004445405640686443,0.00025883844808280394,1,Regular
Marvel,MASKED MARAUDER/FRAN,15,6.115395327649373e-05,4.7281115765870785e-07,1,Regular
Marvel,"SUEE, FAH LO",11,6.018562571928137e-05,2.514176991113557e-07,2,Regular
Marvel,LAYLA,4,3.5143242191173975e-05,0.0,0,Regular
Marvel,PRIMAX/JAROMEL,2,2.787906124305255e-05,0.0,0,Regular
Marvel,RAMROD II,34,0.00010048208710374245,5.176004073441567e-06,1,Regular
Marvel,"RIFKIN, BIFF",27,8.880770540384294e-05,1.887434880132654e-06,1,Regular
Marvel,FOOLKILLER II/GREG S,66,0.00023092194521773693,0.0004267956401415226,11,Regular
Marvel,"CHANG, DR. PHILLIP",84,0.00022714024113901639,1.3395752258190814e-05,1,Regular
Marvel,"SHORR, JACQUELINE",45,0.00013352006575659275,1.3641496449030919e-05,2,Regular
Marvel,"MEER, MAX",11,5.387479949620558e-05,0.0,2,Regular
Marvel,SABRA/RUTH BAT-SERAP,228,0.0005292137741908074,0.0017878987256790583,2,Regular
Marvel,"RABIN, GRETTA",11,5.387479949620558e-05,0.0,2,Regular
Marvel,"GUNTLY, DAVID",11,5.387479949620558e-05,0.0,2,Regular
Marvel,GESTALT,3,3.0512463689100207e-05,0.0,2,Regular
Marvel,"DORNOVA-BLONSKY, NAD",35,0.00010836848589782045,8.294697534602731e-06,2,Regular
Marvel,CRAZY EIGHT/LESLIE A,7,3.915078567834804e-05,0.0,2,Regular
Marvel,"CUSSLER, PHILLIP",11,5.210246734647285e-05,0.0,1,Regular
Marvel,"CUSSLER, PHILLIP JR.",11,5.210246734647285e-05,0.0,1,Regular
Marvel,BOONE,31,0.00010760929319677311,1.4281307482262617e-08,1,Regular
Marvel,WILD WHIP,13,5.853746770509135e-05,0.0,1,Regular
Marvel,SCRIER II/,43,0.00013820673856676077,1.7655042595389855e-06,1,Regular
Marvel,VERMIN/EDWARD WHELAN,50,0.00015455415989711754,1.364774480512794e-05,1,Regular
Marvel,MEDEA,31,0.00010760929319677311,1.4281307482262617e-08,1,Regular
Marvel,MR. NACHT,41,0.000132305503949068,1.4281307482262617e-08,1,Regular
Marvel,CHAKRA,30,0.00010436849419138096,1.4281307482262617e-08,1,Regular
Marvel,TRACER,4,3.344694506265339e-05,0.0,1,Regular
Marvel,"WATSON, KEVIN",14,6.274902852804832e-05,5.517611596864784e-07,1,Regular
Marvel,NOCTURNE II/ANGELA C,9,4.798152283888776e-05,0.0,1,Regular
Marvel,"WATSON, PHILIP",29,9.708951942631508e-05,1.5499920259906977e-06,1,Regular
Marvel,"CAGLIOSTRO, ALESSAND",29,9.147697150270243e-05,2.3058941490089553e-06,0,Regular
Marvel,"ANTOINETTE, MARIE",18,6.29368381489603e-05,2.816901669441573e-07,0,Regular
Marvel,IMPOSSIBLE WOMAN,29,9.121080420489391e-05,4.113847500349398e-06,13,Regular
Marvel,SHARYD/CONAL,7,5.865595958557871e-05,1.5787652287693968e-09,2,Regular
Marvel,"SHIPPINSKY, MALIK",7,5.865595958557871e-05,1.5787652287693968e-09,2,Regular
Marvel,"MEACHUM, JOY",68,0.00023105840073366738,0.00010519296134011802,2,Regular
Marvel,DEATH STING/MIRANDA ,7,5.8655959585578715e-05,1.5787652287693968e-09,2,Regular
Marvel,SSS'LETHCOTT,5,5.003748172337446e-05,0.0,2,Regular
Marvel,CRIME-WAVE/HOLLIS,6,4.5543904752342396e-05,0.0,1,Regular
Marvel,LEIR,55,0.00014135728358170412,2.0931007715265443e-06,7,Regular
Marvel,CABER,37,0.00010248405718825187,5.788144447040452e-07,7,Regular
Marvel,DAGDA,9,4.1813043246095033e-05,0.0,7,Regular
Marvel,DEMONICUS/DR. DOUGLA,39,0.00011915239148677331,6.6508023468820905e-06,0,Regular
Marvel,"SNOW, CHARLIE",31,0.00012429776289025923,9.413114372366363e-06,1,Regular
Marvel,EIGHTBALL,45,0.00013384755616643908,6.682918263601118e-06,1,Regular
Marvel,BUTCH,87,0.00022714496370580386,4.912422579570336e-05,1,Regular
Marvel,DARLA,82,0.00021290577493372748,4.197865177038419e-05,1,Regular
Marvel,RALF,41,0.00012271324716042837,6.036637076957676e-07,1,Regular
Marvel,MUSE/SHANNON FITZPAT,23,8.77712330773351e-05,4.47256145736851e-06,1,Regular
Marvel,"JOHNSMEYER, JAMES",36,0.00012294101848136517,5.033898878138526e-06,1,Regular
Marvel,"SCOTT, PARIS",10,5.972364744305662e-05,0.0,1,Regular
Marvel,"CARDINALE, CARLOS",10,5.972364744305662e-05,0.0,1,Regular
Marvel,"LIPTON, TRENTON III",10,5.972364744305662e-05,0.0,1,Regular
Marvel,"KARLSON, KAREN",10,5.972364744305662e-05,0.0,1,Regular
Marvel,LOBO II,7,5.973613377351903e-05,0.0,2,Regular
Marvel,"MCHELE, JEREMY",5,8.528206750410273e-05,0.0,2,Regular
Marvel,"WILSON, DUBOSE",5,8.528206750410273e-05,0.0,2,Regular
Marvel,"HELLER, ERIC",5,8.528206750410273e-05,0.0,2,Regular
Marvel,"PINKWATER, ELLA",1,2.582647776721925e-05,0.0,1,Regular
Marvel,"DICHINSON, RICKY",3,4.165507862110856e-05,0.0,10,Regular
Marvel,"BAZIN, PHILLIPPE",33,0.00014773416880517544,5.0399079055514965e-05,10,Regular
Marvel,BLOODSHED/WYNDELL DI,3,4.165507862110856e-05,0.0,10,Regular
Marvel,HYPERTRON II/STURDEV,4,3.963956555189495e-05,0.0,1,Regular
Marvel,HYPERTRON/CHESTER,4,3.963956555189495e-05,0.0,1,Regular
Marvel,"DUVALL, SNAKY",6,4.305675239653082e-05,0.0,1,Regular
Marvel,MAN-MOUNTAIN MARKO,43,0.00013566558196074184,1.4540437608694056e-05,1,Regular
Marvel,"GALVIN, TOMMY",6,4.305675239653082e-05,0.0,1,Regular
Marvel,ROSE II/SGT. BLUME,15,6.387556191127122e-05,0.0,1,Regular
Marvel,DEATHWATCH/STEPHAN L,39,0.00017172155132633734,4.385432948622584e-05,2,Regular
Marvel,"KATZENBERG, NICK",86,0.00024007846930173757,2.0113859347590156e-05,1,Regular
Marvel,ROSE III/,8,4.436940774437835e-05,0.0,1,Regular
Marvel,"BLACK, CYRUS",9,4.431619642437916e-05,2.3233768889054106e-08,2,Regular
Marvel,YETRIGAR,17,6.191146415049327e-05,8.813942517906018e-08,0,Regular
Marvel,ONSLAUGHT II,108,0.00026216760353618435,4.038718485401301e-05,5,Regular
Marvel,HYPERSTORM,14,5.2901973503338835e-05,0.0,13,Regular
Marvel,DARK BEAST/HENRY MCC,182,0.0004647347421724858,0.0005805410240143673,5,Regular
Marvel,EBONY,142,0.00034968799298935405,0.00014389738806170515,0,Regular
Marvel,AHURA,54,0.00015589023962743747,2.3789891650041086e-05,13,Regular
Marvel,"HALBERG, DONALD",13,5.125243059171737e-05,0.0,13,Regular
Marvel,"CLOONEY, DR.",13,5.071751775499256e-05,0.0,13,Regular
Marvel,"CHANEY, AMANDA",44,0.0001294498311691384,2.951455064902643e-05,0,Regular
Marvel,CYBERMANCER/DR. SUZI,31,0.00011337308999158393,7.247905629446725e-06,0,Regular
Marvel,MOONRAKER/SLADE TRUM,35,0.00010684251602964532,2.789015222487101e-06,0,Regular
Marvel,BOLT II/CHRIS BRADLE,152,0.00038138868670583963,0.0005402571412528276,3,Regular
Marvel,"FERGUSON, ISABEL",10,5.549851986471658e-05,0.0,8,Regular
Marvel,"IVANOVA, ELENA",14,6.695781752146733e-05,1.6893125177872475e-07,8,Regular
Marvel,MAVERICK/CHRISTOPHER,52,0.00015752031021958236,2.961137797135244e-05,5,Regular
Marvel,"PUSHKIN, IVAN",9,5.30860274754757e-05,0.0,8,Regular
Marvel,SICKLE II/,9,5.30860274754757e-05,0.0,8,Regular
Marvel,HAMMER IV/,9,5.30860274754757e-05,0.0,8,Regular
Marvel,"MCKENZIE, SCARLETT",11,4.819244606865714e-05,8.479401924841438e-08,5,Regular
Marvel,WILD CHILD/KYLE GIBN,251,0.0005924117626049057,0.0004621739338207537,8,Regular
Marvel,TATSU'O,55,0.00016677585080922662,2.4741888294736066e-05,5,Regular
Marvel,FATALE/PAMELA GREENW,57,0.00017259678166783006,1.6764087436348703e-05,5,Regular
Marvel,RANDOM II/MARSHALL E,60,0.00016343117424179874,3.529563486416495e-05,5,Regular
Marvel,"STANACHEK, FREDDIE",35,9.667786249319496e-05,7.0904638184333e-07,5,Regular
Marvel,"BEALE, ERIC",22,6.912657345296396e-05,3.215238934633184e-08,5,Regular
Marvel,"NEKOBAH, ROMAN",23,7.230658638085725e-05,9.214994607922217e-07,13,Regular
Marvel,"FUNARO, DONNA",37,0.00011258079270542898,4.619548129463908e-06,3,Regular
Marvel,COPPERHEAD II/,2,2.8231285035613217e-05,0.0,1,Regular
Marvel,JUVAN,31,8.763968242995668e-05,7.767241590124143e-07,7,Regular
Marvel,EGO,151,0.00036222800051150287,0.0003456680177942569,0,Regular
Marvel,ZON,44,0.0001185393339052669,7.194887838333942e-06,7,Regular
Marvel,SUGAR MAN,73,0.0001870132538793299,7.781679549770519e-06,5,Regular
Marvel,SENTRY III,36,0.00011008825250371354,1.2689984631494197e-06,11,Regular
Marvel,INGOT/,25,8.703960973006444e-05,0.0,11,Regular
Marvel,GLOUCESTER,25,8.703960973006444e-05,0.0,11,Regular
Marvel,SCARUM/,25,8.703960973006444e-05,0.0,11,Regular
Marvel,RAMSHOT/,36,0.00011008825250371354,1.2689984631494197e-06,11,Regular
Marvel,"TAUREY, WILLIAM MALC",27,9.140072675247078e-05,5.6626153923312735e-06,11,Regular
Marvel,FIELDSTONE/,25,8.703960973006444e-05,0.0,11,Regular
Marvel,"CHADWICK, CHEER",27,9.140072675247078e-05,5.6626153923312735e-06,11,Regular
Marvel,"CHADWICK, DR. HESPER",27,9.140072675247078e-05,5.6626153923312735e-06,11,Regular
Marvel,LOBLOLLY/,25,8.703960973006444e-05,0.0,11,Regular
Marvel,WATCHFIRE/,25,8.703960973006444e-05,0.0,11,Regular
Marvel,FIZGIG/,25,8.703960973006444e-05,0.0,11,Regular
Marvel,HOOPSNAKE/,25,8.703960973006444e-05,0.0,11,Regular
Marvel,BOMBLAST/,36,0.00011008825250371354,1.2689984631494197e-06,11,Regular
Marvel,HOARFROST/,25,8.703960973006444e-05,0.0,11,Regular
Marvel,WYSPER/MS. STEWART,36,0.00011008825250371354,1.2689984631494197e-06,11,Regular
Marvel,FIREARM/,36,0.00011008825250371354,1.2689984631494197e-06,11,Regular
Marvel,CRIMSON COWL II/,181,0.0004285666691075917,0.00023282022987843707,11,Regular
Marvel,CYCLONE II/PIERRE FR,106,0.00025158132938923135,2.4813275678474448e-05,11,Regular
Marvel,"TAKAHAMA, JANE",27,8.043186127481983e-05,5.051485772715018e-08,11,Regular
Marvel,"TAKAHAMA, ROBERT",27,8.043186127481983e-05,5.051485772715018e-08,11,Regular
Marvel,BEETLE ROBOT,39,0.00010732642102828462,2.034922213755967e-06,11,Regular
Marvel,MUTANT MASTER,30,8.640676774906227e-05,1.5723333489471281e-06,11,Regular
Marvel,MAN-APE/M'BAKU,122,0.0002921302408504973,8.91218746098026e-05,11,Regular
Marvel,SHOCKWAVE/LANCASTER ,109,0.0002665090965656036,6.90794746475406e-05,11,Regular
Marvel,"HIGGINS, SAMUEL",57,0.00014475870968515413,1.0511456942922981e-05,11,Regular
Marvel,"ROGERS, GAYLE",69,0.00017296337890638973,7.050661769643774e-06,11,Regular
Marvel,"SPITZ, BARRY",15,5.556406382928603e-05,0.0,11,Regular
Marvel,BUCKY II/FRED DAVIS,43,0.00011919016044510759,2.2096906591340284e-06,11,Regular
Marvel,"MARTINEZ, ISADORA",40,0.00011092327115879444,6.256554411947379e-07,11,Regular
Marvel,SILVER SCORPION/ELIS,55,0.00015110815542794133,3.714080809502998e-05,11,Regular
Marvel,NUKLO/ROBERT FRANK J,90,0.00022199315947141852,3.3126705449772546e-05,11,Regular
Marvel,"CHENEY, LILA",152,0.00036316619431214786,0.00010591788903887875,5,Regular
Marvel,JORNICK,7,3.730767357685532e-05,0.0,5,Regular
Marvel,MAA-GOR,16,6.151600877533933e-05,2.3693856305086144e-06,5,Regular
Marvel,OSAMA,29,8.42269213051002e-05,3.1211244012377694e-07,5,Regular
Marvel,"AYALA, FILIPPO",15,6.591731020505338e-05,2.7505479225012167e-07,2,Regular
Marvel,CONTROLLER/BASIL SAN,88,0.00022205597732842565,0.0003390934941478711,0,Regular
Marvel,SALOME,10,5.961093657312892e-05,1.4105478353596456e-06,2,Regular
Marvel,SISTER NIL,13,7.922751868412387e-05,3.3359814674301006e-06,2,Regular
Marvel,NOBLE,5,4.1431828046676694e-05,0.0,2,Regular
Marvel,VOICE,19,6.491858625608557e-05,7.781358582705883e-08,11,Regular
Marvel,"MCDOWELL, SCOTTY",15,6.980168182676413e-05,1.7005823825214675e-06,2,Regular
Marvel,"WALSH, CAPT. ALEXAND",8,4.631519999175473e-05,5.626189025494805e-07,1,Regular
Marvel,DANSEN MACABRE,92,0.00022916461397663087,0.00011328511139177262,0,Regular
Marvel,"COWEN, BUCK",32,0.00011738709607357815,3.764830772882305e-05,0,Regular
Marvel,TATTERDEMALION/,45,0.000133062190436086,6.870623576199698e-05,0,Regular
Marvel,MR. FEAR IV/ALAN FAG,2,2.8161633797919126e-05,0.0,1,Regular
Marvel,MOONDARK,13,6.175352568700904e-05,9.29977242861481e-06,2,Regular
Marvel,KILLER SHRIKE/SIMON ,55,0.00018668205370736072,0.00011117956420389185,1,Regular
Marvel,"IRONWOOD, CISSY",15,6.511695175815167e-05,3.899748837730327e-06,2,Regular
Marvel,MODULAR MAN/STEPHEN ,4,3.467235347902442e-05,0.0,1,Regular
Marvel,NAZE,60,0.00015059215332449406,1.3245232376731205e-06,5,Regular
Marvel,SHARD,63,0.0002543949552288274,0.00017729150951896873,5,Regular
Marvel,HAVEN/RADHA DASTOOR,12,5.008612274333468e-05,0.0,5,Regular
Marvel,RAWHIDE KID,28,0.00012142572211033549,0.00031133250311332503,0,Regular
Marvel,KID COLT,34,0.00012437238610865425,2.4323417167800362e-05,13,Regular
Marvel,"ASH, BRANDY",12,5.3456040678355105e-05,3.421236297948627e-08,13,Regular
Marvel,BROKEN MAN,3,5.4256354207206145e-05,0.0,5,Regular
Marvel,MR. SCRATCH,5,7.035137884106905e-05,1.972379405688706e-07,5,Regular
Marvel,QABIRI,13,0.00015627732586073468,9.861897028443532e-07,14,Regular
Marvel,MARCHALLA,3,6.302589034107878e-05,0.0,5,Regular
Marvel,URCHALLA,3,6.302589034107878e-05,0.0,5,Regular
Marvel,MARCHALLA II,3,6.302589034107878e-05,0.0,5,Regular
Marvel,FORGE | EARTH 998,3,5.4256354207206145e-05,0.0,5,Regular
Marvel,"BEYNON, DR. BRADLEY",11,4.7597222343387054e-05,0.0,13,Regular
Marvel,TORGO,31,9.591039552084133e-05,7.336469689041383e-06,13,Regular
Marvel,BEREET,116,0.00028727592995808973,0.0001028305873136749,2,Regular
Marvel,DARK CRAWLER,33,0.00010076534427876224,4.972894951548417e-06,2,Regular
Marvel,NIGHT FLYER,14,5.692950191163237e-05,5.128812032068017e-07,2,Regular
Marvel,SHOOTING STAR,97,0.00022897089036779718,1.2301209885226216e-05,2,Regular
Marvel,NIGHT RIDER III/HAMI,38,0.00011386425618977863,5.043591145402002e-05,2,Regular
Marvel,BANSHEE II,42,0.00012177147837789316,5.4648378163412866e-05,2,Regular
Marvel,LANDSLIDE,22,8.376353000609102e-05,1.189931521337979e-05,3,Regular
Marvel,"VON RICHTOFEN, LT. M",8,9.699754403612461e-05,0.0,1,Regular
Marvel,"GNUCCI, MA",8,9.699754403612461e-05,0.0,1,Regular
Marvel,CORSAIR,201,0.00045747934472121853,0.00017090527946875345,5,Regular
Marvel,"O'HOOLIHAN, SERGIUS",12,4.909111663012276e-05,0.0,13,Regular
Marvel,"DRAKE, FRANKLIN",44,0.00017939297532469143,2.6141061668837906e-05,2,Regular
Marvel,"HARKER, QUINCY",13,6.53994610834987e-05,1.59482484782221e-07,2,Regular
Marvel,MOLE,12,4.862936669423409e-05,0.0,5,Regular
Marvel,"JONES, CHARLOTTE",144,0.0003538176545982636,0.00024105114172528176,5,Regular
Marvel,"TANAKA, OPAL",58,0.00016115799340365455,1.4335290610293407e-05,5,Regular
Marvel,PHOENIX II,145,0.0003401605818689904,0.0002049046015945449,5,Regular
Marvel,CREEP/,8,4.572632519931968e-05,0.0,1,Regular
Marvel,"MONGRAIN, ALISON",58,0.00019342694059811287,5.982832242938398e-06,1,Regular
Marvel,DESTINY/PAUL DESTINE,8,4.2901217489387185e-05,0.0,13,Regular
Marvel,IKTHON,28,8.940524450869544e-05,1.1278217806987482e-05,13,Regular
Marvel,"BADALAMENTE, JESUS",51,0.00020560048518699638,0.00021584673958870628,10,Regular
Marvel,"CONOVER, ALYSSA",30,0.00016122730849015227,0.0002760329274840662,10,Regular
Marvel,MR. FX/,6,4.4532590479988025e-05,0.0,10,Regular
Marvel,"COOPER, WHITNEY III",23,0.00012132068274746857,0.0002566140613511884,10,Regular
Marvel,"CROSS, HAROLD",7,5.877580505085074e-05,0.0,10,Regular
Marvel,LULLABY/FELICITY HOP,7,5.877580505085074e-05,0.0,10,Regular
Marvel,"PEREZ, DET. CECILIA",8,6.2408285453957e-05,6.882058188392427e-07,10,Regular
Marvel,"SMITH, COL. TOLLIVER",21,0.00011438726757645703,2.8688194825063106e-05,10,Regular
Marvel,"LOVEJOY, FRANKLIN",7,5.877580505085074e-05,0.0,10,Regular
Marvel,CRIMEWAVE/,5,3.808150005052203e-05,0.0,10,Regular
Marvel,"SHERIDAN, FLORENCE",24,0.0001053635013494884,3.9334015422035515e-05,10,Regular
Marvel,MISSING LINK II/RAY ,19,8.782844911967052e-05,5.3428922656518015e-06,10,Regular
Marvel,MASTER LINK/WILLIS H,19,8.782844911967052e-05,5.3428922656518015e-06,10,Regular
Marvel,"SHERIDAN, WILLIAM",24,0.0001053635013494884,3.9334015422035515e-05,10,Regular
Marvel,UPLINK/HECTOR FUENTE,19,8.782844911967052e-05,5.3428922656518015e-06,10,Regular
Marvel,WEAK LINK/ERNIE MILL,19,8.782844911967052e-05,5.3428922656518015e-06,10,Regular
Marvel,BOOKWORM/NELSON GRUB,6,4.9129687556346455e-05,0.0,10,Regular
Marvel,"HUDDLESTON, PROF.",6,4.9129687556346455e-05,0.0,10,Regular
Marvel,8-BALL/,14,9.053444395010663e-05,0.0,10,Regular
Marvel,"EPSTEIN, MRS.",8,6.375157137397379e-05,0.0,10,Regular
Marvel,"BAYLOR, FRANK",8,6.375157137397379e-05,0.0,10,Regular
Marvel,"MCMURRAY, YVONNE",8,6.375157137397379e-05,0.0,10,Regular
Marvel,"EPSTEIN, MORRIS",8,6.375157137397379e-05,0.0,10,Regular
Marvel,FOOLKILLER III/KURT ,6,8.417240532067141e-05,4.1149643808022344e-05,11,Regular
Marvel,"MOODY, RUNYAN",5,6.914519808399753e-05,2.533217068107393e-05,11,Regular
Marvel,"WHITMAN, PATRICIA",5,7.986865179813764e-05,0.0,11,Regular
Marvel,"SINGER, MERLE",3,5.247974400010005e-05,0.0,11,Regular
Marvel,"MENDOSA, EMILIO",4,6.45267522598647e-05,0.0,11,Regular
Marvel,CAT MAN III/,12,5.3505237905806787e-05,0.0,1,Regular
Marvel,APE MAN II/ROY MCVEY,12,5.3505237905806787e-05,0.0,1,Regular
Marvel,BIRD MAN III/,45,0.0001279922347417669,1.5449004993786503e-05,11,Regular
Marvel,DUSK,5,3.649690026364839e-05,0.0,1,Regular
Marvel,SHOC/NEIL AIKEN,29,0.00011165535081510947,1.458244133277443e-05,1,Regular
Marvel,CHI-CHEE,16,8.942187449220571e-05,0.00012408193142352572,0,Regular
Marvel,SCENE STEALER,10,6.933142918710594e-05,6.177465654676908e-06,0,Regular
Marvel,MAINSPRING,16,8.942187449220571e-05,0.00012408193142352572,0,Regular
Marvel,HOPE,16,8.942187449220571e-05,0.00012408193142352572,0,Regular
Marvel,PSIREN,11,7.683508062202234e-05,9.563714746222899e-06,0,Regular
Marvel,DOUGHBOY,39,0.00011032613565479819,4.999100513670289e-06,11,Regular
Marvel,CHAKRA II,1,2.9681951781741477e-05,0.0,5,Regular
Marvel,NOM,25,0.00018312759410947328,0.00016945671851520777,5,Regular
Marvel,"PENDRAGON, ARTHUR",9,4.3723971811091073e-05,3.2793119948681908e-06,2,Regular
Marvel,MERLIN,66,0.00018213755271187642,5.472742315940976e-05,5,Regular
Marvel,FIN FANG FOOM/MIDGAR,62,0.00021739268694689155,0.0003322298577125519,0,Regular
Marvel,SAPPER,26,9.672604582767569e-05,4.755811808751953e-06,0,Regular
Marvel,WAR MACHINE II/PARNE,24,8.885849352453546e-05,4.666547033802338e-06,0,Regular
Marvel,"JACOBS, GLENDA",27,9.872573089319528e-05,7.40058106566964e-06,0,Regular
Marvel,MADAME MENACE/SUNSET,65,0.00020314906783482,0.00018511391173287004,0,Regular
Marvel,"DIXON, GENERAL",13,5.8877812910845415e-05,0.0,0,Regular
Marvel,GOLDEN-BLADE,26,9.672604582767569e-05,4.755811808751953e-06,0,Regular
Marvel,RAMPAGE/STUART CLARK,49,0.0001466795394212042,0.00014567593049140477,0,Regular
Marvel,"NAPIER, RAMONA DR.",24,8.95023350481485e-05,3.716136404370388e-06,0,Regular
Marvel,"DONLEAVY, HANNAH",27,9.300865814416127e-05,4.454759081939512e-06,0,Regular
Marvel,"YUAN, ANNIE",9,4.8135651714945796e-05,0.0,0,Regular
Marvel,"GRAY, CHARLES",35,0.00010969456889979722,1.9141392633473363e-06,0,Regular
Marvel,"YUAN, BILLY",18,7.188108130775052e-05,3.388398575727204e-07,0,Regular
Marvel,"YEAGER, CALLIE",20,7.257125759331921e-05,1.8034209933867393e-06,0,Regular
Marvel,"GALLAGHER, BOB",14,5.894191829563615e-05,0.0,0,Regular
Marvel,VOSTOK,117,0.00027629487148296366,7.385046862434008e-05,0,Regular
Marvel,FANTASMA,43,0.0001207921569214686,1.0909998427230183e-05,0,Regular
Marvel,MADAME MASQUE IV,16,5.761184786322049e-05,0.0,0,Regular
Marvel,SIBERCAT/,20,6.699089851811255e-05,1.577390536944056e-08,0,Regular
Marvel,POWERSURGE/ILLARION ,83,0.00019796592692960402,1.075506670523957e-05,11,Regular
Marvel,RED GUARDIAN V,140,0.00032251405951098504,0.000107585665531911,11,Regular
Marvel,"BURKE, THERESA TRACY",26,9.829316533605924e-05,2.8140709050691664e-05,0,Regular
Marvel,"PLEXICO, DET.",15,6.206876053150868e-05,1.0880219406068836e-07,0,Regular
Marvel,PROFESSOR GIBBON/,1,2.5742454969780822e-05,0.0,5,Regular
Marvel,BOMBSHELL/,82,0.00020841046609854669,2.5711821166911143e-05,11,Regular
Marvel,ODDBALL/ELTON HEALEY,29,9.852311747561476e-05,3.0337760088755328e-05,0,Regular
Marvel,CROSSFIRE,25,9.5269340732847e-05,1.052546455309529e-05,0,Regular
Marvel,MANTIS/? BRANDT,147,0.0003482046562319411,9.635891200062323e-05,0,Regular
Marvel,PHANTOM RIDER II/HAM,31,9.010947098219755e-05,1.8857462891562282e-05,0,Regular
Marvel,"DELPHIS, SIR",57,0.00014748230192548304,1.0286095159825184e-05,5,Regular
Marvel,"STRYKER, WILLIS",27,9.399821052984299e-05,1.8404297077006833e-05,2,Regular
Marvel,"VERMIN, LADY",64,0.0001621852850273157,8.64399665967128e-06,5,Regular
Marvel,EXODUS/BENNET DUPARI,138,0.0003281049318988651,0.00011063449328715533,5,Regular
Marvel,"BUCHOVITZ, STANLEY &",17,5.9566754640954725e-05,0.0,5,Regular
Marvel,"GATOR, LORD",80,0.00019842952652373178,2.3874045021045254e-05,5,Regular
Marvel,"RAM, SIR",80,0.00019842952652373178,2.3874045021045254e-05,5,Regular
Marvel,"TYGER, LORD",72,0.00018146157816389532,1.4753272603139808e-05,5,Regular
Marvel,BOVA,140,0.00034816793027517295,0.00025018723431388277,0,Regular
Marvel,"URSULA, LADY",76,0.00018856567396650952,2.1296610705349176e-05,5,Regular
Marvel,WHITE TIGER II/,124,0.00030202124551305517,0.00012170024682715064,11,Regular
Marvel,GARGOUILLE/,40,0.00010669570294845603,4.169720101945191e-07,5,Regular
Marvel,"DRAKE, MALCOLM",9,4.211536973585193e-05,0.0,8,Regular
Marvel,MALEKITH/MALCOLM KEI,76,0.000192012956827772,5.694608860055322e-05,7,Regular
Marvel,BEHEMOTH,21,7.168171580495924e-05,0.0,2,Regular
Marvel,MASTER/ESHU,142,0.0003367565073014423,7.715405574111025e-05,8,Regular
Marvel,DEMI-GOD,21,7.168171580495924e-05,0.0,2,Regular
Marvel,SHE-CAT,21,7.168171580495924e-05,0.0,2,Regular
Marvel,X-RAY,139,0.00034354329552846365,0.00011392968853533137,2,Regular
Marvel,IRONCLAD,142,0.0003515779227108836,0.00011954894357118657,2,Regular
Marvel,STINGER IV,21,7.168171580495924e-05,0.0,2,Regular
Marvel,VECTOR,137,0.0003382991561968471,0.00010477637986908867,2,Regular
Marvel,VAPOR,175,0.0004181426236395599,0.00017117787690685296,2,Regular
Marvel,DRAGONFIST,21,7.168171580495924e-05,0.0,2,Regular
Marvel,KNIGHT ERRANT II,21,7.168171580495924e-05,0.0,2,Regular
Marvel,AMAZON,21,7.168171580495924e-05,0.0,2,Regular
Marvel,SWORDSMAN II/COTATI,71,0.0001849490020620838,2.5362965947851815e-05,0,Regular
Marvel,"HESSLER, WOLFGANG",19,6.49190965606855e-05,0.0,2,Regular
Marvel,CARDINAL/CLEMDENON,99,0.00023918107240845224,0.00016333779231338067,11,Regular
Marvel,"WIDDOWS, SGT.",15,5.618233014962325e-05,0.0,11,Regular
Marvel,CHANCE II/NICHOLAS P,53,0.00015606649055543612,1.6196476908501838e-05,1,Regular
Marvel,THUNDRA,105,0.00025820315481482435,7.799162092624718e-05,0,Regular
Marvel,BRUTE/REED RICHARDS ,28,8.415141820269356e-05,1.2397282523145188e-07,13,Regular
Marvel,"CONWAY, GERRY",28,8.886126259682281e-05,4.586422344342354e-06,13,Regular
Marvel,"VERPOORTEN, JOHN",24,7.978365528439568e-05,6.792487021602992e-07,3,Regular
Marvel,"KIRBY, JACK",95,0.00023729193563610328,7.441695668923722e-05,2,Regular
Marvel,"WOLFMAN, MARV",24,7.978365528439568e-05,6.792487021602992e-07,3,Regular
Marvel,"PEREZ, GEORGE",48,0.0001419903137313125,6.236859109813804e-05,13,Regular
Marvel,CAPTAIN ULTRA/GRIFFI,59,0.00014765581221865372,7.026530615577628e-06,2,Regular
Marvel,GORR,10,4.481875230505734e-05,0.0,13,Regular
Marvel,"CRAWFORD, GEN.",11,4.887376944834646e-05,0.0,2,Regular
Marvel,"ST. LAWRENCE, COL. C",59,0.0001839293144247199,7.048838481710383e-05,2,Regular
Marvel,ARMAGEDDON,12,5.822578538065787e-05,0.0,2,Regular
Marvel,"CLINTON, CHELSEA",8,4.671403650718947e-05,0.0,2,Regular
Marvel,"ROGERS, W.T.",8,4.671403650718947e-05,0.0,2,Regular
Marvel,MAESTRO,8,5.3303308419728546e-05,5.910830763073361e-07,2,Regular
Marvel,"FLINN, LANCELOT LANC",2,3.143968662617181e-05,0.0,2,Regular
Marvel,TRAUMA,15,6.13414000113405e-05,1.5401392235199714e-07,2,Regular
Marvel,"SPAR, DR. KATHERINE ",20,7.096377462539747e-05,3.1073803534225914e-06,2,Regular
Marvel,"DEANGELO, DEVLIN",8,4.297166618635723e-05,6.486093814860938e-09,2,Regular
Marvel,"RANSOME, DR. SUSAN",33,0.00010322207549040693,1.8824793181469664e-08,1,Regular
Marvel,VOLCANA/MARSHA ROSEN,142,0.0003300980086546021,7.644949738390434e-05,8,Regular
Marvel,ARMS MERCHANT/ANDREA,19,6.540299599346856e-05,8.192964596989031e-07,11,Regular
Marvel,FLYING TIGER,116,0.0002698950199001556,3.691518482157236e-05,11,Regular
Marvel,INDIUM,38,0.00010511119406014048,1.1411031032113124e-06,11,Regular
Marvel,CADMIUM,60,0.00016360633508101817,2.5619734659200932e-05,11,Regular
Marvel,IRON,64,0.00016349581835233926,1.40289655154103e-05,11,Regular
Marvel,DISPROSIUM,38,0.00010511119406014048,1.1411031032113124e-06,11,Regular
Marvel,ARSENIC,38,0.00010511119406014048,1.1411031032113124e-06,11,Regular
Marvel,COBALT,38,0.00010511119406014048,1.1411031032113124e-06,11,Regular
Marvel,ERBIUM,38,0.00010511119406014048,1.1411031032113124e-06,11,Regular
Marvel,BARIUM,38,0.00010511119406014048,1.1411031032113124e-06,11,Regular
Marvel,THALLIUM,38,0.00010511119406014048,1.1411031032113124e-06,11,Regular
Marvel,SODIUM,38,0.00010511119406014048,1.1411031032113124e-06,11,Regular
Marvel,HAFNIUM,64,0.00016349581835233926,1.3888675860256198e-05,11,Regular
Marvel,CARBON,38,0.00010511119406014048,1.1411031032113124e-06,11,Regular
Marvel,PHOSPHORUS,38,0.00010511119406014048,1.1411031032113124e-06,11,Regular
Marvel,ZIRCONIUM,50,0.00013897669937562322,2.3964037435651546e-05,11,Regular
Marvel,SCANDIUM,38,0.00010511119406014048,1.1411031032113124e-06,11,Regular
Marvel,CHLORINE,38,0.00010511119406014048,1.1411031032113124e-06,11,Regular
Marvel,COPPER,22,7.715942628676202e-05,0.0,11,Regular
Marvel,EUROPIUM,48,0.00013545742209353608,1.868025189410337e-05,11,Regular
Marvel,CHROMIUM,22,7.715942628676202e-05,0.0,11,Regular
Marvel,NICKEL,22,7.715942628676202e-05,0.0,11,Regular
Marvel,TUNGSTEN,22,7.715942628676202e-05,0.0,11,Regular
Marvel,HELIUM,22,7.715942628676202e-05,0.0,11,Regular
Marvel,BROMINE,22,7.715942628676202e-05,0.0,11,Regular
Marvel,BERYLLIUM,48,0.00013545742209353608,1.868025189410337e-05,11,Regular
Marvel,VANADIUM,22,7.715942628676202e-05,0.0,11,Regular
Marvel,MAGNESIUM,22,7.715942628676202e-05,0.0,11,Regular
Marvel,MERCURY II,22,7.715942628676202e-05,0.0,11,Regular
Marvel,"KHANDRUVITCH, DR. VA",48,0.00013545742209353608,1.868025189410337e-05,11,Regular
Marvel,GROWING MAN,57,0.00015003253209129784,2.3901833507280442e-05,11,Regular
Marvel,"HAMILTON, JEROME",15,5.581343220197684e-05,1.4023986626726352e-08,13,Regular
Marvel,"ZOTA, CARLO",57,0.00015019265540403392,2.526873025646015e-05,13,Regular
Marvel,"DAMIAN, DR. DANIEL",60,0.00015433389665516192,1.203548267838102e-05,7,Regular
Marvel,"GROSS, CLIFFORD",2,2.8684415631843184e-05,0.0,1,Regular
Marvel,"SANTINI, DR. JOSE",32,9.339619209878437e-05,8.610529388240578e-07,0,Regular
Marvel,TIWAZ,25,7.398696306166268e-05,7.142241995287277e-08,7,Regular
Marvel,HILDY [ASGARDIAN],103,0.00023943692170490686,2.016638476336775e-05,7,Regular
Marvel,EILIF DRAGONSLAYER,21,6.621718004168027e-05,0.0,7,Regular
Marvel,MEGATAK,16,5.6087786425483633e-05,0.0,7,Regular
Marvel,SPRITE,108,0.00026303845302061993,7.848003246006333e-05,7,Regular
Marvel,RAVONNA LEXUS RENSLA,75,0.0001940899832419874,5.6314643729859114e-05,0,Regular
Marvel,HANGMAN,25,8.811957577428296e-05,5.45585872601589e-07,0,Regular
Marvel,MAGNUS,51,0.0001411186257300134,1.3638594539560676e-05,0,Regular
Marvel,WHIPLASH II/,74,0.00018707089296545056,2.0474090881112688e-05,11,Regular
Marvel,BLOODLUST,58,0.00015284377581463633,1.5739989971598055e-05,11,Regular
Marvel,CRITICAL MASS,5,3.5392529247164454e-05,0.0,11,Regular
Marvel,ELITE/,8,9.699754403612461e-05,0.0,1,Regular
Marvel,"BUMPO, MR.",8,9.699754403612461e-05,0.0,1,Regular
Marvel,MR. PAYBACK/,8,9.699754403612461e-05,0.0,1,Regular
Marvel,HOLY/FATHER HECTOR R,9,0.00010033476287117294,1.099563369704405e-05,1,Regular
Marvel,"DEZOAN, JOHN",5,3.629695309739826e-05,0.0,2,Regular
Marvel,FIN/PETER NOBLE,21,7.567095274563292e-05,4.572037178069514e-05,0,Regular
Marvel,BULL,5,3.453540256462244e-05,0.0,0,Regular
Marvel,ETUBAN,13,6.0179326929879484e-05,1.402754625079263e-06,1,Regular
Marvel,MOON KNIGHT DOPPELGA,98,0.00022284016158600236,1.158611016783033e-06,8,Regular
Marvel,"GREEN, LILA",10,6.673559068767513e-05,0.0,2,Regular
Marvel,WILDPRIDE/KYLLIAN,4,3.631729794681426e-05,0.0,2,Regular
Marvel,TERMINUS,44,0.00012184565087502148,1.0274393162191666e-05,13,Regular
Marvel,DEADEYE/,6,4.905646696946529e-05,0.0,8,Regular
Marvel,IMPACT/,10,7.312823766825649e-05,1.929758523186839e-06,8,Regular
Marvel,SOUNDBYTE/,10,7.312823766825649e-05,1.929758523186839e-06,8,Regular
Marvel,METALSLASH/,10,7.312823766825649e-05,1.929758523186839e-06,8,Regular
Marvel,"BOUDREAUX, BELLA DON",77,0.00024168835569135793,0.00014763991489664637,5,Regular
Marvel,"WANG, VICTORIA VICKY",21,6.773362178420936e-05,2.8491739011653636e-08,5,Regular
Marvel,RHAPSODY/RACHEL ARGO,14,5.937075370807682e-05,0.0,5,Regular
Marvel,CYBER,49,0.00014188572485880605,9.432514911535007e-06,5,Regular
Marvel,"DAHN, FARNOQ",17,6.16412464819593e-05,0.0,2,Regular
Marvel,"ANDERSON, CHIEF MAGI",33,9.524306879455348e-05,2.4755639955007e-06,5,Regular
Marvel,DELGADO,23,7.19757964336484e-05,0.0,5,Regular
Marvel,CHROME/,23,7.19757964336484e-05,0.0,5,Regular
Marvel,"TSURAYABA, MATSUO",78,0.00020234845576563065,2.3537399892396793e-05,5,Regular
Marvel,ERIC THE RED [SHI'AR,99,0.00023933300861107826,5.136921924965942e-05,5,Regular
Marvel,RICOCHET/SEN. STEVEN,16,6.0176048179633895e-05,0.0,5,Regular
Marvel,"CHALKER, PROF. VIC",25,8.022005791563552e-05,9.550076782617333e-09,5,Regular
Marvel,RAMROD III/,15,5.805807491470628e-05,0.0,5,Regular
Marvel,MEEK,21,7.019096230526083e-05,9.302764037250747e-09,5,Regular
Marvel,"CORNELIUS, DR.",29,8.627209600945709e-05,1.9999355262951047e-07,5,Regular
Marvel,"STRUCKER, ANDREA",164,0.00039995321588375216,0.0002710047624291376,5,Regular
Marvel,OMEGA RED/ARKADY ROS,110,0.00028480344312170716,0.00016699511912027706,5,Regular
Marvel,"STRUCKER, ANDREAS",166,0.00040510463501800307,0.00027619875247651004,5,Regular
Marvel,BIRDY,21,7.209564563485567e-05,1.451651212902546e-06,5,Regular
Marvel,LEGION II/DAVID HALL,143,0.00034345965678886766,7.632827702900739e-05,5,Regular
Marvel,SAJA,1,2.5517164098064875e-05,0.0,2,Regular
Marvel,ARABIAN KNIGHT/ABDUL,169,0.00043353233913736303,0.0005758767255024052,2,Regular
Marvel,"SAVANNAH, LOU-ANN",15,5.499939402407377e-05,1.4534593349413134e-07,2,Regular
Marvel,ZURAS,87,0.00022094873425981384,2.637971214009205e-05,7,Regular
Marvel,CAT MAN/HORGAN,42,0.00012011766116682172,1.4358215778406635e-05,5,Regular
Marvel,BIRD MAN/HENRY HAWK,42,0.00012011766116682172,1.4358215778406635e-05,5,Regular
Marvel,"RALEIGH, RICHARD",15,6.329076849900339e-05,5.957810790453451e-07,1,Regular
Marvel,"LINCOLN, WILLIAM WIL",10,5.6346110989705666e-05,1.241770985853364e-06,1,Regular
Marvel,DIAMOND LIL/LILLIAN ,110,0.00027920879704147067,0.00011550298487084641,8,Regular
Marvel,"COURTNEY, DELPHINE",19,6.29157662227382e-05,2.3238593897942082e-07,8,Regular
Marvel,BATWING/,13,5.6322436499565395e-05,0.0,1,Regular
Marvel,"AVRIL, SALLY",34,0.00011539541714366991,1.0632235387749022e-05,1,Regular
Marvel,SCORCHER/,75,0.00018357314921502372,1.5802369602119782e-05,11,Regular
Marvel,PINK PEARL/,57,0.00014139072811864784,1.1563063310798932e-06,11,Regular
Marvel,GUARDIAN V/JAMES MAC,82,0.0002349962668504225,4.465830648450587e-05,8,Regular
Marvel,WEAPON X III,30,9.563421974341689e-05,1.4681638759162655e-06,8,Regular
Marvel,GHOST GIRL II/LILLI,50,0.00014735709329495112,1.6038310743494424e-05,8,Regular
Marvel,MANBOT/BERNIE LACHEN,74,0.00021296774550254617,3.7393850797056687e-05,8,Regular
Marvel,GENTRY,37,0.00011588903699509667,3.596403920452053e-06,8,Regular
Marvel,GUARDIAN/JAMES MACDO,304,0.0007113016983154423,0.0007804484170491916,2,Regular
Marvel,RADIUS/JARED CORBO,84,0.00024454801646500436,5.146364078586302e-05,8,Regular
Marvel,"HUXLEY, DR. HORATIO",48,0.00015122701270861132,7.520803665998816e-06,8,Regular
Marvel,FLEX/ADRIAN CORBO,81,0.00023306805951009034,4.458715149698818e-05,8,Regular
Marvel,MURMUR II/ARLETTE TR,78,0.000228644009170234,4.7264187151241465e-05,8,Regular
Marvel,"FOX, PHIL",5,4.322557560060605e-05,0.0,2,Regular
Marvel,LEVIATHAN,6,3.676685850319259e-05,0.0,13,Regular
Marvel,DIAMONDBACK,5,3.8576856275134705e-05,0.0,2,Regular
Marvel,"KALE, JENNIFER",67,0.00020731249892706898,0.00014250216807772153,5,Regular
Marvel,DAKIMH THE ENCHANTER,87,0.00021359289678740738,3.516253219190405e-05,0,Regular
Marvel,WALRUS,7,4.989924613664715e-05,0.0,1,Regular
Marvel,"GROSS, IRA",7,4.989924613664715e-05,0.0,1,Regular
Marvel,"PATILIO, MARIE",7,4.989924613664715e-05,0.0,1,Regular
Marvel,AUGUST PERSONAGE IN ,42,0.00013757499156029888,6.708262094754263e-05,2,Regular
Marvel,"MEACHUM, HAROLD",9,5.025323580561633e-05,0.0,2,Regular
Marvel,NINJA/,17,7.19100753467775e-05,5.791459319853834e-07,2,Regular
Marvel,"LEI KUNG, THE THUNDE",37,0.00012340190501514185,1.8315716037203037e-05,2,Regular
Marvel,"CLAYBORNE, REGINA",11,4.6975075021233946e-05,3.81828606206071e-08,2,Regular
Marvel,ATOM-SMASHER/,8,4.577567549207201e-05,1.4514481189778858e-06,0,Regular
Marvel,"BELL, HERBERT",10,5.110316290902354e-05,7.762282565703936e-07,13,Regular
Marvel,"WEST, DALE",10,5.110316290902354e-05,7.762282565703936e-07,13,Regular
Marvel,PROTECTOR III/,32,0.00010327201734586897,4.078940366222211e-06,3,Regular
Marvel,"CONNORS, BILLY",54,0.000172014277821673,7.258784226963966e-05,1,Regular
Marvel,LIZARD II,9,4.6382393411413185e-05,0.0,1,Regular
Marvel,"CONNORS, MARTHA",55,0.00017450995767564023,7.339379617951096e-05,1,Regular
Marvel,DAKINI,15,7.59192838167587e-05,3.6597763572715492e-06,2,Regular
Marvel,"FISHMAN, DR. JONATHA",5,3.8652368306159105e-05,0.0,2,Regular
Marvel,"ROWEN, MIKE",10,4.819357430290432e-05,0.0,5,Regular
Marvel,"ROWEN, CARL",10,4.819357430290432e-05,0.0,5,Regular
Marvel,"FALLON, MEG",14,6.347645181237041e-05,1.1254048697857101e-06,5,Regular
Marvel,MR. SINISTER | AOA,2,2.8635324078092656e-05,0.0,5,Regular
Marvel,MASTER MAN/WILHELM L,56,0.00017151311869016323,0.0001084549377290041,2,Regular
Marvel,"BROWN, MINDY MCPHERS",58,0.00016903266477772243,4.688223663908534e-05,1,Regular
Marvel,"STACY, NANCY",14,6.0948345324526136e-05,2.9370990859747642e-08,1,Regular
Marvel,THRENODY,76,0.00020187613645992144,2.282265778608744e-05,5,Regular
Marvel,DREADNAUGHT,19,6.824354683371766e-05,3.4742547972637156e-07,1,Regular
Marvel,"ALEXANDER, CARRIE",87,0.0002416840961234643,8.110549208470964e-05,2,Regular
Marvel,"MARRS, DESMOND",48,0.00014835004223453317,2.482209046023173e-05,2,Regular
Marvel,"RAYMOND, ANN",70,0.00017788953684864158,1.0358495193742461e-05,2,Regular
Marvel,HEADHUNTER/,18,6.778850833407015e-05,3.169818390779171e-08,2,Regular
Marvel,"ALEXANDER, CALEB",44,0.0001341342224342013,1.6242608923334557e-05,2,Regular
Marvel,"KRAUS, DR. FREIDERIC",29,9.399730269270257e-05,4.250038822927739e-06,2,Regular
Marvel,"MARRS(-PAYNE), PHOEB",91,0.0002565814768355297,9.495274922156055e-05,2,Regular
Marvel,SLUJ,15,6.0955355028544556e-05,0.0,2,Regular
Marvel,"MEACHUM, WARD",44,0.00014631668413025688,7.002233294186892e-06,2,Regular
Marvel,WARRIOR WOMAN/JULIA ,46,0.00014146648219996678,5.42804890209542e-05,2,Regular
Marvel,SANDSTORM/,1,2.5517164098064875e-05,0.0,2,Regular
Marvel,TORG,30,8.532873148795096e-05,1.4742926590308392e-06,0,Regular
Marvel,STARSHINE/LANDRA,23,9.110275078913474e-05,5.842848553171495e-07,3,Regular
Marvel,TERMINATOR,17,7.18126974340029e-05,8.10294581719808e-08,3,Regular
Marvel,TUMBLER/JOHN ROBERT ,11,4.757151333530893e-05,2.2332292593626833e-08,2,Regular
Marvel,BOND,6,4.195559548302216e-05,0.0,5,Regular
Marvel,CANDRA,32,0.00012136839307667666,0.0001155691537140366,5,Regular
Marvel,KARIMA,6,4.195559548302216e-05,0.0,5,Regular
Marvel,JAMIL,25,8.923617224827486e-05,3.331803978931828e-06,5,Regular
Marvel,MOUNTJOY,35,0.00010302405369646929,5.578004094205831e-06,5,Regular
Marvel,BANTAM/,34,0.00014053955167963054,3.327101599482297e-05,5,Regular
Marvel,TERROR/LASLO PEVELY,11,7.796772910861255e-05,5.34935572359665e-09,13,Regular
Marvel,BLAZING SKULL/MARK T,16,6.317987444315506e-05,8.916330094469866e-06,0,Regular
Marvel,YMIR,49,0.0001350273772707429,2.8274250507525402e-05,7,Regular
Marvel,WOLVERINE | MUTANT X,65,0.00023393065784731707,2.773689573191441e-06,15,Regular
Marvel,GAMBIT | MUTANT X-VE,81,0.00027924489701445815,9.332271357746272e-05,15,Regular
Marvel,SABRETOOTH | MUTANT ,20,9.643043904478704e-05,0.0,15,Regular
Marvel,WILD CHILD | MUTANT ,20,9.643043904478704e-05,0.0,15,Regular
Marvel,"GREY, JEAN | MUTANT ",76,0.0002721048378755865,6.79979809920375e-05,15,Regular
Marvel,ICE-MAN | MUTANT X-V,123,0.0004430683992261723,0.000240257069373447,15,Regular
Marvel,"YASHIDA, MARIKO | MU",56,0.00019555928734496053,1.2170270576248161e-06,15,Regular
Marvel,BRUTE | MUTANT X-VER,124,0.00044953593892744766,0.00024240727969415096,15,Regular
Marvel,CAPTAIN AMERICA | MU,89,0.00031128248502288375,0.00010116395689749246,15,Regular
Marvel,BLOODSTORM | MUTANT ,124,0.00044953593892744766,0.00024240727969415096,15,Regular
Marvel,"HUDSON, JAMES | MUTA",17,8.174576456370373e-05,0.0,15,Regular
Marvel,EL TORO ROJO,3,3.894716800934574e-05,0.0,7,Regular
Marvel,DOMO,50,0.0001456672046586337,1.3110822864598847e-05,7,Regular
Marvel,EL VAMPIRO,3,3.894716800934574e-05,0.0,7,Regular
Marvel,MERCURY,30,8.525920190358605e-05,0.0,7,Regular
Marvel,"DAMIAN, MARGO",62,0.00016481062413839086,5.277333945807367e-06,7,Regular
Marvel,KARKAS [DEVIANT],143,0.00034765802647225146,0.0001885272654703631,7,Regular
Marvel,AJAK/TECUMOTZIN [ETE,192,0.00043445890576051735,0.00023141108686437146,7,Regular
Marvel,ATHENA [GREEK GOD],68,0.00017210359827984293,8.425984234324174e-06,7,Regular
Marvel,AGINAR,44,0.00011532511728213352,2.1071149175093687e-06,7,Regular
Marvel,FAMINE | MUTANT X-VE,15,6.955226812787983e-05,0.0,15,Regular
Marvel,ELEKTRA | MUTANT X-V,81,0.0002800038520393412,1.6297649490093828e-05,15,Regular
Marvel,MAGNETO | MUTANT X-V,88,0.00030138958954989956,1.722422441079005e-05,15,Regular
Marvel,APOCALYPSE | MUTANT ,21,9.21141024569664e-05,0.0,15,Regular
Marvel,WAR/ABRAHAM LINCOLN ,85,0.00022192078810755257,0.00022954825586499734,5,Regular
Marvel,FALLEN | MUTANT X-VE,72,0.00027385406615863334,1.3123565070151228e-05,15,Regular
Marvel,PESTILENCE | MUTANT ,15,6.955226812787983e-05,0.0,15,Regular
Marvel,"SUMMERS, SCOTT III |",96,0.0003403988172331763,2.2018911286426766e-05,15,Regular
Marvel,MR. SINISTER | MUTAN,26,0.00011143250457602507,0.0,15,Regular
Marvel,PROFESSOR X | MUTANT,41,0.00015495016374368536,1.3665564377089014e-06,15,Regular
Marvel,X-MAN | MUTANT X-VER,14,6.607377962826658e-05,0.0,15,Regular
Marvel,RAVEN | MUTANT X-VER,56,0.00018982561436456117,4.000972612944895e-06,15,Regular
Marvel,DRACULA | MUTANT X-V,82,0.0002780184020541877,9.537147498172107e-05,15,Regular
Marvel,HUSK/PAIGE GUTHRIE |,16,6.98491102857101e-05,3.9137563338628545e-08,15,Regular
Marvel,CEREBRO | MUTANT-X V,42,0.00015938324700185547,4.9129027713042165e-05,15,Regular
Marvel,"GYRICH, HENRY PETER ",13,6.0399253502440416e-05,0.0,15,Regular
Marvel,CANNONBALL/SAM GUTHR,16,6.98491102857101e-05,3.9137563338628545e-08,15,Regular
Marvel,DAGGER/TANDY BOWEN |,13,6.0343652894349046e-05,0.0,15,Regular
Marvel,HAVOK | MUTANT X-VER,9,5.112646786692964e-05,0.0,15,Regular
Marvel,"O'BREEN, GLORIANNA",39,0.00013754730267066917,2.9478420219019363e-05,1,Regular
Marvel,RAZOR WIRE/,13,6.510864668934576e-05,0.0,1,Regular
Marvel,LIGHTNING FIST,13,6.510864668934576e-05,0.0,1,Regular
Marvel,MS. FORTUNE/,13,6.510864668934576e-05,0.0,1,Regular
Marvel,OGRE II,13,6.510864668934576e-05,0.0,1,Regular
Marvel,MASTER MONARCH/,13,6.510864668934576e-05,0.0,1,Regular
Marvel,"MARTS, MR.",18,7.793523369270378e-05,1.2288165918344256e-06,1,Regular
Marvel,SQUID/DONNY CALLAHAN,17,7.912462978752183e-05,1.6556173564685826e-06,1,Regular
Marvel,YELLOW CLAW/TZING JA,98,0.0002729590573431097,0.00040296650625510586,13,Regular
Marvel,IVORY/,18,7.966198986128359e-05,6.817940475156149e-07,2,Regular
Marvel,BATTERY/,13,6.470316721437586e-05,0.0,2,Regular
Marvel,KNOCKABOUT/,18,7.966198986128359e-05,6.817940475156149e-07,2,Regular
Marvel,PSI-BORG/,19,8.282183905469176e-05,8.133429924930762e-07,2,Regular
Marvel,VIOLENCE/,18,7.966198986128359e-05,6.817940475156149e-07,2,Regular
Marvel,SMOKESCREAM/,13,6.470316721437586e-05,0.0,2,Regular
Marvel,OVERRIDER/,13,6.470316721437586e-05,0.0,2,Regular
Marvel,ASSAULT/,13,6.470316721437586e-05,0.0,2,Regular
Marvel,ANGAR THE SCREAMER/D,139,0.0003563992606903903,0.0001194854459081059,2,Regular
Marvel,"HARDERMAN, QUENTIN",25,7.899778426021526e-05,2.1138203025231192e-06,5,Regular
Marvel,JEKUAKKEKT,13,5.6919558547416504e-05,2.513542548032539e-07,11,Regular
Marvel,TIKUAK,13,5.6919558547416504e-05,2.513542548032539e-07,11,Regular
Marvel,KEKA' AKELUAK,13,5.6919558547416504e-05,2.513542548032539e-07,11,Regular
Marvel,JIKEKT,13,5.6919558547416504e-05,2.513542548032539e-07,11,Regular
Marvel,L'KLEKK'TAK,11,5.2373355563456995e-05,0.0,11,Regular
Marvel,FLATMAN,102,0.0002450382969448667,4.003213377841076e-05,11,Regular
Marvel,"SIMMONS, RANDALL",17,6.035161536636831e-05,0.0,11,Regular
Marvel,MR. IMMORTAL,102,0.0002450382969448667,4.003213377841076e-05,11,Regular
Marvel,"TANNER, ARCHIE",17,6.035161536636831e-05,0.0,11,Regular
Marvel,"HANRAHY, JIM",17,6.035161536636831e-05,0.0,11,Regular
Marvel,DOORMAN,102,0.0002450382969448667,4.003213377841076e-05,11,Regular
Marvel,BIG BERTHA/ASHLEY CR,57,0.0001519534070732916,2.6553488028516187e-05,11,Regular
Marvel,DINAH-SOAR,102,0.0002450382969448667,4.003213377841076e-05,11,Regular
Marvel,"DIRKSON, GUS",15,5.547182276555043e-05,0.0,11,Regular
Marvel,"JOSTEN, CARL",15,5.547182276555043e-05,0.0,11,Regular
Marvel,"WING, PROFESSOR",17,7.08435172783316e-05,5.635395397628475e-07,2,Regular
Marvel,"RAND, HEATHER DUNCAN",15,6.859022670629322e-05,1.7733630713170677e-05,2,Regular
Marvel,STEEL SERPENT,37,0.00010838718795847058,7.478871987429064e-06,3,Regular
Marvel,BLIND AL/ALTHEA,37,0.00013513939727492554,5.0409415767583486e-05,5,Regular
Marvel,WEASEL/JACK HAMMER,21,8.314843601762265e-05,9.939411212058317e-06,5,Regular
Marvel,DEUCE,30,0.00011340622446766739,1.1732305808034685e-05,1,Regular
Marvel,EXPEDITER II/ZOE CUL,73,0.0002155767572839374,9.735183533216846e-05,5,Regular
Marvel,"LEQUARRE, GERRY",15,6.748906440786404e-05,3.928686122919175e-06,5,Regular
Marvel,T-RAY/WADE WILSON,20,9.026442177397301e-05,6.065677058119981e-06,5,Regular
Marvel,MONTGOMERY,37,0.00013947023845628723,5.591892818314016e-05,5,Regular
Marvel,"DUBOIS, NOAH",40,0.00012941887230420086,5.684139130977696e-05,5,Regular
Marvel,OVERBOSS DIXON,23,9.012914370282247e-05,2.5132907859136872e-05,5,Regular
Marvel,AJAX II,12,6.456479725470282e-05,2.668564312399929e-08,5,Regular
Marvel,PATCH II,40,0.00014779298322051515,1.0332021014615504e-05,5,Regular
Marvel,"TENG, NIKKI",9,5.118404725624349e-05,0.0,5,Regular
Marvel,FENWAY,13,6.979870641997879e-05,1.3192055216666316e-08,5,Regular
Marvel,C.F.,13,6.979870641997879e-05,1.3192055216666316e-08,5,Regular
Marvel,"BRUKNER, ILANEY",17,8.285377670535113e-05,2.2041875091793824e-06,5,Regular
Marvel,"FORRESTER, CAPT. ALE",100,0.00023599857133842848,8.374626606162705e-06,5,Regular
Marvel,"PELTINO, LT.",14,5.314388407859122e-05,0.0,11,Regular
Marvel,MODAM,86,0.00021056850480214364,3.0093168245291835e-05,11,Regular
Marvel,"BRANNEX, ALLESSANDRO",14,5.314388407859122e-05,0.0,11,Regular
Marvel,"FARREL, MIKE",69,0.00018785209754109612,7.206216815692628e-05,11,Regular
Marvel,"BARTLETT, STU",11,4.652672339707265e-05,1.3036967592916493e-08,11,Regular
Marvel,"KAPPELBAUM, MRS.",24,7.28359643554422e-05,0.0,11,Regular
Marvel,WIDOW-MAKER,24,7.679208700326919e-05,0.0,0,Regular
Marvel,PECOS BILL,24,7.679208700326919e-05,0.0,0,Regular
Marvel,UNCLE SAM,24,7.679208700326919e-05,0.0,0,Regular
Marvel,FATHER TIME,24,7.679208700326919e-05,0.0,0,Regular
Marvel,JOHNNY APPLESEED/JON,24,7.679208700326919e-05,0.0,0,Regular
Marvel,"HENRY, JOHN",24,7.679208700326919e-05,0.0,0,Regular
Marvel,"BUNYAN, PAUL",24,7.679208700326919e-05,0.0,0,Regular
Marvel,VISE/,13,6.446408492924584e-05,1.6089117175279962e-07,5,Regular
Marvel,"SCANLON, COMMANDER",13,6.446408492924584e-05,1.6089117175279962e-07,5,Regular
Marvel,THAKOS,49,0.00013354363595812413,1.1300459951694714e-05,13,Regular
Marvel,BLACK KNIGHT IV/PROF,109,0.0002595885975397173,2.722024832371259e-05,0,Regular
Marvel,MOLTO,15,5.671840817503695e-05,1.6372635570767527e-08,7,Regular
Marvel,BASALLO/LAVA MEN KIN,25,8.015700456765738e-05,3.348078223366077e-05,7,Regular
Marvel,JINKU,53,0.0001452678222405789,5.602723286081805e-05,7,Regular
Marvel,IRON MAN ARMOR,6,3.7563331865467486e-05,0.0,0,Regular
Marvel,SIROCCO,9,4.959147364282611e-05,0.0,5,Regular
Marvel,AMINEDI,9,4.959147364282611e-05,0.0,5,Regular
Marvel,BLACK RAAZER/,9,4.959147364282611e-05,0.0,5,Regular
Marvel,VEIL,9,4.959147364282611e-05,0.0,5,Regular
Marvel,"MANN, DR. J. VERNON ",23,8.118782479991473e-05,2.6412200114744122e-06,1,Regular
Marvel,TEMPEST II/NICOLETTE,36,0.00010837617634001969,4.3213546523042924e-06,1,Regular
Marvel,INFERNO III/SAMANTHA,36,0.00010837617634001969,4.3213546523042924e-06,1,Regular
Marvel,DECAY II/YOSHIRO HAC,38,0.0001124806672130561,4.400903984031343e-06,1,Regular
Marvel,"BUCHANAN, SAM",21,9.305405557739603e-05,3.323733860963038e-06,2,Regular
Marvel,"HASTINGS, PROF. LOUI",21,9.305405557739603e-05,3.323733860963038e-06,2,Regular
Marvel,"MONTESI, VICTORIA",33,0.00015042149318051143,9.948226540544314e-06,2,Regular
Marvel,MADAME MASQUE V,12,5.6870721890194726e-05,5.044739633780729e-07,0,Regular
Marvel,CH'OD,173,0.00038699620711489063,8.71416461774659e-05,5,Regular
Marvel,THING DOPPELGANGER,89,0.00020067614617273294,0.0,8,Regular
Marvel,VISION DOPPELGANGER,89,0.00020067614617273294,0.0,8,Regular
Marvel,BEAST DOPPELGANGER,89,0.00020067614617273294,0.0,8,Regular
Marvel,POLARIS DOPPELGANGER,98,0.00021994746367587993,2.2674857128186922e-06,8,Regular
Marvel,HUMAN TORCH DOPPELGA,123,0.00027280138598905347,6.714949604283129e-06,8,Regular
Marvel,SILHOUETTE,249,0.000583671271633136,0.0004576043168665597,3,Regular
Marvel,HULK DOPPELGANGER,89,0.00020067614617273294,0.0,8,Regular
Marvel,STRONG GUY DOPPELGAN,101,0.00022553318333380466,1.476828132557303e-06,8,Regular
Marvel,CYCLOPS DOPPELGANGER,127,0.00027918393023879486,1.3888544157986552e-05,8,Regular
Marvel,KARNAK DOPPELGANGER,89,0.00020067614617273294,0.0,8,Regular
Marvel,PROFESSOR X DOPPELGA,89,0.00020067614617273294,0.0,8,Regular
Marvel,BLACK KNIGHT IV DOPP,89,0.00020067614617273294,0.0,8,Regular
Marvel,IRON MAN DOPPELGANGE,141,0.0003088108793335583,9.363310329751805e-06,8,Regular
Marvel,QUASAR DOPPELGANGER,89,0.00020067614617273294,0.0,8,Regular
Marvel,PUCK DOPPELGANGER,89,0.00020067614617273294,0.0,8,Regular
Marvel,BLACK WIDOW DOPPELGA,89,0.00020067614617273294,0.0,8,Regular
Marvel,TRITON DOPPELGANGER,89,0.00020067614617273294,0.0,8,Regular
Marvel,SHE-HULK DOPPELGANGE,105,0.00023485254659561495,3.6174497691182686e-06,8,Regular
Marvel,WOLFSBANE DOPPELGANG,122,0.0002682595761856123,4.51792818555358e-06,8,Regular
Marvel,NOVA DOPPELGANGER,89,0.00020067614617273294,0.0,8,Regular
Marvel,SPEEDBALL DOPPELGANG,123,0.0002711352482915257,4.923606257791152e-06,8,Regular
Marvel,MR. FANTASTIC DOPPEL,161,0.0003615933516955246,0.0001155516890929117,8,Regular
Marvel,DAREDEVIL DOPPELGANG,147,0.00032830233774987314,6.207066396263979e-05,8,Regular
Marvel,HERCULES DOPPELGANGE,118,0.000260533654536936,5.0341853203496375e-06,8,Regular
Marvel,WOLVERINE DOPPELGANG,132,0.0002892522543079456,1.4937765012264145e-05,8,Regular
Marvel,HAWKEYE DOPPELGANGER,75,0.0001776064138525231,0.0,8,Regular
Marvel,DARKHAWK DOPPELGANGE,94,0.00021510316050041912,3.2324939455548634e-07,8,Regular
Marvel,BLACK KNIGHT V DOPPE,92,0.00021117520986496305,2.449934421771534e-07,8,Regular
Marvel,NAMORITA DOPPELGANGE,100,0.00022761466947878386,1.451451075076128e-06,8,Regular
Marvel,QUICKSILVER DOPPELGA,92,0.00021032857069523464,7.43050322880623e-08,8,Regular
Marvel,NORTHSTAR DOPPELGANG,90,0.0002064005322959747,0.0,8,Regular
Marvel,BEAST DOPPELGANGER I,96,0.00022109589056180636,6.613032372538317e-06,8,Regular
Marvel,USAGENT DOPPELGANGER,92,0.00021032857069523464,7.43050322880623e-08,8,Regular
Marvel,MULTIPLE MAN DOPPELG,94,0.00021510316050041912,3.2324939455548634e-07,8,Regular
Marvel,SPIDER-WOMAN DOPPELG,92,0.00021117520986496305,2.449934421771534e-07,8,Regular
Marvel,GAMBIT DOPPELGANGER,92,0.00021032857069523464,7.43050322880623e-08,8,Regular
Marvel,PUCK DOPPELGANGER II,112,0.00025159054936136363,8.890721931916294e-06,8,Regular
Marvel,FIRESTAR DOPPELGANGE,81,0.0001896326677899328,4.285940882770449e-06,8,Regular
Marvel,THING DOPPELGANGER I,130,0.0002872955417179332,1.6852068893786157e-05,8,Regular
Marvel,ROGUE DOPPELGANGER,63,0.00015034467247027866,3.005302948262379e-07,8,Regular
Marvel,ICEMAN DOPPELGANGER,59,0.0001432062821189993,0.0,8,Regular
Marvel,SILVER SURFER DOPPEL,59,0.0001432062821189993,0.0,8,Regular
Marvel,VISION DOPPELGANGER ,81,0.00018606169063736184,1.2508635488847838e-06,8,Regular
Marvel,DRAX DOPPELGANGER,59,0.0001432062821189993,0.0,8,Regular
Marvel,TOMAZOOMA II,7,4.78824343071445e-05,0.0,13,Regular
Marvel,"WINGFOOT, WYATT II",7,4.78824343071445e-05,0.0,13,Regular
Marvel,KURSE/ALGRIM [ASGARD,118,0.00027596270291659937,0.00011046985671587205,7,Regular
Marvel,PENTIGAAR,25,7.64117609920808e-05,5.567069892299975e-08,7,Regular
Marvel,"OLSON, MRS.",33,9.517315031440049e-05,2.4793546585406136e-07,7,Regular
Marvel,DESIGNATE/TARENE,42,0.00011504388524014034,1.658944595591893e-06,7,Regular
Marvel,NULLITRON,9,4.242756896456566e-05,0.0,7,Regular
Marvel,NEFFETHESK,37,0.00010233061117970792,3.1418706511178826e-07,7,Regular
Marvel,TOOTHGNASHER,21,6.712347139549725e-05,0.0,7,Regular
Marvel,TOOTHGRINDER,21,6.712347139549725e-05,0.0,7,Regular
Marvel,"RYAN, THOMAS",30,8.781486831027088e-05,1.3581035762425642e-06,7,Regular
Marvel,HESCAMAR/MARNOT [ASG,51,0.0001399680351504534,2.0277529360672422e-05,7,Regular
Marvel,CYRA [ASGARDIAN],26,7.795690214327863e-05,6.746407037265826e-08,7,Regular
Marvel,"STEVENS, MILO",19,6.849562072636468e-05,2.808996181204124e-05,0,Regular
Marvel,"STONE, TIBERIUS",24,8.194065531016403e-05,3.2041365510482524e-05,0,Regular
Marvel,"DONOHUE, TREVOR",15,6.756804988294072e-05,3.944301179105104e-06,0,Regular
Marvel,"WALDERS, BEATRICE",9,4.638271390647474e-05,0.0,0,Regular
Marvel,WONG CHU,9,7.433272863584833e-05,0.0,0,Regular
Marvel,SUN-TAO,6,6.331095345100772e-05,4.422873274764627e-07,0,Regular
Marvel,HO YINSEN,6,6.331095345100772e-05,4.422873274764627e-07,0,Regular
Marvel,DR. POWER/DR. MAXIMU,4,3.496218591157669e-05,0.0,0,Regular
Marvel,"POWER, DR. MAX",10,5.121107915435546e-05,2.4176046938139744e-06,13,Regular
Marvel,YRIK,12,5.624493065240816e-05,0.0,5,Regular
Marvel,BYREL,12,5.624493065240816e-05,0.0,5,Regular
Marvel,YELLOWJACKET III/HEN,95,0.00023942655280725513,4.802099937717898e-05,0,Regular
Marvel,MASTER KHAN/TYRONE K,73,0.00021754247127938833,8.261474969313408e-05,2,Regular
Marvel,"FENSTER, RICHARD",26,9.026249254892257e-05,3.2203117458058706e-06,7,Regular
Marvel,CYLLA,3,3.030065829644042e-05,0.0,7,Regular
Marvel,MONSTROID/BALIOX/7NH,8,4.136224496895124e-05,1.1205911745209283e-08,1,Regular
Marvel,PERSEPHONE II,4,3.7980137547573075e-05,0.0,8,Regular
Marvel,GANYMEDE,8,5.1214803837040464e-05,5.371409142335864e-07,8,Regular
Marvel,OLALLA,8,4.491072868765243e-05,0.0,2,Regular
Marvel,SKYHAWK/WINSTON BILL,21,8.95052668213119e-05,0.00015566625155666251,7,Regular
Marvel,"COVEY, LAWRENCE K.",1,2.695284343617921e-05,0.0,7,Regular
Marvel,NIKKI/NICHOLETTE GOL,30,9.961929476479887e-05,8.133737869345458e-06,3,Regular
Marvel,SALLA,16,6.411710756600247e-05,1.204367689371898e-07,7,Regular
Marvel,STARHAWK/STAKAR,16,6.580887567831906e-05,2.162263803719263e-06,3,Regular
Marvel,THOR IV/DARGO,27,8.892734104740094e-05,1.1090571982409653e-05,7,Regular
Marvel,MARTINEX,30,9.961929476479887e-05,8.133737869345458e-06,3,Regular
Marvel,STARHAWK II/ALETA OG,16,6.580887567831907e-05,2.162263803719263e-06,3,Regular
Marvel,MAJOR VICTORY/MAJ. V,30,9.961929476479887e-05,8.133737869345458e-06,3,Regular
Marvel,CHARLIE 27,30,9.961929476479887e-05,8.133737869345458e-06,3,Regular
Marvel,SCOURGE II/,30,8.874103525210062e-05,1.8177360189287586e-07,11,Regular
Marvel,RAZORFIST III,34,0.00012383149891630093,5.890926625457211e-05,0,Regular
Marvel,QUANTUM,12,4.8948815926745276e-05,6.828172684408564e-08,0,Regular
Marvel,ZZZAX,30,9.773328880616604e-05,8.39662789316021e-06,2,Regular
Marvel,CAT KING,19,6.479160012813703e-05,2.4618503694247106e-07,0,Regular
Marvel,MASTER PANDEMONIUM/M,42,0.00011551309548195991,2.445122709522116e-06,0,Regular
Marvel,DOMINUS II,11,4.8433415609816e-05,0.0,0,Regular
Marvel,XEMU,15,5.6613396386459756e-05,0.0,13,Regular
Marvel,VALERIA,19,7.035833838313268e-05,1.0981313335802194e-07,13,Regular
Marvel,PHINEAS,19,7.035833838313268e-05,1.0981313335802194e-07,13,Regular
Marvel,MAHKIZMO,21,8.222131248627912e-05,7.85958243327269e-06,13,Regular
Marvel,"JONES, JANIS",78,0.0002847935728841319,0.0012151745434963981,16,Regular
Marvel,WILD MAN/ALEX WILDMA,16,7.185154808607574e-05,8.885914677628587e-08,2,Regular
Marvel,"TALBOT, MAJ. MATT",45,0.00014081708642600896,3.235059655417141e-05,2,Regular
Marvel,IRON MAN V/TEEN TONY,112,0.00028699032227016627,7.097680616335967e-05,0,Regular
Marvel,HINKLEY,8,4.5073974680688e-05,0.0,2,Regular
Marvel,HEADGEAR/,23,7.941835271875862e-05,4.122468081407834e-06,2,Regular
Marvel,"DIETZ, SUSAN",11,4.850593536578297e-05,0.0,2,Regular
Marvel,"MUTO, JUNZO",49,0.00013518162231851332,1.0817205900078974e-05,3,Regular
Marvel,HIROMITSU,44,0.00012203807953910137,7.659050446054773e-06,3,Regular
Marvel,GAEA,152,0.0003587403772923549,0.00015774163730028067,7,Regular
Marvel,FLYING DUTCHMAN,19,6.569793981171034e-05,3.562778844341837e-07,0,Regular
Marvel,BLACK KNIGHT III/EOB,37,0.00011488924352409311,3.1493901708717945e-05,0,Regular
Marvel,SAHREED,5,3.380053607730841e-05,0.0,5,Regular
Marvel,LEVIATHAN VI,4,3.2510661904910885e-05,0.0,2,Regular
Marvel,SHANZAR,20,7.621601117973191e-05,7.744908074981975e-08,2,Regular
Marvel,NEPTUNE [OLYMPIAN],34,0.00010274161844854549,4.46205879457141e-06,7,Regular
Marvel,"ASTER, LUCIAN",17,6.867249608342527e-05,5.312622894409123e-08,2,Regular
Marvel,CHESBRO,49,0.00016614099982768032,4.6803192259053356e-06,1,Regular
Marvel,BLACK TARANTULA II/C,60,0.00019714909908465496,7.305931563656928e-06,1,Regular
Marvel,DELILAH,61,0.00019927568454505482,7.32041689136579e-06,1,Regular
Marvel,ZANIAC II/THUG THATC,18,6.239983860383195e-05,6.318710748670978e-08,7,Regular
Marvel,"MADDICKS, ARTHUR ART",206,0.0004954554014727869,0.0016357597551521603,5,Regular
Marvel,"LIPSCOMB, DR. ANGELA",33,0.00012716239017277796,5.1685501036742034e-05,2,Regular
Marvel,"MADDICKS, NADINE",4,3.4144775318941986e-05,0.0,2,Regular
Marvel,"RYKER, LUCY",9,5.707454737333672e-05,0.0,2,Regular
Marvel,FLUX/PRIVATE BENNY T,9,5.707454737333672e-05,0.0,2,Regular
Marvel,JOHNSON,11,6.598300597889913e-05,2.919529349361711e-07,2,Regular
Marvel,"RYKER, GENERAL",11,6.598300597889913e-05,2.919529349361711e-07,2,Regular
Marvel,HACK/,9,5.707454737333672e-05,0.0,2,Regular
Marvel,ANIMUS,3,3.125286997188508e-05,0.0,2,Regular
Marvel,BRASS/SEAN WATANABE,7,5.1004015134892595e-05,0.0,2,Regular
Marvel,"WATANABE, YUJI",7,5.1004015134892595e-05,0.0,2,Regular
Marvel,TYGER TIGER/JESSAN H,59,0.00017555429608317343,3.126968425916215e-05,5,Regular
Marvel,"CORRIGAN, ARCHIBALD ",25,9.738840989992489e-05,1.3169824517978853e-05,5,Regular
Marvel,BRAINCHILD,85,0.0002027398081607778,1.5429202700405012e-05,5,Regular
Marvel,LUPO,78,0.00018574568886657,8.068520974160064e-06,5,Regular
Marvel,NEREEL,57,0.00014479277928829435,1.630491605700081e-06,5,Regular
Marvel,MR. JIP,56,0.00014941133708912347,1.3841859535991546e-05,11,Regular
Marvel,GREENSONG,50,0.00012736483009191603,3.211096726264436e-06,5,Regular
Marvel,ALFY,38,0.00010480470722322555,9.921540793983426e-07,5,Regular
Marvel,"SIMONSON, LOUISE",33,9.298152195488706e-05,2.2140271104660722e-07,5,Regular
Marvel,CANCELLATOR,13,5.7774738528638295e-05,0.0,5,Regular
Marvel,TIMESLOT,13,5.7774738528638295e-05,0.0,5,Regular
Marvel,SWEEPZWEAK,13,5.7774738528638295e-05,0.0,5,Regular
Marvel,LEAD-IN,13,5.7774738528638295e-05,0.0,5,Regular
Marvel,DEADAIR,13,5.7774738528638295e-05,0.0,5,Regular
Marvel,"RICHARDS, FRANKLIN 2",63,0.00015702924613643154,6.793972683223393e-06,5,Regular
Marvel,SHIP,175,0.00042906844682845207,0.00022264194683115272,5,Regular
Marvel,PROTEUS II,47,0.00012156105994441712,1.4278533566549141e-06,5,Regular
Marvel,GIDEON,102,0.0002579071604497858,7.96985179432506e-05,5,Regular
Marvel,HARNESS/ERIKA BENSON,42,0.00011180498455744205,1.3268887041244425e-06,5,Regular
Marvel,"CHORD, ANDREW",126,0.000317830658294445,0.00012739714800981901,3,Regular
Marvel,PIECEMEAL/GILBERT BE,42,0.00011180498455744205,1.3268887041244425e-06,5,Regular
Marvel,FAMINE/AUTUMN ROLFSO,77,0.0001837781153184915,7.819622344336925e-06,5,Regular
Marvel,GAUNTLET,91,0.00022498394058627786,1.5836684743474377e-05,5,Regular
Marvel,FOXBAT,75,0.00018359838022749073,6.402620138579447e-06,5,Regular
Marvel,"DRAKE, WILLIAM ROBER",50,0.0001360132015818329,8.72746893879794e-06,5,Regular
Marvel,HIRO,24,8.298178309675585e-05,1.3851770129119205e-06,5,Regular
Marvel,"RASPUTIN, MIKHAIL",61,0.00016001134383761254,5.929992729726712e-06,5,Regular
Marvel,"DRAKE, MADELINE BEAT",32,9.610177350005214e-05,1.7480772345805884e-06,5,Regular
Marvel,HEALER,36,9.70148452846323e-05,1.8213929835472206e-07,5,Regular
Marvel,BRAIN CELL/,10,4.596795843088861e-05,0.0,5,Regular
Marvel,MEME,10,4.596795843088861e-05,0.0,5,Regular
Marvel,BANDIT/,26,8.742295511115974e-05,2.138468971197446e-06,3,Regular
Marvel,"KARIM, MERYET",19,6.613673736120528e-05,1.0945053342410162e-07,3,Regular
Marvel,"TUMOLO, DR. JOANNE",4,4.061117423872376e-05,1.8983689214227136e-08,1,Regular
Marvel,ZABO,3,3.652490677753392e-05,2.558130086558508e-06,1,Regular
Marvel,KRAKEN,41,0.00011441365130189583,2.1852010274186218e-06,11,Regular
Marvel,RAZORFIST II,8,5.148943348868723e-05,0.0,2,Regular
Marvel,MAN-BULL/BULL TAURUS,26,8.966499026344846e-05,7.691754957862647e-06,1,Regular
Marvel,"ESTAVES, MARIE",10,6.961123945988441e-05,6.720634284188952e-07,1,Regular
Marvel,MR. SCRATCH II/BLISS,11,7.223058089314022e-05,1.0138583684095062e-05,1,Regular
Marvel,MISS ITCH/BLISS,11,7.223058089314022e-05,1.0138583684095062e-05,1,Regular
Marvel,BONES/ELIZABETH BLIS,20,0.00010301167055937148,8.595808460829024e-06,1,Regular
Marvel,SKIN II/DONNA BLISS,22,0.00011318640933777088,2.9237537847002068e-05,1,Regular
Marvel,"LANSING, CHERYL",13,7.750146637631389e-05,7.240085493236056e-06,1,Regular
Marvel,"ESTAVES, DR. ROSA",10,6.961123945988441e-05,6.720634284188952e-07,1,Regular
Marvel,"BLISS, BONNIE",8,6.141519742092474e-05,0.0,1,Regular
Marvel,NIGHTEYES/ERIC,3,4.251301591382028e-05,0.0,1,Regular
Marvel,"FAVERSHAM, DAPHNE",3,4.251301591382028e-05,0.0,1,Regular
Marvel,"MERIDIAN, DR. ROBERT",4,4.1428485147555325e-05,0.0,1,Regular
Marvel,"LEIGHTON, BRIAN",4,4.1428485147555325e-05,0.0,1,Regular
Marvel,HATE-MONGER/ADOLF HI,35,0.00011295108244223056,4.26746001787895e-05,11,Regular
Marvel,DEATHCRY [SHI'AR],103,0.00027170894419715824,4.4274292527566044e-05,0,Regular
Marvel,"MCELROY, JAMES",21,6.846268302661247e-05,0.0,0,Regular
Marvel,BLITZKRIEG/,171,0.0003882205087564397,0.0002449089682545826,2,Regular
Marvel,CAPTAIN TERROR/DAN K,14,5.938944857351977e-05,3.8381202764764403e-07,11,Regular
Marvel,BLACK MARVEL/DAN LYO,13,5.682500311844937e-05,2.2684071041412957e-07,11,Regular
Marvel,BLACK AVENGER/JERRY ,12,5.432521211966887e-05,0.0,11,Regular
Marvel,EVERY-MAN,41,0.00011806924430024512,3.749497042331765e-05,11,Regular
Marvel,ANGEL III/HALLOWAY,17,6.979310007401864e-05,1.4181993177331594e-05,11,Regular
Marvel,JACK FLAG/,58,0.00015433097877671877,6.1463818603658394e-06,11,Regular
Marvel,FREE SPIRIT/CATHY WE,59,0.00015663392365462285,6.38593834482967e-06,11,Regular
Marvel,"SUPERIA/WENTWORTH, D",66,0.0001630767736341948,8.47591457893575e-06,11,Regular
Marvel,THUNDERBOLT/BILLY CA,16,6.748182503507681e-05,1.4738560385504206e-06,2,Regular
Marvel,"WESTON, SALLY",4,3.332249482548896e-05,0.0,1,Regular
Marvel,TYPHON,22,6.947019563411074e-05,4.72878381815035e-07,0,Regular
Marvel,TYNDAR,27,8.298949449569324e-05,7.708693350182715e-08,13,Regular
Marvel,RAA,27,8.298949449569324e-05,7.708693350182715e-08,13,Regular
Marvel,SSSITH,27,8.298949449569324e-05,7.786558939578501e-08,13,Regular
Marvel,BLACK KNIGHT II/SIR ,27,8.298949449569324e-05,7.708693350182715e-08,13,Regular
Marvel,APOCRYPHUS,27,8.298949449569324e-05,7.708693350182715e-08,13,Regular
Marvel,DEATHUNT 9000,27,8.298949449569324e-05,7.708693350182715e-08,13,Regular
Marvel,CRIMSON,21,7.250481740536506e-05,4.932382022010829e-08,5,Regular
Marvel,INFECTIA/JOSEPHINE,28,8.321309131259795e-05,5.327293837269699e-07,5,Regular
Marvel,AZURE,8,4.0701311298287334e-05,0.0,5,Regular
Marvel,CERISE,17,6.389172468501916e-05,4.5382902459180126e-08,5,Regular
Marvel,CORAL,13,5.4677967841367656e-05,0.0,5,Regular
Marvel,COBALT II,17,6.389172468501916e-05,4.5382902459180126e-08,5,Regular
Marvel,BERYL,17,6.389172468501916e-05,4.5382902459180126e-08,5,Regular
Marvel,"HODGE, CAMERON",120,0.0002831392535442563,9.180697924250769e-05,5,Regular
Marvel,SIKORSKY,113,0.0002580718761531892,2.3489571414509346e-05,5,Regular
Marvel,GLORIOLE,1,2.5809849396672077e-05,0.0,2,Regular
Marvel,"JONES, TIMOTHY",23,7.572390995776225e-05,2.754740341540849e-07,5,Regular
Marvel,"GERASI, MARY ROSE",11,8.446740324589294e-05,0.0,1,Regular
Marvel,"BARBAROSSA, VINNIE",27,0.00015053448470808163,2.9207104580640622e-05,1,Regular
Marvel,"HONIKAWA, SHO",12,9.141840742970002e-05,0.0,1,Regular
Marvel,"HALFTREE, HORACE",12,9.141840742970002e-05,0.0,1,Regular
Marvel,"NICHOLS, TOM",12,9.141840742970002e-05,0.0,1,Regular
Marvel,"GERASI, DON MARIO",27,0.00015053448470808163,2.9207104580640622e-05,1,Regular
Marvel,"BRAITHWAITE, JUDGE R",20,0.00011243977447933972,1.6513193294275838e-05,1,Regular
Marvel,"GERASI, JOEY",18,0.00012324536099175465,2.6983364420032385e-06,1,Regular
Marvel,"YOUNG, KIM SUNG",12,9.141840742970002e-05,0.0,1,Regular
Marvel,"GERASI, LESLIE",12,9.141840742970002e-05,0.0,1,Regular
Marvel,HATCHET MAN/HACHIMAN,10,7.960435307779121e-05,0.0,1,Regular
Marvel,SCORPIO III/MIKEL FU,24,9.762888131377206e-05,8.301076514564943e-06,1,Regular
Marvel,"FITZGERALD, MOLLY",12,6.261515634550837e-05,0.0,1,Regular
Marvel,"KEMBLE, DR.",12,6.261515634550837e-05,0.0,1,Regular
Marvel,FALZON,25,8.201088322047817e-05,5.993235901297878e-06,13,Regular
Marvel,PURSUER,12,5.0065107965919146e-05,0.0,13,Regular
Marvel,IRIDIA [INHUMAN],34,0.00010005921488548332,3.5758698245545624e-06,13,Regular
Marvel,RAGA,3,3.125458917961892e-05,0.0,0,Regular
Marvel,BLACK LAMA,21,7.742946886352229e-05,2.0707818620006537e-06,0,Regular
Marvel,TABUR,3,2.9312576459444808e-05,0.0,0,Regular
Marvel,"BLACKWOOD, JENNY",5,3.8407405174727814e-05,0.0,2,Regular
Marvel,CATHERWOOD,11,5.3888113878824695e-05,4.673873552794207e-06,2,Regular
Marvel,VALINOR,142,0.00033695210581770395,0.0003944589062119424,2,Regular
Marvel,"NEWMARK, LOTUS",86,0.0002684674120432609,0.000747904507673309,8,Regular
Marvel,B'GON,3,2.9992747673532773e-05,0.0,7,Regular
Marvel,"ZAMORA, PETE",13,5.1062256527401846e-05,0.0,0,Regular
Marvel,BASILISK III/,20,6.577706805967858e-05,0.0,13,Regular
Marvel,AGONY/,20,6.577706805967858e-05,0.0,13,Regular
Marvel,"ROSS, EVERETT KENNET",138,0.00036475591475584857,0.0002197040970830909,1,Regular
Marvel,JAMEKA,10,4.926008870381393e-05,0.0,1,Regular
Marvel,"RICHARDS, FRANKLINK ",53,0.00013213374715446806,0.0,8,Regular
Marvel,NOVA DOPPELGANGER II,92,0.0002090913031071161,5.870003448185477e-06,8,Regular
Marvel,DHEREK,8,4.530384752791041e-05,0.0,5,Regular
Marvel,"HARRIS, CHRISTINE",25,0.00010940723234665055,1.1816618083180845e-05,1,Regular
Marvel,"CASS, LARRY MAD DOG",22,9.122368766720213e-05,2.3216562134530333e-05,1,Regular
Marvel,BULLET,29,0.0001023960831203185,2.2105309775180147e-06,2,Regular
Marvel,PEMBROKE,26,8.514324607439069e-05,3.023871825807338e-06,1,Regular
Marvel,"CALKIN, SUSAN",8,4.874599976636943e-05,0.0,1,Regular
Marvel,"HOYT, TONY",8,4.874599976636943e-05,0.0,1,Regular
Marvel,"SABINI, JERRY THE WH",26,0.00011703906792204368,1.9338348260978727e-05,1,Regular
Marvel,MALTESE,33,0.00013791319055091273,4.18413990672008e-05,1,Regular
Marvel,"TULLY, DEREK",19,9.284246346670332e-05,6.781379090576743e-07,1,Regular
Marvel,STONE,14,7.679758288505473e-05,0.0,1,Regular
Marvel,WING,14,7.679758288505473e-05,0.0,1,Regular
Marvel,SPEAR,14,7.679758288505473e-05,0.0,1,Regular
Marvel,JONIN,42,0.0001583668664636201,3.2648267906500874e-05,1,Regular
Marvel,FLAME,14,7.679758288505473e-05,0.0,1,Regular
Marvel,STAR,14,7.679758288505473e-05,0.0,1,Regular
Marvel,IZANAMI,21,9.79257606986395e-05,1.8604569898274696e-06,1,Regular
Marvel,"SENNET, PAMELA",19,9.284246346670332e-05,6.781379090576743e-07,1,Regular
Marvel,"SCOTT, PETER",21,8.824977120447782e-05,1.5178135231002961e-05,1,Regular
Marvel,"BUCHETTO, SALVATORE ",9,4.85879794331488e-05,0.0,1,Regular
Marvel,SHADOW-HAND/LI CHUN,6,4.347292197656499e-05,0.0,2,Regular
Marvel,ZARAN II,27,0.00010280197500504333,2.6116181615655957e-05,2,Regular
Marvel,HANGMAN II/JASON ROL,27,8.579125220071985e-05,5.540150528986447e-06,0,Regular
Marvel,"HOUSTON, STELLA",26,8.337709399767943e-05,1.7233574746792723e-07,0,Regular
Marvel,PRESTER JOHN,41,0.00011026099676036914,3.618768965720555e-07,0,Regular
Marvel,GOLEM III,6,9.486258095700359e-05,0.00022464538909966667,13,Regular
Marvel,AGAMEMNON II/ANDREI ,3,2.98794409858115e-05,0.0,13,Regular
Marvel,BASILISK/BASIL ELKS,18,6.345248220747274e-05,2.7491055924477125e-08,13,Regular
Marvel,PAPA NEBO,2,3.471197743730421e-05,0.0,1,Regular
Marvel,SMEDLEY,2,4.5104824506817944e-05,0.0,2,Regular
Marvel,BROTHER STEPHEN,2,4.5104824506817944e-05,0.0,2,Regular
Marvel,DECAY/,42,0.00011153654609971457,5.193346755540767e-07,5,Regular
Marvel,"ADAMSON, JASON",4,8.557765045013276e-05,0.0,13,Regular
Marvel,"ADAMSON, REBECCA",4,8.557765045013276e-05,0.0,13,Regular
Marvel,"LOGAN, WAYNE",4,8.557765045013276e-05,0.0,13,Regular
Marvel,BLACK TALON/DESMOND ,2,2.7963479495489514e-05,0.0,2,Regular
Marvel,BARON SAMEDI,2,2.7963479495489514e-05,0.0,2,Regular
Marvel,DAMBALLAH,2,2.7963479495489514e-05,0.0,2,Regular
Marvel,CAPTAIN UNIVERSE/STE,5,4.124014507628059e-05,5.640181841923302e-08,2,Regular
Marvel,"COFFIN, RAY",5,4.124014507628059e-05,5.640181841923302e-08,2,Regular
Marvel,"RUSSELL, LISSA",27,0.00010366305245364488,3.773035512564516e-05,0,Regular
Marvel,"SIMPSON, CRASH",10,6.07103362166597e-05,0.0,2,Regular
Marvel,"KURLYCHEK, PATTY",1,2.533113731920529e-05,0.0,5,Regular
Marvel,WAR TOY/ALKHEMA,26,8.030023771848945e-05,9.7522869698627e-06,0,Regular
Marvel,CONSUELA,48,0.00013536421105283768,3.186515925793928e-05,0,Regular
Marvel,DR. GOODWRENCH,5,3.39531281495084e-05,0.0,0,Regular
Marvel,EEL III,5,3.80656598889058e-05,0.0,0,Regular
Marvel,UNDERTOW,5,3.80656598889058e-05,0.0,0,Regular
Marvel,"JOYCE, SAMANTHA",56,0.00014576660757666107,1.0061896413037062e-05,7,Regular
Marvel,"SLAG/SLAGHT, DR. THE",17,7.374817744408742e-05,4.08193105626511e-06,0,Regular
Marvel,"SHEPPARD, JOAN ACE",6,3.854515981871991e-05,0.0,0,Regular
Marvel,GREMLIN/,72,0.0001946147790943118,4.593046917717051e-05,2,Regular
Marvel,MYCROFT,6,4.3107289877864096e-05,0.0,0,Regular
Marvel,CRIMSON DYNAMO VI/VA,29,0.00011080761358738103,1.753535451552069e-05,0,Regular
Marvel,COLLETTE,6,4.3107289877864096e-05,0.0,0,Regular
Marvel,"BERKELEY, TRAVIS",23,0.00010234812267097002,1.838035339935297e-05,0,Regular
Marvel,"JEFFRIES, DR.",39,0.0001746416445884582,5.5058766648606544e-05,0,Regular
Marvel,"BERGIER, REBECCA",34,0.00016111484284516792,4.885936758997838e-05,0,Regular
Marvel,RECORDER II,73,0.00021374792659221815,8.774416037812821e-05,0,Regular
Marvel,TURMOIL,8,4.1412171655598335e-05,0.0,0,Regular
Marvel,ANCESTOR/,20,8.018688733298101e-05,0.0,0,Regular
Marvel,BUTTERFLY,20,8.018688733298101e-05,0.0,0,Regular
Marvel,DELUGE II,20,8.018688733298101e-05,0.0,0,Regular
Marvel,Q'WAKE/QUAKE,20,8.018688733298101e-05,0.0,0,Regular
Marvel,LICH,20,8.018688733298101e-05,0.0,0,Regular
Marvel,"YIN, DR. SU",24,9.386620690511792e-05,6.024428383018202e-07,0,Regular
Marvel,FOUNDRY,20,8.018688733298099e-05,0.0,0,Regular
Marvel,SICKLE,19,7.774721613806635e-05,0.0,0,Regular
Marvel,FIREFLY,20,7.453288979227213e-05,1.215981828700849e-06,2,Regular
Marvel,CRIMEBUSTER/FRANK MO,34,0.00010828650690599686,4.31853730475659e-06,3,Regular
Marvel,HOLOCAUST,79,0.00019785362189897733,1.9999084767153264e-05,5,Regular
Marvel,BUG,36,0.00012249647008686474,5.556145995676275e-06,8,Regular
Marvel,MARIONETTE/MARI,36,0.00012249647008686474,5.556145995676275e-06,8,Regular
Marvel,"RANN, COMMANDER ARCT",36,0.00012249647008686474,5.556145995676275e-06,8,Regular
Marvel,"KREA, BRUNO",24,8.854103857856746e-05,3.093608399600037e-06,2,Regular
Marvel,N'GAMI,11,5.3363027478144635e-05,0.0,2,Regular
Marvel,"LOHAN, PETER",11,5.3363027478144635e-05,0.0,2,Regular
Marvel,LEVIATHAN IV,15,6.648823015397302e-05,1.8388605193071512e-06,2,Regular
Marvel,LUMP,21,8.540562251538089e-05,4.702481051617021e-06,2,Regular
Marvel,HATE-MONGER IV,16,5.8524209451348176e-05,1.1242572152091229e-07,13,Regular
Marvel,THUNDERSWORD,27,7.979822927842726e-05,8.933679275725636e-07,5,Regular
Marvel,"HOFFMAN, ALICE",3,4.235599009773729e-05,0.0,1,Regular
Marvel,SARACEN,3,4.235599009773729e-05,0.0,1,Regular
Marvel,IRON FIST H'YLTHRI I,67,0.00016525559009043596,3.346532454489292e-06,8,Regular
Marvel,"STAMP, J.Q.",5,3.4637717172155796e-05,0.0,2,Regular
Marvel,"BARNETT, MIKE",14,5.294585759088618e-05,1.377577447404093e-08,5,Regular
Marvel,KANGAROO II/,39,0.00011954368906590975,1.1597738758884801e-05,1,Regular
Marvel,MARILLA [INHUMAN],59,0.0001554533292999163,1.0697668994444373e-05,0,Regular
Marvel,SPOT/,15,6.341918528179956e-05,0.0,1,Regular
Marvel,"ROEBERG, SEN.",13,5.816899965461146e-05,0.0,1,Regular
Marvel,THOR REPLICOID,27,8.361864685460109e-05,2.1526948986339144e-06,7,Regular
Marvel,"JAMESLEY, ALOYSIUS R",15,5.5660007606058665e-05,0.0,7,Regular
Marvel,"MARRERO, ED",48,0.00012563727334159502,2.9135140173585152e-06,7,Regular
Marvel,TAI II,84,0.0002196561142253061,5.2461133480701404e-05,3,Regular
Marvel,"GARCIA, REV.",11,4.890538538818223e-05,1.3536195787535871e-08,2,Regular
Marvel,STELLARIS/LEAH PRINC,58,0.0001532344459033364,4.3138559826445325e-05,7,Regular
Marvel,KORREK,9,4.7830521565412076e-05,8.616228228740425e-07,1,Regular
Marvel,MASTER MENACE/DR. EM,33,0.00011583346244483042,1.0093809024040072e-05,7,Regular
Marvel,"JONES, PHILLIP",18,7.62991684251282e-05,0.0,7,Regular
Marvel,"JONES, ANDY",18,7.62991684251282e-05,0.0,7,Regular
Marvel,"STEWART, MADDIE",18,7.62991684251282e-05,0.0,7,Regular
Marvel,"JONES, DRUCILLA",18,7.62991684251282e-05,0.0,7,Regular
Marvel,MYSTERIUM/DR. JOSEPH,18,7.62991684251282e-05,0.0,7,Regular
Marvel,"JONES, KATIE",18,7.62991684251282e-05,0.0,7,Regular
Marvel,CROWLEY,18,7.62991684251282e-05,0.0,7,Regular
Marvel,NIGHTHAWK III/NEAL,18,7.62991684251282e-05,0.0,7,Regular
Marvel,SKYMAX/SK'YM'X/JAMES,18,7.62991684251282e-05,0.0,7,Regular
Marvel,"STEWART, TINA",18,7.62991684251282e-05,0.0,7,Regular
Marvel,"WILSON, MERCEDES",17,7.782346093443171e-05,4.4667105177916834e-06,5,Regular
Marvel,"GRUNCH, ALESTAIRE FI",15,7.414102571819509e-05,1.6638796365815551e-06,5,Regular
Marvel,HAYDEN,13,6.112616959494458e-05,1.1189320036772682e-06,11,Regular
Marvel,ECLECTA/,11,5.5945527380707275e-05,1.6215234537152344e-08,11,Regular
Marvel,PYRON/,11,5.5945527380707275e-05,1.6215234537152344e-08,11,Regular
Marvel,UNICORN III/,10,5.358832244584402e-05,0.0,11,Regular
Marvel,MALOVICK/,11,5.5945527380707275e-05,1.6215234537152344e-08,11,Regular
Marvel,QUEEN KNORDA/NORA QU,23,7.602781532120552e-05,1.5136101646030841e-05,13,Regular
Marvel,URTHONA,8,4.682758085197519e-05,5.015896075517331e-08,2,Regular
Marvel,KALUU,7,4.373292139820176e-05,0.0,2,Regular
Marvel,"HEYWERTH, GENERAL",46,0.00012427362844694584,4.505651589750803e-06,0,Regular
Marvel,"FITZROY, TREVOR",77,0.0002679868701593109,0.0002751264825360969,5,Regular
Marvel,JAM/JASMINE ARCHER,23,0.00010202655565649961,1.3600326449836447e-05,5,Regular
Marvel,MARITA,23,0.00010202655565649961,1.3600326449836447e-05,5,Regular
Marvel,ROUST,45,0.00020577409539737849,0.00019451019234774787,16,Regular
Marvel,BUX,23,0.00010202655565649961,1.3600326449836447e-05,5,Regular
Marvel,SUWAN,31,0.0001014552487853422,5.112586204045221e-05,2,Regular
Marvel,"O'HARA, GERALD",3,6.111722961956408e-05,0.0,2,Regular
Marvel,RAGA-SHAH,3,6.111722961956408e-05,0.0,2,Regular
Marvel,"MCSHANE, PATRICK",3,6.111722961956408e-05,0.0,2,Regular
Marvel,"JEFFERSON, DR.",10,4.7767598330617994e-05,4.989302934508414e-09,1,Regular
Marvel,WIDE LOAD ANNIE/ANNI,13,6.883296303179585e-05,2.283078539902303e-06,13,Regular
Marvel,POPPA WHEELER,13,6.883296303179585e-05,2.283078539902303e-06,13,Regular
Marvel,"MCGRILL, MARY",12,6.629454929072402e-05,2.283078539902303e-06,13,Regular
Marvel,XEMNU,29,0.0001055180426658855,3.9867099353852026e-05,13,Regular
Marvel,"RITTER, DONALD",73,0.00018279765464887925,1.195612488623252e-05,7,Regular
Marvel,"RITTER, DEBORAH ",73,0.00018279765464887925,1.195612488623252e-05,7,Regular
Marvel,LADY OF THE LAKE,46,0.0001222553034463587,1.2464818117312446e-05,2,Regular
Marvel,"MONTOYA, MARIA",25,7.787640837048914e-05,0.0,2,Regular
Marvel,"MONTOYA, JULIO",25,7.787640837048914e-05,0.0,2,Regular
Marvel,PHANTOM EAGLE,5,3.478606446126075e-05,3.139993304500424e-08,2,Regular
Marvel,THUMBELLINA,66,0.00016305829212916227,4.082164589950621e-06,5,Regular
Marvel,CERANDA,31,9.164841093716695e-05,2.8119896065596217e-06,7,Regular
Marvel,"O'NEILL, DET. BRADY",42,0.00011967288082489089,4.89056664696029e-06,7,Regular
Marvel,BRONA,29,8.623918944847598e-05,2.2505047821795762e-07,7,Regular
Marvel,MAGNIR,29,8.623918944847598e-05,2.2505047821795762e-07,7,Regular
Marvel,ENRAKT,34,9.825295671704441e-05,1.7657624559550518e-06,7,Regular
Marvel,SLOTOTH,10,4.599546746607164e-05,0.0,7,Regular
Marvel,GEIRRODUR,42,0.00011324790643941975,2.3723145198755436e-06,7,Regular
Marvel,ORIKAL,46,0.00013371922823690997,6.140558527436843e-06,7,Regular
Marvel,TARAKIS,30,8.959074955794426e-05,5.582827774238407e-07,7,Regular
Marvel,CONQUEST/BRIDGET MAL,39,0.00011247874681246959,5.020426845726457e-06,1,Regular
Marvel,BEDLAM II/OLISA KABA,37,0.00010837890107227494,4.88330480367528e-06,1,Regular
Marvel,FONTANELLE/GLORIA DA,58,0.0001859039669460565,2.5710152214271067e-05,5,Regular
Marvel,"AYALA, MRS.",17,7.137406396630315e-05,3.6376124881390035e-07,1,Regular
Marvel,"LANG, ALLISON",9,4.8270993336269885e-05,0.0,1,Regular
Marvel,"LANG, TIMMY",10,5.475160713878571e-05,1.3540102591987947e-06,1,Regular
Marvel,ECHO/MAYA LOPEZ,5,3.555642921608989e-05,0.0,1,Regular
Marvel,LEAP FROG/LANG,5,3.856999856216261e-05,0.0,1,Regular
Marvel,"SHELDON, PHIL",48,0.00013350897237944786,1.6237542545858233e-05,1,Regular
Marvel,"RIGOLETTO, DON DANTE",30,0.00010495132690253119,1.6002717432979365e-06,1,Regular
Marvel,FORTUNATO,67,0.00021472867110772,3.9178986416019575e-05,1,Regular
Marvel,CHAMBER/JONOTHON STA,210,0.0005933058668704235,0.0018062239279535257,5,Regular
Marvel,EMPLATE/MARIUS ST. C,107,0.0002801208476640413,0.00021423480142589068,5,Regular
Marvel,"ST. CROIX, NICOLE",44,0.0001353923876731493,1.7659974226721612e-05,5,Regular
Marvel,PENANCE III,69,0.00017822161407051368,0.00016402713778934888,5,Regular
Marvel,"BRAWN, TRISTAN",32,0.00010165786059366995,7.333049514269923e-07,5,Regular
Marvel,LEGAULT,26,8.80132087530691e-05,5.8447173750521344e-08,5,Regular
Marvel,"BRAWN, HUNTER",20,7.132063804830694e-05,0.0,5,Regular
Marvel,"ST. CROIX, CLAUDETTE",44,0.0001353923876731493,1.7659974226721612e-05,5,Regular
Marvel,"ST. CROIX, CARTIER",21,7.188127288755761e-05,6.986990240985651e-08,5,Regular
Marvel,OMEGA,20,6.539845294450254e-05,1.8442813363899718e-07,13,Regular
Marvel,TIMBERIUS,76,0.00020053580113705373,3.595008245125817e-05,13,Regular
Marvel,"GIDEON, GREGORY HUNG",14,5.716068992275797e-05,0.0,13,Regular
Marvel,"GIDEON, CLAIRE",12,5.1429463089252924e-05,0.0,13,Regular
Marvel,MIRACLE MAN,30,9.004516223032398e-05,8.21107199324678e-07,13,Regular
Marvel,"CONROY, KAREN",6,3.698495381477304e-05,0.0,2,Regular
Marvel,MONDO II,53,0.00015571116404445318,0.00013691188675721156,5,Regular
Marvel,TIMESLIP/RINA PATEL,66,0.00019242661735393494,7.584352862925795e-05,3,Regular
Marvel,ADVENT/KYLE GROBE,17,6.381005678289417e-05,5.893079523216509e-08,3,Regular
Marvel,THERMAL MAN,14,5.166793185461692e-05,0.0,7,Regular
Marvel,"PHILLIPS, HANDSOME H",12,5.348179597079967e-05,1.4685495429873821e-08,13,Regular
Marvel,"DAKOR, YOGI",12,5.348179597079967e-05,1.4685495429873821e-08,13,Regular
Marvel,"BROGIN, BULL",12,5.348179597079967e-05,1.4685495429873821e-08,13,Regular
Marvel,"NALES, DET. REBECCA ",69,0.00019921292060122558,3.369246786255914e-05,1,Regular
Marvel,"JOHNSON, ANNA",38,0.00012034149685495089,7.190238296618785e-07,1,Regular
Marvel,AVANDALIA,13,5.8863930869867234e-05,1.403114172194407e-07,1,Regular
Marvel,"THULE, GEN.",12,5.663485543586552e-05,0.0,1,Regular
Marvel,"BERGLUND, GEN.",12,5.663485543586552e-05,0.0,1,Regular
Marvel,CRIMSON DAFFODIL,15,6.351755497323601e-05,2.6975089813299875e-07,1,Regular
Marvel,MARKED MAN,5,3.6468813432257204e-05,0.0,1,Regular
Marvel,NIGHT,21,7.382424280549864e-05,8.377240249512388e-07,5,Regular
Marvel,"FALCONER, CALVIN",14,6.847426592762392e-05,5.765416724320834e-08,1,Regular
Marvel,"GALANNAN, BILL",10,5.583656078385137e-05,0.0,1,Regular
Marvel,TENDRIL/RIVER VERYS,14,6.847426592762392e-05,5.765416724320834e-08,1,Regular
Marvel,"SCHWINNER, DR. ERIC",21,8.900214136372018e-05,1.3573267319409503e-07,1,Regular
Marvel,"SLOAN, ANNA",11,5.18935602917731e-05,0.0,1,Regular
Marvel,"CONTONI, PAUL",11,5.6027324814320925e-05,0.0,1,Regular
Marvel,"STAPHOS, DR. MONICA",10,5.583656078385137e-05,0.0,1,Regular
Marvel,"HITLER, ADOLF",30,0.00010879353724309836,2.161732778197289e-06,2,Regular
Marvel,GHOST GIRL/,13,6.573794598095463e-05,0.0,2,Regular
Marvel,SPIRIT OF '76/WILLIA,13,6.573794598095463e-05,0.0,2,Regular
Marvel,KING GEORGE VI,13,6.573794598095463e-05,0.0,2,Regular
Marvel,CAPTAIN WINGS/,13,6.573794598095463e-05,0.0,2,Regular
Marvel,TOMMY LIGHTNING/,13,6.573794598095463e-05,0.0,2,Regular
Marvel,THUNDERFIST/,13,6.573794598095463e-05,0.0,2,Regular
Marvel,GOLEM/JACOB GOLDSTEI,9,5.184238899677118e-05,0.0,2,Regular
Marvel,BLUE BULLET/PROF. JO,8,4.653387128090155e-05,0.0,2,Regular
Marvel,FACE/COL. EISEN,7,4.320918941936924e-05,0.0,2,Regular
Marvel,MATADOR/MANUEL ELOGA,10,4.808293933519905e-05,1.417833031256129e-07,1,Regular
Marvel,MR. FEAR/ZOLTAN DRAG,10,5.152863239843875e-05,2.253308781144604e-06,2,Regular
Marvel,KRANG [ATLANTEAN],83,0.00021864412878301023,7.731231941046965e-05,13,Regular
Marvel,DEATHLOK/COLONEL LUT,46,0.0002001595489101634,0.0005030386714579947,10,Regular
Marvel,SLADE,6,4.595873459462639e-05,0.0,1,Regular
Marvel,FIXER/SWEENEY,6,4.595873459462639e-05,0.0,1,Regular
Marvel,"MURDOCK, BATTLING JA",6,4.595873459462639e-05,0.0,1,Regular
Marvel,UROC,57,0.0001468046079576406,0.0001529551357189091,7,Regular
Marvel,HELIX/RAFAEL CARAGO,64,0.00018582594945081094,0.00010781509901614851,3,Regular
Marvel,TURBO II (B)/MIKE JE,48,0.0001415511868255638,4.232566282364083e-07,3,Regular
Marvel,HOLLYWOOD,18,6.740734077641536e-05,0.0,3,Regular
Marvel,YONDU/YONDU UDONTA,28,9.342532231778816e-05,4.259757960985134e-06,3,Regular
Marvel,"DUNHAM, LAURA",44,0.00013519279715521758,4.771317991743081e-05,3,Regular
Marvel,NIELS,46,0.0001426788111437972,1.9038139991721936e-05,3,Regular
Marvel,NOVA OMEGA/GARTHAN S,27,8.781371386499536e-05,5.958516805996652e-08,3,Regular
Marvel,MEXXA RIEN,23,7.815200625222791e-05,0.0,3,Regular
Marvel,"CHEN, DR.",17,6.401721740019541e-05,0.0,3,Regular
Marvel,GENECIDE,28,9.230832411358922e-05,3.713415987483112e-07,3,Regular
Marvel,CORONARY/JIMMY SHARP,40,0.00011866157637976352,5.227240603719002e-06,3,Regular
Marvel,IMPULSE II/DWIGHT HU,40,0.00011866157637976352,5.227240603719002e-06,3,Regular
Marvel,MATHEMANIC/THOMAS SO,48,0.0001425725748328024,1.2807868902942152e-05,3,Regular
Marvel,PRETTY PERSUASIONS/H,40,0.00011866157637976352,5.227240603719002e-06,3,Regular
Marvel,DARK,31,9.724087591907299e-05,6.827308229354536e-07,3,Regular
Marvel,RIGHT,32,9.986118948808879e-05,6.827308229354536e-07,3,Regular
Marvel,WRONG,32,9.986118948808879e-05,6.827308229354536e-07,3,Regular
Marvel,GENERAL ADMISSION,26,8.809397617069812e-05,2.0991768944687218e-06,3,Regular
Marvel,DRY,31,9.724087591907299e-05,6.827308229354536e-07,3,Regular
Marvel,TRUTH II,32,9.932754898762673e-05,2.0503157812729518e-06,3,Regular
Marvel,CUT,45,0.00013137333991394305,2.24670601206178e-05,3,Regular
Marvel,ADMIRAL PROTOCOL/,45,0.00013740175567577247,4.531242345835688e-06,3,Regular
Marvel,GENERAL OBSIDIAN,38,0.00011415195565076777,7.883921157781666e-07,3,Regular
Marvel,LIGHT,31,9.724087591907299e-05,6.827308229354536e-07,3,Regular
Marvel,"BALDWIN, JUSTIN",79,0.00022011071937255518,0.00010820636584701107,3,Regular
Marvel,"BRIGGS, AGENT STEPHA",26,9.38616176065936e-05,1.8064220492510458e-06,1,Regular
Marvel,"STONE, NELSON",12,5.285663787487977e-05,0.0,3,Regular
Marvel,GARTHAN SAAL,26,8.580631046900601e-05,1.5789954661339855e-06,3,Regular
Marvel,SPROCKET,57,0.00016767956983411162,1.9078820709820385e-05,3,Regular
Marvel,"HENDERSON, CAROL",18,6.53103109747246e-05,0.0,3,Regular
Marvel,ASYLUM II/HENRIQUE M,24,8.115712655298986e-05,1.3414755324232706e-07,3,Regular
Marvel,"ROSEN, WALTER",93,0.0002486968602187259,7.442130156289665e-05,3,Regular
Marvel,JUPITER,24,8.292582414592316e-05,4.971026687355018e-07,3,Regular
Marvel,SPARROW,30,9.636687040382727e-05,1.9380228748305364e-07,3,Regular
Marvel,FLYNN,4,3.246579678363932e-05,0.0,3,Regular
Marvel,"MELTON, LORRIE",21,6.820342373756119e-05,1.2776701428807467e-07,13,Regular
Marvel,"MADDEN, CHET",18,7.269961381843697e-05,1.2676284729969139e-05,2,Regular
Marvel,"ZAPPER, DAN",20,8.224773269078197e-05,3.3699283132360954e-06,13,Regular
Marvel,"WALTERS, SHERIFF MOR",18,7.297325905622205e-05,3.226747569302288e-06,13,Regular
Marvel,"BRADLEY, JESSICA",5,4.456912769568808e-05,0.0,1,Regular
Marvel,"GONZALEZ, RAYMOND",5,4.456912769568808e-05,0.0,1,Regular
Marvel,RADION,12,4.998758478016633e-05,6.196259383872522e-07,13,Regular
Marvel,CHAKA KHAN,14,6.31870895601529e-05,1.1075343824453621e-07,2,Regular
Marvel,"CHEEVER, JOHN",33,9.248899020194315e-05,1.6894983482951362e-06,5,Regular
Marvel,JILL,28,8.617809786262836e-05,2.2718875189207642e-06,5,Regular
Marvel,"BANCROFT, MARTINE",27,0.0001148606645647591,4.2058677794187824e-05,2,Regular
Marvel,"ROBERTSON, AMANDA",74,0.00020050918619476886,1.1417550384699072e-05,1,Regular
Marvel,"BANKS, SHARON",39,0.00011247556369596318,1.6601135780068505e-06,1,Regular
Marvel,"LOBO, EDUARDO",48,0.00014021860391709814,8.615804439297598e-07,1,Regular
Marvel,"TORK, SGT.",65,0.0001811997017611583,4.221254977747663e-05,1,Regular
Marvel,REDEEMER/CRAIG SAUND,38,0.00011078684152405528,7.81379510524129e-06,2,Regular
Marvel,LEECH,209,0.000500920035821769,0.0016255362925511657,5,Regular
Marvel,STINGER III/,43,0.00011377840517017305,1.0110053844911417e-06,5,Regular
Marvel,TOWER,45,0.00011921049550727637,1.6458382557219805e-06,5,Regular
Marvel,TIMESHADOW,24,7.269473782905739e-05,3.3832456653946104e-08,5,Regular
Marvel,SCALPHUNTER,89,0.0002092871688213017,2.9096722957081605e-06,5,Regular
Marvel,O'DONNELL,22,7.904878750151272e-05,2.6311823525111855e-06,5,Regular
Marvel,CYBELE [ETERNAL],43,0.00011601870173846371,9.064697944118464e-06,7,Regular
Marvel,DREAMING CELESTIAL/T,37,0.00010458118726638859,1.3791613717686216e-05,7,Regular
Marvel,KHORYPHOS [ETERNAL],63,0.00016053700981687391,2.663018694640737e-05,7,Regular
Marvel,CATAPHRAX,30,8.822303973451484e-05,5.010756749882014e-06,7,Regular
Marvel,YRDISIS,51,0.0001343645858462945,1.7958815149318826e-05,7,Regular
Marvel,"CHATTERTON, DAVE",25,7.698447046908965e-05,7.278955438769341e-07,7,Regular
Marvel,KINGO SUNEN [ETERNAL,58,0.00015400469974661665,3.0864128484915444e-05,7,Regular
Marvel,"HOLDEN, DR. SAMUEL",43,0.00012168237513554531,4.6930058864841905e-06,7,Regular
Marvel,AHQLAU,20,6.631384065651348e-05,0.0,7,Regular
Marvel,TEFRAL,104,0.0002457795345337985,4.1970795031551186e-05,7,Regular
Marvel,PHASTOS [ETERNAL],79,0.00020106497818437886,6.987186756195921e-05,7,Regular
Marvel,"BLAIRE, CARTER",53,0.00013738689203058826,3.0500812790217613e-05,13,Regular
Marvel,HUNCH,45,0.00012118050140688517,1.0019171453246706e-05,7,Regular
Marvel,BEEFER,46,0.00012343316762217918,1.202956190389331e-05,7,Regular
Marvel,MARX,45,0.00012118050140688517,1.0019171453246706e-05,7,Regular
Marvel,"STERLING, SID",1,2.5306507062887532e-05,0.0,5,Regular
Marvel,"CHURCH, LYNN",21,8.148702691801777e-05,9.044563311169449e-06,1,Regular
Marvel,CHAINSAW/,26,0.00010001888972846858,3.756709576888595e-06,1,Regular
Marvel,"OLLSEN, BO",6,4.10606296301401e-05,0.0,1,Regular
Marvel,AQUARIUS/DARREN BENT,41,0.00011981243491193975,3.3192874224008753e-06,0,Regular
Marvel,CHLOE,6,4.190267557105256e-05,1.570168450268757e-06,1,Regular
Marvel,"DUFFY, SGT. MIKE",2,2.7882375188569305e-05,0.0,11,Regular
Marvel,YANO,14,6.122295880800886e-05,0.0,1,Regular
Marvel,DRAGONFLY II/MEIKO Y,28,0.00010815864115562964,4.547738542330358e-07,1,Regular
Marvel,MADAME QWA,36,0.00013048429307122998,2.5241130169441494e-06,1,Regular
Marvel,"AUTHIER, TRACY TRACE",33,0.00010787103024711793,2.6503887179720733e-06,5,Regular
Marvel,D.O.A.,43,0.00013213161664321215,2.6691794303670998e-06,5,Regular
Marvel,CHIMERA II,27,8.987773900003974e-05,2.4551866189929316e-06,5,Regular
Marvel,"AUTHIER, POLICE CHIE",39,0.0001305478616644904,3.897060808805467e-06,5,Regular
Marvel,ELWOOD,22,7.825598291297218e-05,0.0,5,Regular
Marvel,TIMMONS,22,7.825598291297218e-05,0.0,5,Regular
Marvel,TOKEN,22,7.825598291297218e-05,0.0,5,Regular
Marvel,DIRT NAP,46,0.00013965788924526202,6.335351297911328e-06,5,Regular
Marvel,M-PLATE,22,7.825598291297221e-05,0.0,5,Regular
Marvel,"CACHES, PROF. MARINA",30,0.00010655163682124613,8.182150157977151e-07,1,Regular
Marvel,MASTER ZEI,25,9.205760806738208e-05,1.212983778363604e-07,1,Regular
Marvel,"WILKS, SHANTAL",45,0.00014324280548767032,6.427779649408135e-06,1,Regular
Marvel,EL UNO,12,5.5973653217946945e-05,0.0,1,Regular
Marvel,"LEWIS, DET. GARON",32,0.0001150101060826292,3.915210111940265e-07,1,Regular
Marvel,GIL,14,5.659747718613557e-05,0.0,5,Regular
Marvel,TORES,25,8.339725336025311e-05,5.293048730578073e-08,5,Regular
Marvel,DARIA,22,7.605988155096478e-05,4.093374797145743e-08,5,Regular
Marvel,"LYNN, NORMA",19,7.811048949889776e-05,0.0,1,Regular
Marvel,"RANDEAU, DR.",22,8.78266533577815e-05,0.0,1,Regular
Marvel,"DILLON, ANITA",19,7.811048949889776e-05,0.0,1,Regular
Marvel,"DILLON, JONATHAN",19,7.811048949889776e-05,0.0,1,Regular
Marvel,BLACKHEART,43,0.00013234661532248452,3.2835602130457555e-05,13,Regular
Marvel,"GILBERT, ROXANNE",34,9.971332830002166e-05,1.9422912573135165e-06,0,Regular
Marvel,CHANGELING,45,0.00013319528796888638,7.269739214137216e-05,5,Regular
Marvel,WITNESS II/REMY LEBE,17,0.00011820108840612562,3.1342198299999165e-08,5,Regular
Marvel,SCORCH II,24,0.0001583518642030736,1.3790466958545267e-05,5,Regular
Marvel,LINK,23,0.00015615082931690942,3.1342198299999165e-08,5,Regular
Marvel,JINX,24,0.0001583518642030736,1.3790466958545267e-05,5,Regular
Marvel,ZCANN,84,0.00020486408019493643,4.602579570906182e-05,0,Regular
Marvel,R'TEE,87,0.00021088322080266904,5.1477772008200126e-05,0,Regular
Marvel,NURO,87,0.00021088322080266904,5.0962994288118125e-05,0,Regular
Marvel,FIZ [SKRULL],126,0.00029357927109108396,8.38373487563651e-05,0,Regular
Marvel,SPUNJE,87,0.00021088322080266904,5.0962994288118125e-05,0,Regular
Marvel,THUMPER,11,7.752983345809446e-05,0.0,5,Regular
Marvel,TRACKER,12,8.385341548868165e-05,0.0,5,Regular
Marvel,SEER,11,7.752983345809446e-05,0.0,5,Regular
Marvel,NOTE,11,7.752983345809446e-05,0.0,5,Regular
Marvel,KINLAN KARTH KITH,14,0.00010126450958283182,3.1342198299999165e-08,5,Regular
Marvel,ACROBAT/CARL ZANTE,6,3.720998263467381e-05,1.8229466811430913e-07,13,Regular
Marvel,"BEDFORD, BRAD HULK",2,4.511689157129189e-05,0.0,2,Regular
Marvel,"STILWELL, RON",2,4.511689157129189e-05,0.0,2,Regular
Marvel,"STRINGER, AMY",4,3.7773591230747166e-05,0.0,5,Regular
Marvel,"FULLERTON-SMITH, CAS",4,3.7773591230747166e-05,0.0,5,Regular
Marvel,SCRAMBLER,82,0.00019482856510955396,2.611378585552531e-06,5,Regular
Marvel,"KRAMER, STACEY",88,0.000243139646050626,0.00012878992461909914,5,Regular
Marvel,"KRAMER, KENNY",52,0.00015440646507036508,4.316345284051017e-05,5,Regular
Marvel,RIPTIDE,68,0.00016554800332178497,1.3114320095906238e-06,5,Regular
Marvel,"MARX, DR.",9,4.757329845728687e-05,0.0,5,Regular
Marvel,SLYDE,75,0.00018486810810371847,1.93380391224723e-05,11,Regular
Marvel,"RASPUTIN, NIKOLAI",32,9.329010647717958e-05,1.6374832410335007e-06,5,Regular
Marvel,"RASPUTINA, ALEXANDRA",32,9.329010647717958e-05,1.6374832410335007e-06,5,Regular
Marvel,"CHASIN, MAJOR",39,0.00010647534540590676,1.969460942371357e-06,5,Regular
Marvel,"COCKRUM, DAVE",60,0.00015312694745705163,5.1190209987211086e-06,5,Regular
Marvel,HURRICANE III,35,0.0001047643308455218,9.339371979125556e-07,5,Regular
Marvel,DEADBOLT,31,9.602659740491049e-05,8.793530331712617e-07,5,Regular
Marvel,SPYNE,33,9.91930196857927e-05,7.042074179749078e-07,5,Regular
Marvel,LIFEFORCE,33,9.91930196857927e-05,7.042074179749078e-07,5,Regular
Marvel,"GREER, GABRIELLE",31,0.0001551811747530476,4.904252356328752e-05,1,Regular
Marvel,"MOORE, TONI",9,5.905016618055661e-05,0.0,1,Regular
Marvel,"PURL, DR. NOAH",18,0.00011581514927305712,8.586352764434956e-07,1,Regular
Marvel,"BARRON, RICK",9,5.9050166180556605e-05,0.0,1,Regular
Marvel,STRONGARM II/ARMSTRO,9,5.9050166180556605e-05,0.0,1,Regular
Marvel,BARRAGE,35,9.887603522222227e-05,2.217214313938343e-06,5,Regular
Marvel,GENESIS/TYLER DAYSPR,48,0.00013294043856839293,1.7706569690572932e-06,5,Regular
Marvel,LIVING ERASER,8,4.36875225075227e-05,8.725874064824802e-07,13,Regular
Marvel,"WIGGINS, TRACY",5,4.387296405972051e-05,9.054140348757365e-08,1,Regular
Marvel,BUSHWACKER/CARL,64,0.00020691786094183086,0.00012219021151456,1,Regular
Marvel,MOTH/,1,2.5523507887301676e-05,0.0,13,Regular
Marvel,"MARTELL, SHIELD AGEN",13,6.612437747439333e-05,8.306418489532582e-07,0,Regular
Marvel,FITCH/,10,5.049728691113097e-05,0.0,5,Regular
Marvel,CROSS/,10,5.049728691113097e-05,0.0,5,Regular
Marvel,MIDAS,44,0.00012674956203996045,3.4758095315865976e-06,0,Regular
Marvel,SERVITOR,21,7.061261058978184e-05,4.118735079953714e-07,7,Regular
Marvel,"STEELE, BOBBY",77,0.0002026094267608946,0.00015640398465192467,7,Regular
Marvel,"PARETSKY, DR. GARY",73,0.0001854827715026903,0.00018144262154652074,7,Regular
Marvel,CLARISSA,12,4.753144952320768e-05,0.0,7,Regular
Marvel,"KOSINSKI, HARLEY",17,5.817788561144929e-05,0.0,7,Regular
Marvel,"RUIZ, RIGGER",122,0.00029782772314336574,0.00016631340061573364,7,Regular
Marvel,"RASSITANO, MAD DOG",114,0.00028166743384500266,0.00015529750540588578,7,Regular
Marvel,"JACKSON, ANDREW JOCK",77,0.00019700907430105118,7.89490354949401e-05,7,Regular
Marvel,"MAJOWSKI, SAM MOTHER",62,0.0001644632323071637,4.9477558648833655e-05,7,Regular
Marvel,"CONKLIN, CAPT.",35,9.607994401359589e-05,1.1813973732557912e-06,7,Regular
Marvel,"FIELSTEIN, FIREWORKS",79,0.00020095202472376024,7.947956790132055e-05,7,Regular
Marvel,SENSATIONAL HYDRA/A ,29,9.57650436530643e-05,2.7366736124667317e-06,0,Regular
Marvel,NEUT,26,7.969572688691324e-05,2.853273275101196e-08,0,Regular
Marvel,MADAME MASQUE III,65,0.00017147880723731573,4.153112638392632e-06,0,Regular
Marvel,MANTIS (SPACE PHANTO,38,0.0001098715875287435,5.697587315232131e-07,0,Regular
Marvel,NELIT,16,5.732761927564947e-05,0.0,0,Regular
Marvel,TUC,25,7.746252574432172e-05,2.243763447290472e-07,0,Regular
Marvel,TOBIAS,41,0.00012115337667725721,3.2610024877076003e-06,0,Regular
Marvel,MALACHI,41,0.00012115337667725721,3.2610024877076003e-06,0,Regular
Marvel,LIBRA III/,10,4.491710220150108e-05,0.0,0,Regular
Marvel,BENEDICT,36,0.0001024948690763373,8.509433392141412e-07,0,Regular
Marvel,ZA'KEN,15,5.507317376996177e-05,0.0,0,Regular
Marvel,"CHAR, BRON",14,6.594178994704498e-05,2.243295142042781e-06,0,Regular
Marvel,"CHAPMAN, GEN. ULYSSE",8,4.528740895153471e-05,0.0,0,Regular
Marvel,"RANIER, MIKE",10,5.733786895140454e-05,0.0,0,Regular
Marvel,"PATTERSON, JACK",10,5.733786895140454e-05,0.0,0,Regular
Marvel,EL AGUILA,23,8.508105012751326e-05,3.1845189031109345e-06,2,Regular
Marvel,ROUGHHOUSE,39,0.00013395162204831698,0.0003995570051319734,5,Regular
Marvel,BLOODSCREAM,42,0.00013180491331814603,2.4648231532334316e-05,5,Regular
Marvel,"COY, GENERAL NGUYEN ",77,0.0002318503196058127,0.0006407806469906001,5,Regular
Marvel,TAI,22,7.674746850995859e-05,1.5460688193602372e-06,5,Regular
Marvel,FLUFFY,8,5.171801346347606e-05,0.0,1,Regular
Marvel,SCRIER JR.,4,3.305097428573886e-05,0.0,1,Regular
Marvel,HARDCASE/HAROLD HARR,43,0.0001280904355634803,2.0982115766820833e-05,5,Regular
Marvel,SHOTGUN/ZEKE SALLING,24,8.78190928658154e-05,6.335927235894573e-06,5,Regular
Marvel,BATTLEAXE II/JEROME ,24,8.78190928658154e-05,6.335927235894573e-06,5,Regular
Marvel,"HILDEBRANT, DR.",4,3.822350165765518e-05,0.0,7,Regular
Marvel,"THOMAS, BECKY",4,3.822350165765518e-05,0.0,7,Regular
Marvel,NIGHT RIDER,27,8.455678881974694e-05,3.1527142832707895e-07,0,Regular
Marvel,"EPSTEIN, PROF. NORA",8,6.509590000025368e-05,0.0,1,Regular
Marvel,"RAVEN, HELEN",10,7.91212400810676e-05,0.0,1,Regular
Marvel,"RAVEN, MATTHEW",10,7.91212400810676e-05,0.0,1,Regular
Marvel,"TYNE, ELIZABETH/JANI",13,8.730447391464694e-05,2.545987247680931e-06,1,Regular
Marvel,"TANNEN, VINCENT",10,7.91212400810676e-05,0.0,1,Regular
Marvel,"KENNEDY, LOUISE",10,7.91212400810676e-05,0.0,1,Regular
Marvel,"WHITE, PROFESSOR",9,7.201734910636118e-05,0.0,1,Regular
Marvel,"TANNEN, PAUL",9,7.201734910636118e-05,0.0,1,Regular
Marvel,AREX,34,9.353592829969686e-05,5.709697479520058e-07,7,Regular
Marvel,GLABOO,50,0.00013322800242716835,1.0650737871909287e-06,13,Regular
Marvel,EELAK,50,0.00013322800242716835,1.0650737871909287e-06,13,Regular
Marvel,"ATOR, GENERAL",50,0.00013322800242716835,1.0650737871909287e-06,13,Regular
Marvel,MARGOYLE,50,0.00013322800242716835,1.0650737871909287e-06,13,Regular
Marvel,ROOTAR,50,0.00013322800242716835,1.0650737871909287e-06,13,Regular
Marvel,ARCADIUS,52,0.00014438069595921018,1.0598902029085158e-05,13,Regular
Marvel,PULSSUS,50,0.00013322800242716835,1.0650737871909287e-06,13,Regular
Marvel,RISQUE/GLORIA,37,0.00011848765552479229,6.671886002630026e-06,5,Regular
Marvel,CRULE,28,8.88196724241917e-05,9.658944901784253e-09,5,Regular
Marvel,ABSALOM,41,0.00012061438546087042,2.3030851617898547e-06,5,Regular
Marvel,SAUL,42,0.00012483695930037188,3.8027785653549694e-06,5,Regular
Marvel,EDITOR,1,2.569974249544442e-05,0.0,8,Regular
Marvel,DR. SUN,28,9.651895074880461e-05,3.7073045624271493e-06,3,Regular
Marvel,CR'REEE,129,0.0002867279249515742,2.6278635094935983e-05,5,Regular
Marvel,MAM'SELLE HEPZIBAH,164,0.00036821590925566677,8.359142198541722e-05,5,Regular
Marvel,RAZA LONGKNIFE,172,0.00038503369875423797,8.705615460108759e-05,5,Regular
Marvel,"ZANE, DONOVAN",11,5.352790770163172e-05,0.0,1,Regular
Marvel,AVIUS,27,8.236463453642541e-05,7.270432212735457e-07,13,Regular
Marvel,LEONUS/LIONUS [INHUM,55,0.0001468051033790562,5.720221983454002e-06,13,Regular
Marvel,PHAE-DOR,19,6.494317468394438e-05,1.2322587259972874e-07,13,Regular
Marvel,ARIDES,24,7.674113208163463e-05,4.6841409806340316e-07,13,Regular
Marvel,CENTARIUS,20,6.626151864570151e-05,1.795248766924764e-07,13,Regular
Marvel,STALLIOR,64,0.00016463035437613353,9.919245068238361e-06,13,Regular
Marvel,AIREO/AEOLUS [INHUMA,70,0.00018556314416900478,2.213785570956226e-05,3,Regular
Marvel,FALCONA [INHUMAN],29,8.878882664198348e-05,1.4704987743200585e-06,13,Regular
Marvel,EXITAR,5,3.398271557276294e-05,0.0,7,Regular
Marvel,"VEGA, ROBIN",8,4.633835035773301e-05,0.0,1,Regular
Marvel,"TRAVERS, MIKE",3,5.346755345653228e-05,0.0,10,Regular
Marvel,"RYKER, MAJOR SIMON",5,6.258762530700141e-05,1.9487335684479713e-05,10,Regular
Marvel,CRIMSON DYNAMO VIII/,7,0.00010113964977816526,0.0,8,Regular
Marvel,KRANG II,7,0.00010113964977816526,0.0,8,Regular
Marvel,TITANIUM MAN III/BOR,7,0.00010113964977816526,0.0,8,Regular
Marvel,RADIOACTIVE MAN II/D,7,0.00010113964977816526,0.0,8,Regular
Marvel,WHIRLWIND II/DAVID C,7,0.00010113964977816526,0.0,8,Regular
Marvel,BLACK KNIGHT VI/PROF,7,0.00010113964977816526,0.0,8,Regular
Marvel,MELTER II/BRUNO HORG,7,0.00010113964977816526,0.0,8,Regular
Marvel,GOSAMYR,36,9.929050687357952e-05,7.157194471270508e-07,5,Regular
Marvel,ANIMATOR/DR. FREDRIC,24,7.208969643293978e-05,1.3876419341552027e-07,5,Regular
Marvel,BIRDBRAIN,24,7.309938043827273e-05,4.5731910298490076e-08,5,Regular
Marvel,"DRAN, DAMON",15,6.544927869087737e-05,3.898815855903757e-06,1,Regular
Marvel,OMERTA/,12,5.052094782039112e-05,0.0,8,Regular
Marvel,PRODIGY/,12,5.052094782039112e-05,0.0,8,Regular
Marvel,MICROMAX/SCOTT WRIGH,60,0.00015678025876338583,4.155045302382679e-05,5,Regular
Marvel,URSULA,12,5.052094782039112e-05,0.0,8,Regular
Marvel,SHAMROCK/MOLLY FITZG,167,0.0003791483585266957,0.00013073398635773844,2,Regular
Marvel,"ROMANOV, MICKEY",6,3.513400864288231e-05,0.0,8,Regular
Marvel,HEADLOK,20,6.40987972996699e-05,1.1362500113625001e-08,8,Regular
Marvel,WINDSHEAR/COLIN ASHW,113,0.00026523134622068986,7.678236105543708e-05,8,Regular
Marvel,"CLARKE, GENERAL JERE",114,0.00029984084093147534,9.620229561638605e-05,8,Regular
Marvel,"PATRICK, KERRY",30,8.568255426299177e-05,6.126027802667645e-07,8,Regular
Marvel,MAJOR MAPLELEAF/LOUI,9,4.2244366508403986e-05,0.0,8,Regular
Marvel,"BREWER, AMY",15,5.4988409863472307e-05,6.416282294538939e-07,8,Regular
Marvel,"BYRNE, JOHN",43,0.00011390371953670978,1.9454324036555903e-06,8,Regular
Marvel,"CARTER, SHARON II",5,4.819699775236552e-05,0.0,11,Regular
Marvel,MASTER MAN II/ALEXAN,11,0.00011583464871987452,0.00020543105684921962,11,Regular
Marvel,"FURY, NICK II",5,4.819699775236552e-05,0.0,11,Regular
Marvel,TAKU,38,0.00011132157195149645,7.060364165036376e-06,1,Regular
Marvel,CRIPPLER/KARL STRIKL,56,0.00018862563255675455,7.2428775255748e-05,10,Regular
Marvel,"BLAKE, EMILY",3,3.153221407473523e-05,0.0,1,Regular
Marvel,DAZZLER/BURTRAM WORT,30,9.153439130414148e-05,2.1370207118241397e-06,5,Regular
Marvel,DARK HUNTER,6,3.720243748593943e-05,0.0,5,Regular
Marvel,TAGAK,43,0.0001142580307060679,4.783569286965679e-07,2,Regular
Marvel,GUNTHAR,10,4.3754829605361026e-05,0.0,7,Regular
Marvel,SEA WITCH/BRIGIT O'H,14,6.263351383857643e-05,0.0,7,Regular
Marvel,SPIKE,6,6.38784434085912e-05,0.0,2,Regular
Marvel,"MORAN, KEVIN",7,6.702220211286478e-05,4.245443224272614e-07,2,Regular
Marvel,SLICK,6,6.38784434085912e-05,0.0,2,Regular
Marvel,PAIN,6,6.38784434085912e-05,0.0,2,Regular
Marvel,PERUN,41,0.00011558095659313394,9.61279174700452e-06,2,Regular
Marvel,CRIMSON DYNAMO V/DIM,170,0.0003938220046099472,0.0004782478093800314,2,Regular
Marvel,"RAINTREE, VIVIAN",6,4.655168287448909e-05,0.0,1,Regular
Marvel,"HOLDSWORTH, PARKER",6,4.655168287448909e-05,0.0,1,Regular
Marvel,"DUNLEAVY, GEN. ARLEN",6,4.655168287448909e-05,0.0,1,Regular
Marvel,ORINI,14,6.0324163090006886e-05,9.729140722291407e-08,2,Regular
Marvel,KAMO THARNN,48,0.00012690050825759077,5.732125415609829e-06,8,Regular
Marvel,GORN,7,6.702220211286478e-05,4.245443224272614e-07,2,Regular
Marvel,SATANA,16,8.199831625900085e-05,2.2724751938907256e-05,2,Regular
Marvel,"ROSETTI, GABRIEL",33,0.00016734424521008131,0.00019816483418003686,2,Regular
Marvel,"CROW, REV. JOSHUA",10,6.958961551701342e-05,1.3854017915821038e-07,2,Regular
Marvel,"SIEGEL, DR. AVRAM",17,0.0001203382049590586,2.2025448257008876e-07,2,Regular
Marvel,"GERHARDT, JOSEPH HEI",10,6.958961551701342e-05,1.3854017915821038e-07,2,Regular
Marvel,"SHAITAN, AL",12,7.601302300230233e-05,3.3981372373002084e-06,2,Regular
Marvel,"RILEY, JACK",10,8.432792324463459e-05,0.0,2,Regular
Marvel,"HELLSTROM, VICTORIA",10,6.0302827949583614e-05,8.060245727220223e-07,2,Regular
Marvel,SOULFIRE/JASON MALDO,6,6.087281532510649e-05,0.0,2,Regular
Marvel,"RILEY, MARIEL",6,6.087281532510649e-05,0.0,2,Regular
Marvel,"RILEY, KIM",6,6.087281532510649e-05,0.0,2,Regular
Marvel,MIRAGE III/MARGE,5,3.435231069391593e-05,0.0,5,Regular
Marvel,"BECKMAN, CHARLES",4,7.489801507339937e-05,0.0,2,Regular
Marvel,"BECKMAN, JOSEPH",4,7.489801507339937e-05,0.0,2,Regular
Marvel,"BECKMAN, SARAH",4,7.489801507339937e-05,0.0,2,Regular
Marvel,"BECKMAN, LISA",4,7.489801507339937e-05,0.0,2,Regular
Marvel,ARMAZIEL,9,6.496677616300668e-05,0.0,2,Regular
Marvel,"PORTER, KIM",9,6.496677616300668e-05,0.0,2,Regular
Marvel,SAMMAEL,9,6.496677616300668e-05,0.0,2,Regular
Marvel,PEACEMONGER/,1,2.5454148678565133e-05,0.0,0,Regular
Marvel,REPLICUS,25,8.109196203410348e-05,4.4627716160440493e-07,7,Regular
Marvel,EXPEDITER/JOHN WRAIT,16,6.27278511271565e-05,1.4233352641263398e-06,5,Regular
Marvel,"DAVIS, PRINCIPAL",9,4.684618308817619e-05,0.0,1,Regular
Marvel,MAXXAM,7,3.9991632584252244e-05,0.0,8,Regular
Marvel,POWDERKEG II,7,3.9991632584252244e-05,0.0,8,Regular
Marvel,X-RAY II/,5,3.49388376843786e-05,0.0,1,Regular
Marvel,OKOYE,87,0.00024575180950759615,8.918324594837171e-05,1,Regular
Marvel,ZURI,98,0.0002745229502082895,0.00011859524660939108,1,Regular
Marvel,MALICE V/NAKIA,90,0.0002617801725924729,0.0001341875805160995,1,Regular
Marvel,TEUTONIC KNIGHT/FRAN,10,5.387684611386466e-05,0.0,2,Regular
Marvel,"MONTGOMERY, SIR BERN",7,4.338930225260341e-05,0.0,2,Regular
Marvel,BROTHERS GRIMM,6,3.8778850342920834e-05,1.2939629392900184e-07,2,Regular
Marvel,"STALIN, JOSEF",8,4.329284300517374e-05,0.0,2,Regular
Marvel,IRON CROSS/HELMUT GR,60,0.0001638563024992648,9.220253347226466e-06,11,Regular
Marvel,LADY LOTUS,28,9.996643089322949e-05,4.839996935543778e-06,2,Regular
Marvel,HUMAN TOP/DAVEY MITC,20,7.852889474019165e-05,0.0,2,Regular
Marvel,GOLDEN GIRL/GWENNY L,22,8.443187569666521e-05,0.0,2,Regular
Marvel,NOMAD II/EDWARD FERB,7,3.827741632120239e-05,0.0,0,Regular
Marvel,"WILMOTT, DR. KEITH",5,4.134017248117547e-05,0.0,2,Regular
Marvel,"WHITE, JONATHAN",5,4.134017248117547e-05,0.0,2,Regular
Marvel,"COLLINS, NICK",22,0.00011848930268778298,5.328604170145778e-06,10,Regular
Marvel,MECHADOOM,19,6.664365388700058e-05,0.0,13,Regular
Marvel,COLDBLOOD/,26,8.127896935958702e-05,3.6222951558564437e-07,5,Regular
Marvel,"COLLINS, TRACY",23,0.00012079509171041607,6.652506547970333e-07,10,Regular
Marvel,"HANSEN, BILLY",15,8.49574246838442e-05,0.0,10,Regular
Marvel,"RYKER, HARLAN",25,0.00011617155807971816,1.030009545293814e-06,10,Regular
Marvel,"DWORMAN, JIM",19,0.0001006818417408299,3.6751318451446406e-06,10,Regular
Marvel,ANSWER,23,7.738324875098823e-05,5.054099076515017e-09,1,Regular
Marvel,"MAXIMOFF, DJANGO",42,0.00011475825263288232,1.0880092410098624e-06,0,Regular
Marvel,CH'THON,39,0.00011464192104369852,1.1768974785175711e-05,7,Regular
Marvel,OTHER,19,6.525333046025585e-05,0.0,0,Regular
Marvel,TABOO,23,7.745669948964657e-05,1.0921835511177423e-06,0,Regular
Marvel,MR. DOLL/NATHAN DOLL,16,5.779539734944752e-05,0.0,0,Regular
Marvel,SCRIER II/S. CRIER,20,8.007283677217582e-05,0.0,1,Regular
Marvel,"CAMPBELL, MEREDITH",25,8.992500485595654e-05,2.3998417947717376e-08,1,Regular
Marvel,GROVEL,36,0.00010458979641929278,4.616363034157163e-06,5,Regular
Marvel,NANNY,31,9.142267220158958e-05,9.514386779164174e-07,5,Regular
Marvel,LANDSCAPE/BRETT,13,5.23143596250309e-05,0.0,5,Regular
Marvel,MEANY,81,0.00021443854959439938,4.6379537560479695e-05,5,Regular
Marvel,SPAT,29,8.756695198022601e-05,7.66290859527835e-07,5,Regular
Marvel,EENY,81,0.00021443854959439938,4.6379537560479695e-05,5,Regular
Marvel,MAGGOTT/JAPHETH,91,0.0002387010343391895,5.5868882627213485e-05,5,Regular
Marvel,"DE LA JOYA, SISTER M",9,4.2356968610007765e-05,0.0,5,Regular
Marvel,"ALVAREZ, CARLY",19,6.418570251215573e-05,4.2423560964209105e-08,5,Regular
Marvel,"HARRAS, BOB",9,4.272329685806694e-05,0.0,5,Regular
Marvel,"JEROME, JASON",24,8.479467900833858e-05,4.42789216314633e-06,1,Regular
Marvel,TESS-ONE,34,9.849697156218322e-05,4.729828480108627e-06,1,Regular
Marvel,"MCBRIDE, MARTHA",8,4.381197691537859e-05,0.0,1,Regular
Marvel,KNIGHT/MALCOLM KNIGH,15,6.437480983930032e-05,9.447846003431019e-08,1,Regular
Marvel,FOGG/THOMAS FOGG,15,6.437480983930032e-05,9.447846003431019e-08,1,Regular
Marvel,"KNIGHT, LEO",9,4.865231985426013e-05,0.0,1,Regular
Marvel,PLAGUE,59,0.0001439755322291925,1.3996983544514513e-06,5,Regular
Marvel,PRISM,52,0.0001310114425856638,7.011337709133392e-07,5,Regular
Marvel,APE/,60,0.00014700935862558138,1.3241503913859562e-06,5,Regular
Marvel,BEAUTIFUL DREAMER,50,0.00012499829798558822,2.7418903065293077e-07,5,Regular
Marvel,ERG,59,0.00014476023358057748,1.3027545720196753e-06,5,Regular
Marvel,TARBABY,55,0.00013572763985470593,3.352582660886228e-07,5,Regular
Marvel,"BAILEY, SARA GREY",47,0.00012087049182950887,5.470728069484894e-07,5,Regular
Marvel,KALADAR [SHI'AR],8,4.641722889176746e-05,0.0,2,Regular
Marvel,ZOOG [KYMELLIAN],8,4.641722889176746e-05,0.0,2,Regular
Marvel,BLOODWING [SHI'AR],8,4.641722889176746e-05,0.0,2,Regular
Marvel,ENCHANTER,6,3.791082389360951e-05,0.0,2,Regular
Marvel,MAHA YOGI,39,0.00013163623711685672,2.2601511329568347e-05,2,Regular
Marvel,"COPPERSMITH, ALFRED",4,3.406252138881836e-05,0.0,1,Regular
Marvel,FORCE/CLAYTON WILSON,31,9.658998641389716e-05,0.0001581660541816331,0,Regular
Marvel,"BUSH, GEORGE",68,0.00017135277567864284,1.8349134627988624e-05,0,Regular
Marvel,POLESTAR/,28,9.769709016271594e-05,1.0399295569296731e-07,1,Regular
Marvel,"THOMAS, DR. STAN",11,5.2320785304300294e-05,0.0,5,Regular
Marvel,"THOMAS, IDA",11,5.2320785304300294e-05,0.0,5,Regular
Marvel,MURMUR/,14,5.603181400256498e-05,0.0,5,Regular
Marvel,"EDGERTON, GAYLE",68,0.00017566296902728714,1.1175982537525804e-05,5,Regular
Marvel,VINCENTE/,19,6.93649180932671e-05,0.0,5,Regular
Marvel,"THOMAS, KIM HO TWAE",10,4.947558110822434e-05,0.0,5,Regular
Marvel,BULWARK/,17,6.361160552939226e-05,0.0,5,Regular
Marvel,MISTY/VINCENTE,17,6.361160552939226e-05,0.0,5,Regular
Marvel,"DEVERAUX, INSPECTOR ",15,5.737361790425072e-05,0.0,5,Regular
Marvel,SOLARR,51,0.0001427904519127708,3.0253319253394063e-05,2,Regular
Marvel,ATOM SMASHER/,10,4.586301489449403e-05,0.0,11,Regular
Marvel,DR. HYDRO,5,3.46971330449861e-05,0.0,2,Regular
Marvel,LORVEX,5,3.415708229816536e-05,0.0,2,Regular
Marvel,HAMIR,26,9.68440332024983e-05,3.707612093170425e-05,2,Regular
Marvel,"MCCOURT, ALLISON",21,6.850337599088942e-05,6.2669276419751e-07,13,Regular
Marvel,VIRAGO,12,4.96712480126141e-05,2.9042211111317633e-09,13,Regular
Marvel,"ROSENBERG, ANNIE",3,2.927054539554412e-05,0.0,8,Regular
Marvel,"STALYENKO, COL. YURI",34,0.00011845745043391337,1.6677176096240942e-05,13,Regular
Marvel,WOZ/DEWOZ,31,0.00010770707544709306,2.8628073776353085e-06,13,Regular
Marvel,"JARZINHO, COL. EDSON",30,0.00010415646641049497,2.560970353820928e-06,13,Regular
Marvel,CARTHUS,22,7.971780175353786e-05,1.7961363831098555e-07,13,Regular
Marvel,ARCHAEOPTERYX/TONAJA,31,0.00010770707544709306,2.8628073776353085e-06,13,Regular
Marvel,KALIKYA [INHUMAN],22,7.904707115529767e-05,1.0534767903067344e-07,13,Regular
Marvel,NAHREES [INHUMAN],27,9.48515539389351e-05,3.7283232083920095e-07,13,Regular
Marvel,NEIFI [INHUMAN],25,8.93501771990088e-05,3.504815255581924e-07,13,Regular
Marvel,DINU,27,9.48515539389351e-05,3.7283232083920095e-07,13,Regular
Marvel,TOI/REXEL TOIVEN,21,7.816803146695693e-05,0.0,13,Regular
Marvel,NECROMANCER/DR. STEP,17,6.538349261844106e-05,1.310996842361219e-06,8,Regular
Marvel,RED GUARDIAN II/ALEX,53,0.0001404638041472881,8.02217014082029e-06,0,Regular
Marvel,CYANIDE JANE,34,0.000150486688462613,4.4851470807896415e-06,5,Regular
Marvel,"OXTON, PROFESSOR HEN",22,0.00010077592878690917,3.673481425918271e-08,5,Regular
Marvel,AENTAROS,29,0.00012138677136788406,4.523036139110332e-06,5,Regular
Marvel,KEY/,26,0.00010912207683934103,2.4914656621665647e-06,5,Regular
Marvel,"SHIRE, DR. RANDALL",29,0.00012138677136788406,4.523036139110332e-06,5,Regular
Marvel,MALAN Sometimes spel,26,0.00011018906395317916,2.2097011139436014e-06,5,Regular
Marvel,WALL/,26,0.00010912207683934103,2.4914656621665647e-06,5,Regular
Marvel,SEMIJAN,29,0.00012138677136788406,4.523036139110332e-06,5,Regular
Marvel,KRIVEN,16,7.601813202241159e-05,6.421635739682197e-07,5,Regular
Marvel,"BERGER, PROF.",29,0.00012138677136788406,4.523036139110332e-06,5,Regular
Marvel,PRINCESS SANDELLA,31,0.0001261771617771282,6.1003602717377865e-06,5,Regular
Marvel,"DURAN, CONAL",38,0.00010051677790443053,8.162174499930893e-08,5,Regular
Marvel,"LOCKLIN, BEN",38,0.00010051677790443053,8.162174499930893e-08,5,Regular
Marvel,BEDLAM/JESSE AARONSO,133,0.0004073249924271139,0.00023541847259747967,5,Regular
Marvel,HAMMER/LEROY JACKSON,10,5.0970766003510007e-05,9.93644482087604e-07,2,Regular
Marvel,ANVIL/JOHNNY ANVIL,10,5.0970766003510007e-05,9.93644482087604e-07,2,Regular
Marvel,"CORSI, TOM",136,0.0003135707687533657,0.000510694506097681,5,Regular
Marvel,HORUS [EGYPTIAN GOD],36,0.00010017992527876544,2.743069189798083e-06,7,Regular
Marvel,ERISHKIGEL,18,6.07888565051846e-05,0.0,7,Regular
Marvel,MUNIN,44,0.00011630720074446726,3.750544397809707e-06,7,Regular
Marvel,FLAME II,10,4.4569815972992976e-05,0.0,7,Regular
Marvel,HUGIN,44,0.00011630720074446726,3.750544397809707e-06,7,Regular
Marvel,"MADDICKS, PROFESSOR ",12,4.861014101163298e-05,2.2784483400921756e-08,5,Regular
Marvel,ARKO,27,8.010204036785098e-05,0.0,7,Regular
Marvel,BUSHMASTER/JOHN MCIV,29,9.845077980100481e-05,4.218408093333572e-05,2,Regular
Marvel,TILDA,18,6.047629893279131e-05,0.0,7,Regular
Marvel,"BRANDT, ELLEN",22,0.00010605003022859608,2.86947607376696e-05,2,Regular
Marvel,MR. TERMINEUS/AMODEU,13,7.550132799607546e-05,4.690636379658155e-06,2,Regular
Marvel,"BURKE, JACK",12,7.284985369816094e-05,1.7084200460556993e-06,2,Regular
Marvel,"BURKE, GWYNETH",12,7.284985369816094e-05,1.7084200460556993e-06,2,Regular
Marvel,"LOPEZ, ANGELA",8,5.819248482155779e-05,0.0,2,Regular
Marvel,"BURKE, JOB",12,7.284985369816094e-05,1.7084200460556993e-06,2,Regular
Marvel,"FILLMORE, SHERIFF DO",10,6.380638530389691e-05,2.5183713136022907e-06,2,Regular
Marvel,MEPHISITOID,13,5.1906412706785644e-05,0.0,0,Regular
Marvel,T'KYLL ALABAR,13,5.1906412706785644e-05,0.0,0,Regular
Marvel,TERRIGENE,2,2.7284033233797135e-05,0.0,13,Regular
Marvel,PAVANE II,4,4.778355155214509e-05,0.0,0,Regular
Marvel,BRAWLER,4,4.778355155214509e-05,0.0,0,Regular
Marvel,AMPERE/,4,4.778355155214509e-05,0.0,0,Regular
Marvel,PROCTOR,29,8.945587324805655e-05,2.782159847825789e-06,0,Regular
Marvel,WRECKER II,2,2.7464723387167777e-05,0.0,0,Regular
Marvel,STEGRON,27,9.272890125237306e-05,2.2426696597653213e-06,1,Regular
Marvel,"DORCAS, LEMUEL DR.",23,8.079006058214912e-05,5.260556721855436e-06,13,Regular
Marvel,MINT JULEP,10,9.237959929029433e-05,0.0,18,Regular
Marvel,ABRAXAS,21,0.00012059400834958252,8.705331561602329e-05,18,Regular
Marvel,RATTACK,10,9.237959929029433e-05,0.0,18,Regular
Marvel,"FROST, CARMILLA",28,0.0002527529332266892,0.00020672243452978187,18,Regular
Marvel,M'SHULLA,34,0.00030884891829516763,0.000244370695442025,18,Regular
Marvel,OLD SKULL,29,0.0002645496346575913,0.0002388565201017501,18,Regular
Marvel,GROK,21,0.00017678132558843567,4.768204858735822e-06,18,Regular
Marvel,KILLRAVEN/JONATHAN R,35,0.0003112948615228238,0.00034883337159388565,18,Regular
Marvel,SABRE,10,9.237959929029433e-05,0.0,18,Regular
Marvel,HIGH OVERLORD,18,0.00015712330038868502,2.726108701929834e-05,18,Regular
Marvel,SKAR,15,0.00013041473276716062,0.0,18,Regular
Marvel,VIGILANT/PSTUN-RAGE,7,7.168536664021758e-05,0.0,18,Regular
Marvel,FOROPULIST,14,0.00012567922756674723,0.0,18,Regular
Marvel,VOLCANA ASH,15,0.00013041473276716064,0.0,18,Regular
Marvel,"EVE 3,031",15,0.00013041473276716064,0.0,18,Regular
Marvel,"ADAM 3,031",15,0.00013041473276716064,0.0,18,Regular
Marvel,ATALON,15,0.00013041473276716064,0.0,18,Regular
Marvel,WARLORD,9,8.703451131584318e-05,4.563626314931152e-05,18,Regular
Marvel,MASTER FOUR,4,5.5033255904840524e-05,0.0,18,Regular
Marvel,SACRIFICER,15,0.00013041473276716064,0.0,18,Regular
Marvel,MELONIE,13,0.00011680161422849254,0.0,18,Regular
Marvel,KASEMA,4,5.2181660758331114e-05,9.973231365325572e-08,8,Regular
Marvel,KATHAR,3,4.772683049762641e-05,0.0,8,Regular
Marvel,SLEDGE,46,0.00015650442641901055,9.064523381351701e-07,5,Regular
Marvel,"ALEGRIA, RICHIE",25,9.676082115649907e-05,0.0,5,Regular
Marvel,"SCHUYLER, DR. REBECC",10,4.7645232015965646e-05,0.0,5,Regular
Marvel,GRYPHON/COMMANDER EK,21,7.591139141026332e-05,1.275952881611988e-08,5,Regular
Marvel,"BURKE, RICKY",16,6.819164926828762e-05,0.0,5,Regular
Marvel,REIGNFIRE/,50,0.00016586137376039257,1.1419543482919217e-05,5,Regular
Marvel,"SANDERS, DET. NAPOLE",16,6.819164926828762e-05,0.0,5,Regular
Marvel,"BANTOCK, LT. OLIVER",16,6.819164926828762e-05,0.0,5,Regular
Marvel,"BENTON, TERRY",16,6.819164926828762e-05,0.0,5,Regular
Marvel,"JONES, WALTER",16,6.819164926828762e-05,0.0,5,Regular
Marvel,"BLACKSHEAR, JONAS",15,6.342183801489686e-05,0.0,5,Regular
Marvel,"THORPE, GORDON",12,5.6299552711078204e-05,0.0,5,Regular
Marvel,"DEWITT, LUCIUS",12,5.6299552711078204e-05,0.0,5,Regular
Marvel,"BRIGGS, AGENT",10,5.009807429506289e-05,4.878297944412067e-09,5,Regular
Marvel,"HOLLISTER, SHERIFF",6,3.857352894860602e-05,0.0,5,Regular
Marvel,SNAKESKIN II/,14,5.652575725162852e-05,0.0,5,Regular
Marvel,"ROUSSEAU, ETIENNE",14,5.652575725162852e-05,0.0,5,Regular
Marvel,"CHANDRA, DR.",40,0.000133208075821379,5.817989934648693e-07,5,Regular
Marvel,"JOSHUA, DR. SEGISMUN",54,0.0001660215395051126,9.125848587048081e-06,5,Regular
Marvel,SHORT CIRCUIT/HENRY ,17,6.548317782475728e-05,2.5587270309472315e-07,5,Regular
Marvel,LOCUS,41,0.00012795520810712573,5.772649411173252e-06,5,Regular
Marvel,"DE LA SALLE, BEATRIC",4,3.18562940211085e-05,0.0,0,Regular
Marvel,WENDIGO II/GEORGES B,19,6.720225095572025e-05,7.935787937858843e-07,2,Regular
Marvel,"LELAND, HARRY",77,0.00020620672309335015,8.855539575900804e-05,5,Regular
Marvel,ARAKI [SHI'AR],77,0.00018305474530805712,4.981705325433893e-05,5,Regular
Marvel,MAELEN,34,9.552810621864328e-05,7.02898403593185e-07,5,Regular
Marvel,EMPRESS R'KILL [SKRU,40,0.00011018008233748048,1.93775902947055e-05,0,Regular
Marvel,EARTHQUAKE,110,0.00025490156671762273,4.776003974733442e-05,0,Regular
Marvel,NIGHTSIDE,80,0.00019109271682193896,2.3803197957805586e-05,0,Regular
Marvel,SMASHER IV,119,0.000270581573523063,5.102190328070061e-05,0,Regular
Marvel,HUSSAR,99,0.00023102917371971215,3.078297739717833e-05,0,Regular
Marvel,"CARTER, JIMMY",66,0.00016544808792873247,1.1320335733562731e-05,5,Regular
Marvel,"PRYDE, TERRI",23,7.148389752528508e-05,0.0,5,Regular
Marvel,"PRYDE, CARMEN",23,7.148389752528508e-05,0.0,5,Regular
Marvel,"MACON, ANGELO",80,0.0001900057009379005,1.8893505767754613e-06,5,Regular
Marvel,"MANH, COY LEONG XUI",53,0.00013994139423921523,1.3893373993142298e-05,5,Regular
Marvel,"MANH, COY NGA",53,0.00013994139423921523,1.3893373993142298e-05,5,Regular
Marvel,MAGUS II,53,0.00013354880532913884,0.0001237942001450714,5,Regular
Marvel,MINXI [INHUMAN],11,4.5850180564902456e-05,0.0,13,Regular
Marvel,VICTORIUS/PROF. VICT,8,4.28949705822461e-05,0.0,0,Regular
Marvel,"RUBINO, STEVE HEADSE",32,0.0001268102064477335,3.3106440709394066e-05,10,Regular
Marvel,KLIGGER/SEN. EUGENE ,34,0.0001031982398667302,2.3834074756253505e-06,2,Regular
Marvel,"PARKER, RICHARD (ROB",27,9.056421312849528e-05,2.5841654941383156e-06,1,Regular
Marvel,"PARKER, MARY (ROBOT)",31,0.00010524253662637983,6.436182602278813e-06,1,Regular
Marvel,WALRUSS,9,5.737986373189234e-05,0.0,2,Regular
Marvel,"JAKES, JUDSON",9,5.737986373189234e-05,0.0,2,Regular
Marvel,LYLLA,9,5.737986373189234e-05,0.0,2,Regular
Marvel,UNCLE PYKO,9,5.737986373189234e-05,0.0,2,Regular
Marvel,"SANCHEZ, DET. LOUISA",2,2.824027167074502e-05,0.0,2,Regular
Marvel,"NORTH, DAKOTA",54,0.00019754226174956038,0.00017693336998044943,1,Regular
Marvel,KINGSIZE,2,2.8514754051248025e-05,0.0,1,Regular
Marvel,SHADES,17,7.030322319861608e-05,0.0,2,Regular
Marvel,COMANCHE,19,8.035013859373285e-05,2.629601030947871e-07,2,Regular
Marvel,DARK RAIDER,24,7.593785807876408e-05,1.6321773677540318e-07,13,Regular
Marvel,"SUAREZ, RAPHAEL",22,7.106906893052255e-05,8.161227235925588e-07,13,Regular
Marvel,MALICE III,80,0.00018904046166268794,9.381962776224591e-06,8,Regular
Marvel,"O'NEIL, BRIDGET",27,8.216352673756901e-05,9.74994351538596e-07,8,Regular
Marvel,KARGUL,23,7.947952043517589e-05,2.535672738541721e-06,13,Regular
Marvel,STALKING FOX,11,4.8611488521990567e-05,0.0,13,Regular
Marvel,RAPTOR II/PROFESSOR ,13,5.333110799964878e-05,3.4629023520470284e-07,13,Regular
Marvel,"MACKAY, MURDO",3,6.124995945463112e-05,0.0,2,Regular
Marvel,"MACKAY, AILSA",3,6.124995945463112e-05,0.0,2,Regular
Marvel,SHAMAN III,3,6.124995945463112e-05,0.0,2,Regular
Marvel,MAULER/BRENDAN DOYLE,22,7.30887034334523e-05,0.00010625797305183027,0,Regular
Marvel,"MCPHERSON, LING",30,9.097124611302817e-05,2.922414459089258e-06,0,Regular
Marvel,OGUR,17,5.91739327690602e-05,4.1558322321624445e-07,0,Regular
Marvel,SPOILSPORT/,17,6.925183489442926e-05,0.0,5,Regular
Marvel,JET-BLACK/,17,6.925183489442926e-05,0.0,5,Regular
Marvel,NOY,17,6.925183489442926e-05,0.0,5,Regular
Marvel,NIGHTWIND/,17,6.925183489442926e-05,0.0,5,Regular
Marvel,SIGN/,17,6.925183489442926e-05,0.0,5,Regular
Marvel,TOUGH LOVE/,17,6.925183489442926e-05,0.0,5,Regular
Marvel,"FROST, ADRIENNE",40,0.00012904157113276206,2.511601364919015e-06,5,Regular
Marvel,DRAGONWING/,17,6.925183489442926e-05,0.0,5,Regular
Marvel,"FORTUNATO, MARY",10,5.1322536014022536e-05,0.0,1,Regular
Marvel,"FORTUNATO, JAMES",10,5.1322536014022536e-05,0.0,1,Regular
Marvel,"STRONG, SUSAN",16,6.409281020375823e-05,4.894819694106518e-08,1,Regular
Marvel,"CALLAHAN, MIKE",6,4.046079306958113e-05,0.0,1,Regular
Marvel,"OSBORN, EMILY",6,4.447657785419235e-05,0.0,1,Regular
Marvel,DEATH'S HEAD,8,4.5410512337571145e-05,0.0,2,Regular
Marvel,"ST. HUBBINS, SARI",18,6.0917425767445815e-05,2.9490356692662624e-08,5,Regular
Marvel,"CAMPBELL, DR. RORY",102,0.00025458668648045517,4.809073487617381e-05,5,Regular
Marvel,MILAN,57,0.00014539903080951279,9.33214437632385e-07,5,Regular
Marvel,JAVITZ,18,6.010478930576885e-05,0.0,5,Regular
Marvel,SISTER MARIA,8,4.152207157974857e-05,0.0,5,Regular
Marvel,ADRIA,10,4.8850498443720754e-05,0.0,2,Regular
Marvel,DIE'ODE/,15,6.039224548517846e-05,0.0,3,Regular
Marvel,"CHORD, MIYAMI",29,9.363837061489384e-05,2.333088271399532e-06,3,Regular
Marvel,FU'SE,28,9.636220124554604e-05,4.768459868667989e-06,3,Regular
Marvel,ELEC'TRIX/,15,6.039224548517846e-05,0.0,3,Regular
Marvel,"ASTROVIK, ARNOLD",35,0.00011305529398815628,9.607884733639637e-07,3,Regular
Marvel,VIBRATO/,15,6.039224548517846e-05,0.0,3,Regular
Marvel,"DREYFUSS, RACHEL",25,7.939321484656455e-05,1.2373338637526507e-07,3,Regular
Marvel,BLOODSTRIKE/ERIC CON,35,0.00010267301378093704,1.9426067314157265e-06,3,Regular
Marvel,SMILING TIGER/,26,8.15696804585153e-05,1.894234059446915e-07,3,Regular
Marvel,MIDNIGHT'S FIRE/,34,0.00010106000301480988,1.601275728036743e-06,3,Regular
Marvel,FIREWALL/THEARY/MIN ,47,0.0001334543386088181,5.0430062500673055e-06,3,Regular
Marvel,LEFT HAND/DIEGO CASS,40,0.00011510687307976177,3.0562453155255346e-06,3,Regular
Marvel,"STAPLES, EDNA M. GRA",68,0.00017416617209351808,2.5282231705727812e-05,3,Regular
Marvel,ENRAGED,41,0.00010775670276904215,0.0,3,Regular
Marvel,BLACKBALL,41,0.00010775670276904215,0.0,3,Regular
Marvel,FIREBRAND II/BROXTEL,43,0.0001242246142733551,6.021493463334197e-06,1,Regular
Marvel,TERRAFORMER/SAM,37,0.00010989860198416516,5.29121057046788e-07,3,Regular
Marvel,"STANDISH, GEN.",19,7.102625798764139e-05,3.5991904065572544e-06,3,Regular
Marvel,ETERNAL BRAIN/PROFES,41,0.0001387076546764982,0.00012109963130642292,13,Regular
Marvel,YETI,65,0.00018742721773422685,0.00041301042552305576,13,Regular
Marvel,PIXIE/ [ETERNAL],100,0.00029605953713684275,0.0007321106591600936,13,Regular
Marvel,GADFLY/RUTH MACRAE,34,0.00011511704148808833,0.00010880474945965141,13,Regular
Marvel,CAPTAIN HIP/FRED MAC,51,0.00016829469720270823,4.351724038844861e-05,13,Regular
Marvel,WALKABOUT,34,0.00011511704148808833,0.00010880474945965141,13,Regular
Marvel,RAPUNZEL,40,0.00012322604652569103,0.00026191940029998776,13,Regular
Marvel,SUNSHINE/AUTUMN MACR,41,0.0001401083944293001,3.0789386912572e-05,13,Regular
Marvel,OXBOW/,64,0.0002045951463270816,0.0001380304647846651,13,Regular
Marvel,EFFIGY/LT. VELMAX/JA,78,0.0002448371926614893,0.0006148526033685206,13,Regular
Marvel,"LOCKE, DR. CASSANDRA",70,0.00022337907259333697,0.00025223479731090745,13,Regular
Marvel,MORPH,13,5.796869855257768e-05,0.0,13,Regular
Marvel,RECOIL/,5,6.304122196195704e-05,0.0,1,Regular
Marvel,"MODINE, REP. BERNARD",5,6.304122196195704e-05,0.0,1,Regular
Marvel,BLACK FOX/ROBERT W. ,80,0.0002535825713846101,0.0006291914604691815,13,Regular
Marvel,MR. JUSTICE/TIMOTHY ,73,0.0002297139358192991,0.0003487346694904132,13,Regular
Marvel,NOCTURNE/,46,0.00015199695614834152,0.00014179292422580067,13,Regular
Marvel,NIGHTINGALE/,57,0.00018928583261514954,0.00022143309094157655,13,Regular
Marvel,FLATIRON/RUSSELL,44,0.00014449427950765316,1.8500753522970524e-05,13,Regular
Marvel,MAKO,35,0.00011665664456435431,5.360991609907217e-06,13,Regular
Marvel,FIREFALL II,37,0.0001278544768605449,0.00010395125723404958,13,Regular
Marvel,SQUIRE/,25,8.842531469924276e-05,0.0,13,Regular
Marvel,RIOT-ACT/,25,8.842531469924276e-05,0.0,13,Regular
Marvel,TEMPLAR/IAN FITZWILL,35,0.00011573675347912476,2.779408571963463e-06,13,Regular
Marvel,DEAD RINGER/LOU,13,5.094068503467103e-05,0.0,11,Regular
Marvel,AMERICOP/,7,4.308700408135223e-05,0.0,11,Regular
Marvel,GOLDDIGGER,75,0.00019183341973942478,4.636462688464829e-06,11,Regular
Marvel,"SANADA, KONO",7,4.308700408135223e-05,0.0,11,Regular
Marvel,"HOPKINS, STEVE",79,0.0002128868422282635,2.2981203741426822e-05,1,Regular
Marvel,"WINTHROP, DESIREE",48,0.00015337597228223614,1.7167050787302088e-05,1,Regular
Marvel,"KOWALSKI, TRISH",10,4.963054707699541e-05,0.0,1,Regular
Marvel,"HARDY, LYDIA",23,7.783118935895597e-05,2.3948654085640388e-08,1,Regular
Marvel,ARMADA II/,14,6.045340691555944e-05,0.0,1,Regular
Marvel,"KOPPISCH, DR. ERIC",17,6.842434757409129e-05,0.0,5,Regular
Marvel,"ISHIMA, DAVID",53,0.00013793544816144643,6.504259100819982e-06,5,Regular
Marvel,"CENTURY, TURNER D.",41,0.00012051265330974235,5.993984156621327e-06,11,Regular
Marvel,TRION,23,7.177225259671814e-05,8.23630960617262e-09,5,Regular
Marvel,EJULP,23,7.177225259671814e-05,8.23630960617262e-09,5,Regular
Marvel,KRAGG,2,2.8097296036901243e-05,0.0,13,Regular
Marvel,"MORRELL, SABRINA",64,0.00016020938697118965,9.921591028460136e-06,5,Regular
Marvel,MADMAN/PHIL STERNS,14,5.647717029109336e-05,9.434172185753655e-08,2,Regular
Marvel,SIN-EATER/STAN CARTE,26,8.66363157641844e-05,1.5772089520897605e-07,1,Regular
Marvel,"TOLLIVER, REV. JACKS",16,6.262323604016228e-05,0.0,1,Regular
Marvel,"SANDHURST, VINCENT",11,5.18590312826947e-05,1.0255178548513326e-06,0,Regular
Marvel,"EDGERTON, MR.",51,0.00013259883817481332,0.0,5,Regular
Marvel,HOUND,54,0.00013885737637679482,7.525309811043759e-08,5,Regular
Marvel,MINOTAUR II,3,3.0145353003166205e-05,0.0,0,Regular
Marvel,TRAPSTER II/LARRY CU,2,2.802425225972974e-05,0.0,0,Regular
Marvel,"DULTRY, MARGARET",2,2.7307651574166395e-05,0.0,13,Regular
Marvel,HALF-FACE,3,3.0245704500347537e-05,0.0,0,Regular
Marvel,DOMINO,6,5.064088394660909e-05,3.4096991886592103e-06,2,Regular
Marvel,CRUSHER/EL PROFESSOR,6,3.7859776839188684e-05,0.0,0,Regular
Marvel,"JACOBS, BEN",22,0.00010080021607861977,6.36020381227371e-07,10,Regular
Marvel,"HU, DR.",17,9.475380337796357e-05,0.0,10,Regular
Marvel,"BURR, CLAYTON",20,0.00010266429574052452,4.6394392388578783e-07,10,Regular
Marvel,"CROSS, STANLEY",22,0.00010840060955353482,5.660656214080262e-07,10,Regular
Marvel,MAINFRAME/IAN WAJLER,18,8.920314961042314e-05,3.658706445630882e-07,10,Regular
Marvel,FIRE EATER/TOMAS,29,9.409603167153568e-05,3.032542039491506e-06,2,Regular
Marvel,CAPTAIN AMERICA IV/S,42,0.00012400234422733068,1.662262388018516e-05,2,Regular
Marvel,SERAPH,13,5.171078716244018e-05,0.0,5,Regular
Marvel,RASCAL/,2,2.8020183676494166e-05,0.0,0,Regular
Marvel,MCLEISH,2,4.505911672679269e-05,0.0,5,Regular
Marvel,AI-CHIA,2,4.505911672679269e-05,0.0,5,Regular
Marvel,ASMODEUS,13,5.377689576116034e-05,5.867829827370587e-08,2,Regular
Marvel,ANAIS,8,4.0880460840789305e-05,0.0,5,Regular
Marvel,KURRGO,6,3.656592639042788e-05,0.0,13,Regular
Marvel,HYPERION II,84,0.00020874179481663585,3.482639963074761e-05,0,Regular
Marvel,DR. SPECTRUM II/DR. ,39,0.00010926514960040747,1.4270263034587866e-06,0,Regular
Marvel,"ITOBU, DR. JOSHUA",7,4.674721352797796e-05,0.0,1,Regular
Marvel,M'KAMBA,7,4.674721352797796e-05,0.0,1,Regular
Marvel,W'KABI,60,0.0001813408997062111,4.87410407337534e-05,1,Regular
Marvel,N'GASSI,7,4.674721352797796e-05,0.0,1,Regular
Marvel,CH'VAYRE,15,6.040008627926582e-05,1.3014305122026168e-07,5,Regular
Marvel,HARBINGER,21,7.348665103053454e-05,4.639918393532666e-06,5,Regular
Marvel,AGENT 18/JACK TRUMAN,15,6.928583209192958e-05,2.4262546619663563e-06,5,Regular
Marvel,"RODRIGUEZ, DEBRA",12,6.021468974878898e-05,3.427595719966302e-07,5,Regular
Marvel,"PILLMAN, JIM",2,2.7447846022580795e-05,0.0,5,Regular
Marvel,SIR,20,8.205356842142547e-05,4.415114483734195e-06,1,Regular
Marvel,"GARRISON, DR.",11,5.5128912028279414e-05,0.0,1,Regular
Marvel,MR. FEAR V/,5,3.5742556963005e-05,0.0,1,Regular
Marvel,"JONES, ARMAND",9,4.499302497527131e-05,0.0,1,Regular
Marvel,LLOIGOROTH,15,5.6630141892580454e-05,0.0,0,Regular
Marvel,GRIM REAPER/ERIC WIL,108,0.00026648209842560037,5.053332263206315e-05,0,Regular
Marvel,AMENHOTEP,15,5.6630141892580454e-05,0.0,0,Regular
Marvel,INFERNO II/JOSEPH CO,26,8.024928565703729e-05,2.9352506387312e-06,0,Regular
Marvel,NECRODAMUS,38,0.00010671474789023273,8.216725155433548e-06,0,Regular
Marvel,CASSANDRA,17,6.022603102553808e-05,0.0,0,Regular
Marvel,COAL TIGER/T'CHALLA ,17,6.022603102553808e-05,0.0,0,Regular
Marvel,SLOTH,17,6.022603102553808e-05,0.0,0,Regular
Marvel,"MADISON, TAYLOR",26,7.877031005172326e-05,2.5760261517367504e-07,0,Regular
Marvel,GALEN,21,6.486462787257324e-05,0.0,0,Regular
Marvel,WALDO,84,0.00019482598522510715,6.8673845305894325e-06,5,Regular
Marvel,"MORGAN, DR. VIVIAN",26,8.137490049470172e-05,1.2950530932316035e-06,13,Regular
Marvel,BLOOD WRAITH/SEAN DO,59,0.00015338705060106267,1.6520599479046327e-05,13,Regular
Marvel,LLYRON,69,0.00018586349793262466,2.648204620198374e-05,13,Regular
Marvel,"CROSS, GENEVIEVE",14,5.520070205296673e-05,3.3628921431761063e-07,13,Regular
Marvel,ALBERT,56,0.00016011584831769724,0.00018082718094592745,5,Regular
Marvel,ELSIE DEE,56,0.00016011584831769724,0.00018082718094592745,5,Regular
Marvel,"TABESHAW, HARRY",13,5.276437655331709e-05,9.852294402320413e-09,5,Regular
Marvel,HUNTER IN DARKNESS,28,9.057436624394308e-05,5.008645694274694e-06,5,Regular
Marvel,VANESSA,3,3.081307591304915e-05,0.0,5,Regular
Marvel,AGGAMON,2,2.819798343179034e-05,0.0,2,Regular
Marvel,GIGANTO,16,6.0306790098624006e-05,1.1810614870090827e-06,13,Regular
Marvel,STRANGE,8,6.695330402950534e-05,0.00011262589476834484,2,Regular
Marvel,"STEVENS, DR. VINCENT",5,5.814325111028092e-05,4.3792001253821195e-05,2,Regular
Marvel,KARNIVOR,14,5.458778884264379e-05,0.0,7,Regular
Marvel,"BLAKE, DR. DONALD",21,6.825535580412401e-05,1.4180776539323292e-07,7,Regular
Marvel,PROSH,39,0.00010874049133049082,6.537529889094407e-07,5,Regular
Marvel,SAURON/DR. KARL LYKO,156,0.00038797653332590406,0.00017151463034543478,5,Regular
Marvel,"KLOSS, BERNARD",16,5.8928817463239016e-05,4.268763404016131e-09,5,Regular
Marvel,SEESHA,23,7.446965616348446e-05,4.939931118495903e-07,5,Regular
Marvel,"SNOW, TANDY",27,8.370191117313883e-05,2.512204731238569e-06,5,Regular
Marvel,"EL GIBAR, ACHMED",18,6.336977613257877e-05,1.294446534330172e-07,5,Regular
Marvel,"DELANY, CAPT.",20,6.560283816262336e-05,1.0089479267561459e-07,5,Regular
Marvel,TYGERSTRYKE/,23,7.715771992587676e-05,8.683322430572567e-09,5,Regular
Marvel,PICO,23,7.715771992587676e-05,8.683322430572567e-09,5,Regular
Marvel,TOLLIVER,54,0.00015318987622101664,5.818050373312649e-06,5,Regular
Marvel,WENDIGO III/FRANCOIS,36,0.00011533380496920104,1.6740114606216355e-05,5,Regular
Marvel,THORNN II/LUCIA CALL,34,9.986881508886183e-05,7.569242974836244e-07,5,Regular
Marvel,NICODEMUS II,32,9.999340844096106e-05,1.3144964196877773e-06,5,Regular
Marvel,BURKE,32,9.999340844096106e-05,1.3144964196877773e-06,5,Regular
Marvel,CARDIAC/DR. ELI WIRT,71,0.0002077573904034906,0.000310859175904395,1,Regular
Marvel,"MUMM, MAX",5,3.7002970866513014e-05,0.0,10,Regular
Marvel,"FURMAN, RICHARD",12,6.377299150828227e-05,0.0,2,Regular
Marvel,"TAKIMOTO, RON",13,6.696532468717896e-05,2.269916381014451e-07,2,Regular
Marvel,"HOBBS, DET.",12,6.377299150828227e-05,0.0,2,Regular
Marvel,SATHAN,12,6.377299150828227e-05,0.0,2,Regular
Marvel,MARVEL BOY III/ROBER,18,6.713022544206591e-05,1.7181086927878974e-06,0,Regular
Marvel,HUMAN ROBOT,11,5.139629425556286e-05,0.0,0,Regular
Marvel,GORILLA-MAN,11,5.139629425556286e-05,0.0,0,Regular
Marvel,3-D MAN/CHARLES CHAN,122,0.00028394623774399645,2.3928178319011716e-05,2,Regular
Marvel,VENUS II,11,5.139629425556286e-05,0.0,0,Regular
Marvel,TEMPUS,37,0.00011033144114485082,2.9228089557244615e-05,13,Regular
Marvel,ALIOTH,7,4.146542330156192e-05,0.0,13,Regular
Marvel,REVELATION,7,4.146542330156192e-05,0.0,13,Regular
Marvel,"LUCIFER, REV.",4,4.650275621634995e-05,0.0,1,Regular
Marvel,LUCIFER II,3,4.0919150797254965e-05,0.0,1,Regular
Marvel,"DOLAN, STACY",48,0.0002167975279055185,9.244586002482818e-05,2,Regular
Marvel,"KETCH, BARBARA",17,8.327554525360688e-05,2.1657623103695074e-07,2,Regular
Marvel,"DOLAN, CAPT. THOMAS",24,0.0001222026114392973,5.965248691460885e-06,2,Regular
Marvel,"KALE, NAOMI",9,5.651914321741205e-05,0.0,2,Regular
Marvel,"KETCH, DORIS AUDRA",40,0.00018959076716489265,5.31889777320267e-05,2,Regular
Marvel,MONGU,10,4.720695930241766e-05,1.7497067165528055e-07,2,Regular
Marvel,PRETTY BOY,65,0.00016147186763095485,1.4214844052617443e-06,5,Regular
Marvel,"DA COSTA, EMMANUEL",49,0.00012853315930729507,8.242202920637497e-06,5,Regular
Marvel,DEMON BEAR,38,0.00010969174325401064,2.4115364051070304e-05,5,Regular
Marvel,"CRAIG, REV.",44,0.0001201414479699153,3.029972920596365e-06,5,Regular
Marvel,AXE/,41,0.00011188599191050869,2.3380432501726108e-06,5,Regular
Marvel,"ROBERTSON, PROF. BOB",6,4.367520794513898e-05,3.265560621498581e-07,8,Regular
Marvel,SPRAGG,48,0.0001502881440401013,6.32443523414419e-05,0,Regular
Marvel,SCANNER II/RHANLA,24,0.00015496458418236592,1.0567183651339472e-05,3,Regular
Marvel,STARSHINE III/ANARRA,24,0.00015496458418236592,1.0567183651339472e-05,3,Regular
Marvel,LORD GASPAR,24,0.00015496458418236592,1.0567183651339472e-05,3,Regular
Marvel,"KEL, JANOTH",19,0.00012775513563824736,0.0,3,Regular
Marvel,YOVA,19,0.00012775513563824736,0.0,3,Regular
Marvel,PULSAR II/LAN,21,0.00014042364395549687,1.1792897845201706e-06,3,Regular
Marvel,HAMMERHAND II/BRON,24,0.0001549645841823659,1.0567183651339472e-05,3,Regular
Marvel,JAVELIN II/DARIN JR.,24,0.0001549645841823659,1.0567183651339472e-05,3,Regular
Marvel,XYOSS,19,0.00012775513563824734,0.0,3,Regular
Marvel,BIANDU,19,0.00012775513563824734,0.0,3,Regular
Marvel,LIBERATOR/PRINCE TRI,24,0.0001549645841823659,1.0567183651339472e-05,3,Regular
Marvel,"THAN, VELENA",19,0.00012775513563824734,0.0,3,Regular
Marvel,DARK MASTER,19,0.00012775513563824734,0.0,3,Regular
Marvel,VANIUM,20,0.00013403321401162264,1.03777501037775e-06,3,Regular
Marvel,TALO,19,0.00012775513563824734,0.0,3,Regular
Marvel,LORD BALDAR,22,0.0001423175896218538,8.592481576326106e-07,3,Regular
Marvel,SENTRY IV/VAL,24,0.0001549645841823659,1.0567183651339472e-05,3,Regular
Marvel,TERMINATOR II/PRINCE,24,0.0001549645841823659,1.0567183651339472e-05,3,Regular
Marvel,FIREFALL IV/TARN,24,0.0001549645841823659,1.0567183651339472e-05,3,Regular
Marvel,LIGHTNINGBOLT II/RAN,11,8.180284048386991e-05,0.0,3,Regular
Marvel,XELOCKS [TRIONIAN],12,8.755769221082424e-05,0.0,3,Regular
Marvel,PRESIDENT ITOES [TRI,13,9.001985368759468e-05,0.0,3,Regular
Marvel,PIERSO [TRIONIAN],13,9.001985368759468e-05,0.0,3,Regular
Marvel,DADDY LONGLEGS/RAMSE,37,0.00010531038790099453,2.8283108246477138e-06,0,Regular
Marvel,BROOP,16,5.883137804663973e-05,1.537400323635072e-07,7,Regular
Marvel,BROTHER TODE,34,9.895544958269607e-05,2.5140121453087625e-06,7,Regular
Marvel,VIRA,19,6.554264223205092e-05,2.455244718217514e-07,7,Regular
Marvel,RAGAR,19,6.554264223205092e-05,2.455244718217514e-07,7,Regular
Marvel,MADAME SLAY,4,3.227558055442167e-05,0.0,0,Regular
Marvel,EPHESUS,8,6.113221605598278e-05,9.513815092310822e-07,1,Regular
Marvel,SOTEIRA,8,6.681789830386531e-05,2.1778964745175567e-06,1,Regular
Marvel,WOLVERINE SKRULL,104,0.0003223184272429982,0.0002523562587571466,5,Regular
Marvel,REVELATION II/,9,6.940715729648802e-05,3.340695135575751e-06,1,Regular
Marvel,ARCTURUS,8,6.113221605598278e-05,9.513815092310822e-07,1,Regular
Marvel,"BLAIR, CALEY",8,7.709084800313848e-05,0.0,1,Regular
Marvel,"MELLACE, LUCY SANTIN",21,0.00017140486310471902,3.0096494820771598e-05,1,Regular
Marvel,"WESSEL, HARRY",6,6.254531396302571e-05,0.0,1,Regular
Marvel,"STANLEY, TOM",6,6.254531396302571e-05,0.0,1,Regular
Marvel,"GEESEY, KARL",6,6.254531396302571e-05,0.0,1,Regular
Marvel,IT,21,0.00011695788401238375,2.675759660637396e-05,0,Regular
Marvel,"CUMMINGS, DIANE",21,0.00011695788401238375,2.675759660637396e-05,0,Regular
Marvel,"MARSHALL, GRANT",10,7.50687813011898e-05,6.3589300789186024e-06,0,Regular
Marvel,"DELAZNY, DORIAN",10,7.50687813011898e-05,6.3589300789186024e-06,0,Regular
Marvel,"O'BRYAN, BOB",21,0.00011695788401238372,2.675759660637396e-05,0,Regular
Marvel,DR. VAULT,10,7.506878130118978e-05,6.3589300789186024e-06,0,Regular
Marvel,"RHODES, MRS.",15,8.387322938514325e-05,5.699578805934731e-06,0,Regular
Marvel,"CROSS-WALLACE, SIR G",5,8.528206750410273e-05,0.0,2,Regular
Marvel,WOODGOD,65,0.00023481074105708466,0.0008089086288215058,7,Regular
Marvel,"OZ, DR. MALACHI",5,8.767408514854884e-05,0.0,7,Regular
Marvel,MINOTAURUS,5,8.767408514854884e-05,0.0,7,Regular
Marvel,DOVINIA,5,8.767408514854884e-05,0.0,7,Regular
Marvel,PINTA,5,8.767408514854884e-05,0.0,7,Regular
Marvel,LEONINUS,5,8.767408514854884e-05,0.0,7,Regular
Marvel,"KING, HANNIBAL/HENRY",61,0.00029437109165027475,0.0006594324197394703,2,Regular
Marvel,DOOMSDAY MAN,33,9.386181607402876e-05,1.5433520648652953e-06,0,Regular
Marvel,DESTRUCTOR/PROFESSOR,29,8.596756462071233e-05,5.7372976846375e-07,0,Regular
Marvel,KASTYX,4,5.2181660758331114e-05,9.973231365325572e-08,8,Regular
Marvel,BLUDGEON/,27,9.932235342556425e-05,4.033246344345618e-06,5,Regular
Marvel,FIST/,12,5.454166266941331e-05,9.156838326862501e-08,5,Regular
Marvel,KATANA/,12,5.454166266941331e-05,9.156838326862501e-08,5,Regular
Marvel,COTTONMOUTH,3,3.1268419543757875e-05,0.0,2,Regular
Marvel,"ANDERSON, MARJORIE",15,6.736226712710086e-05,0.0,0,Regular
Marvel,"ANDERSON, CHET",15,6.736226712710086e-05,0.0,0,Regular
Marvel,"GAMELIN, JOHN T J.T.",26,9.574764714200749e-05,8.5290284873616e-06,0,Regular
Marvel,"ANDERSON, NICKY",15,6.736226712710086e-05,0.0,0,Regular
Marvel,"KREIGER, SIMON",20,8.209646030602982e-05,7.085945611488497e-06,0,Regular
Marvel,"JONES, HUGH",69,0.00019332419407776835,3.2904765901626126e-05,0,Regular
Marvel,"NIVENA, JOANNA",15,6.736226712710086e-05,0.0,0,Regular
Marvel,SABOTEUR/,15,6.736226712710086e-05,0.0,0,Regular
Marvel,"HARRISON, COL. EDWAR",9,4.646981114242301e-05,0.0,0,Regular
Marvel,BASILISK II,9,4.43923202909276e-05,0.0,5,Regular
Marvel,GRIFFIN III,9,4.43923202909276e-05,0.0,5,Regular
Marvel,"CLARIS, SVEN",6,3.779543007458938e-05,0.0,5,Regular
Marvel,VAMP,62,0.00016351601007462294,8.57815828321878e-06,11,Regular
Marvel,VEDA,15,5.947796984984224e-05,2.3349812298943513e-07,2,Regular
Marvel,"DEKKER, GENERAL LYLE",12,5.132464080439461e-05,0.0,2,Regular
Marvel,"MARTIN, ASHLEY",48,0.00013051339795647738,1.5132665246339818e-05,5,Regular
Marvel,KRUEGER,31,9.267691231832739e-05,2.0582068552772708e-06,5,Regular
Marvel,ARNSTROM,21,7.011173574020984e-05,4.442797826543857e-07,5,Regular
Marvel,AVIA,52,0.00014658204545067965,1.7443192525240175e-05,5,Regular
Marvel,MR. LUCK II/PHILIP G,18,6.70642827388243e-05,6.290018420124485e-06,2,Regular
Marvel,NHU'ABDAR,15,5.741647671678039e-05,1.254165326394467e-07,5,Regular
Marvel,DELUGE,19,6.499785440701516e-05,3.188343075780076e-07,5,Regular
Marvel,M'KUMBA,15,5.6166614598224524e-05,0.0,5,Regular
Marvel,LINAK,13,5.327159422513867e-05,0.0,5,Regular
Marvel,SAKAA,13,5.327159422513867e-05,0.0,5,Regular
Marvel,AGED GENGHIS,25,9.747954743246856e-05,4.359994559263234e-06,2,Regular
Marvel,RAMA KALIPH,14,6.145291119339864e-05,5.1716362643409475e-09,2,Regular
Marvel,NAMORA/AQUARIA NAUTI,38,0.00012585334960330775,0.00019298713351853262,13,Regular
Marvel,RINGER/ANTHONY TONY ,50,0.00013486270547876573,5.924597703890208e-06,11,Regular
Marvel,TOY,29,9.419480431393032e-05,4.361861031015765e-06,1,Regular
Marvel,"BALE, EMERSON",41,0.00011740039532274777,8.54221192992448e-06,0,Regular
Marvel,ENFORCER/DELAZNY,49,0.00015215758388665985,2.7295097225760343e-05,0,Regular
Marvel,"COWEN, ELAINE",12,5.809018114641341e-05,3.915675626034865e-07,0,Regular
Marvel,BUTTONS,10,5.248691927121595e-05,1.1446047908578127e-08,0,Regular
Marvel,"BLANDING, HALEY",4,4.8510841996793396e-05,0.0,5,Regular
Marvel,"BLANDING, ANDREW",4,4.8510841996793396e-05,0.0,5,Regular
Marvel,"BLANDING, MRS.",4,4.8510841996793396e-05,0.0,5,Regular
Marvel,"MENGOCHAUZERAUS, GRI",24,9.641656584577661e-05,5.17266994231988e-05,5,Regular
Marvel,"MENGOCHAUZERAUS, STA",24,9.641656584577661e-05,5.17266994231988e-05,5,Regular
Marvel,"STEPHANAPOULUS, COSM",19,7.46181013010581e-05,7.940714712378532e-07,5,Regular
Marvel,FIREBALLS/JACK FARLE,35,0.00011867543271896445,6.40031227088276e-06,5,Regular
Marvel,"ELLENTHORPE, MARIAH",19,7.46181013010581e-05,7.940714712378532e-07,5,Regular
Marvel,TANTE MATTIE,46,0.0001555537896628429,0.00017127344056000633,5,Regular
Marvel,"CONOWAY, SEKMEHT",26,0.00010100326925742236,0.0001512335961582961,5,Regular
Marvel,"ANUBAR, ANWAR",20,7.931042518335982e-05,2.0767472331459735e-06,5,Regular
Marvel,"LEBEAU, JEAN-LUC",52,0.00018197708479812552,0.0003820512829530936,5,Regular
Marvel,BRES,25,8.375885074812987e-05,1.561006230936992e-05,2,Regular
Marvel,"MASON, WANDA",27,9.537818181093311e-05,1.5171579840953246e-05,13,Regular
Marvel,ISBISA/DR. SANDERSON,23,7.617436617666186e-05,4.048117260141718e-07,13,Regular
Marvel,"VINYL, MILO",4,3.733728576788304e-05,0.0,8,Regular
Marvel,SCALEFACE/,10,5.522147914417388e-05,0.0,13,Regular
Marvel,BLACK TALON II/SAMUE,38,0.00012206192073253565,6.379332196697015e-05,0,Regular
Marvel,GARTH,12,6.248072254421708e-05,6.980549397159754e-09,13,Regular
Marvel,KEEPER OF THE COMICS,9,5.169803622226124e-05,0.0,13,Regular
Marvel,"RIDGE, CHRISTINA DEV",9,4.8387054909792624e-05,0.0,13,Regular
Marvel,VENUS/APHRODITE/VICT,62,0.0001949269538755087,0.00018910351680293184,7,Regular
Marvel,EROS,24,8.511799227253755e-05,1.3419899134153523e-05,0,Regular
Marvel,"SMYTHE, SPENCER",28,9.335016766017924e-05,1.1459026647434582e-07,1,Regular
Marvel,"CLAYTON, KATRINKA JA",9,4.709531022127227e-05,3.7447801800580004e-08,1,Regular
Marvel,"ARCHER, ULYSSES SAMS",16,7.86626046051619e-05,2.829749347865245e-06,13,Regular
Marvel,"MANH, COY TRANH",19,6.478400745483704e-05,7.374098307590634e-08,5,Regular
Marvel,"BUKOWSKI, BUCK",12,5.44504963697516e-05,6.1617965096218644e-06,1,Regular
Marvel,THERMO/DR. WALTER MI,9,4.394801795844199e-05,0.0,1,Regular
Marvel,HEMINGWAY,48,0.00013943209015269885,1.3915946615700932e-05,5,Regular
Marvel,FEVER PITCH/,23,8.485595264463161e-05,4.9520827172643934e-08,5,Regular
Marvel,VESSEL,47,0.0001376468264055534,1.0392021499488533e-05,5,Regular
Marvel,MEMBRAIN/,23,8.485595264463161e-05,4.9520827172643934e-08,5,Regular
Marvel,GAIA,58,0.00018022940270735085,1.403043593530944e-05,5,Regular
Marvel,WRAP,19,6.670486313456244e-05,0.0,5,Regular
Marvel,SORROW/,8,5.5799437604229965e-05,0.0,2,Regular
Marvel,ADVERSARY,50,0.0001274491899872142,2.1828353427979992e-07,5,Regular
Marvel,CROSSBOW,7,4.125625823219637e-05,0.0,1,Regular
Marvel,ICONOCLAST,7,3.930669227709949e-05,0.0,13,Regular
Marvel,"CHAPMAN, DEVIN",15,5.8285840739120184e-05,0.0,13,Regular
Marvel,"AGUIRRE, ISOBEL",21,7.496206084463768e-05,0.0,13,Regular
Marvel,"CLAY, GORDON",21,7.496206084463768e-05,0.0,13,Regular
Marvel,"POLOMBO, CATHY",15,5.828584073912018e-05,0.0,13,Regular
Marvel,EXALT,12,5.8986474656169696e-05,0.0,13,Regular
Marvel,"STARR, AARON",12,5.8986474656169696e-05,0.0,13,Regular
Marvel,"LEVESSEUR, LARENT",12,5.8986474656169696e-05,0.0,13,Regular
Marvel,"DUBOIS, HERVE",12,5.8986474656169696e-05,0.0,13,Regular
Marvel,RINGTOSS,68,0.00017093962836991572,3.659537069151314e-05,5,Regular
Marvel,YAP,64,0.00016076803723997016,1.1611185836062094e-05,5,Regular
Marvel,BODYBAG,68,0.00017093962836991572,3.659537069151314e-05,5,Regular
Marvel,THUG,68,0.00017093962836991572,3.659537069151314e-05,5,Regular
Marvel,GATECRASHER,64,0.00016076803723997018,1.1611185836062094e-05,5,Regular
Marvel,CHINA DOLL,68,0.00017093962836991572,3.659537069151314e-05,5,Regular
Marvel,WAXWORK,68,0.00017093962836991572,3.659537069151314e-05,5,Regular
Marvel,HARD BOILED HENWY,45,0.00012154044997827096,9.045693493166629e-06,5,Regular
Marvel,NUMBERS,64,0.00016255307116248545,3.331581292494373e-05,5,Regular
Marvel,SCATTERBRAIN,68,0.00017093962836991572,3.659537069151314e-05,5,Regular
Marvel,JOYBOY,71,0.00018009767920802489,2.8812494213710654e-05,5,Regular
Marvel,FERRO2,68,0.00017093962836991572,3.659537069151314e-05,5,Regular
Marvel,"CHUNG, LAO WEI",23,7.33971513519714e-05,0.0,5,Regular
Marvel,"GRAY, SGT.",14,5.7627662111923986e-05,0.0,13,Regular
Marvel,"REISZ, RAY",14,5.7627662111923986e-05,0.0,13,Regular
Marvel,GULADKIN,14,5.552012951031601e-05,0.0,13,Regular
Marvel,"CONAN, NEAL",39,0.0001077943222054005,3.4114307534886183e-06,5,Regular
Marvel,UTGARD-LOKI,24,7.239008140880136e-05,0.0,7,Regular
Marvel,STRIKER,4,4.886452875932185e-05,0.0,0,Regular
Marvel,SLAUGHTER,4,4.886452875932185e-05,0.0,0,Regular
Marvel,SUNDANCE,4,4.886452875932185e-05,0.0,0,Regular
Marvel,"CHESNEY, SANFORD",26,7.840956719337074e-05,0.0,0,Regular
Marvel,ULTIMATOR/,26,7.840956719337074e-05,0.0,0,Regular
Marvel,TOPSPIN/DARREN MITCH,46,0.00012733951622450284,2.522704457826364e-06,11,Regular
Marvel,"FONTREAUX, GUY",13,5.2939004393366505e-05,0.0,11,Regular
Marvel,"STERMAN, ANDREA ANDI",83,0.00022271054516314874,7.265786874626407e-05,11,Regular
Marvel,GOLDFIRE/AMEIKO SABU,46,0.00012733951622450284,2.522704457826364e-06,11,Regular
Marvel,"MARTINEZ, LINETTE",20,8.054343721911041e-05,5.735310329745621e-07,1,Regular
Marvel,THOUSAND,5,3.99321508228492e-05,0.0,1,Regular
Marvel,"PATTON, JESS",5,3.99321508228492e-05,0.0,1,Regular
Marvel,SHALLA BAL,3,3.0483583889966494e-05,1.2354464409258929e-08,8,Regular
Marvel,THANE ECTOR,36,9.881226732170084e-05,7.609660156511225e-08,13,Regular
Marvel,NAKKA,22,6.952478891854031e-05,4.632924153472099e-09,13,Regular
Marvel,FOOL,36,9.881226732170084e-05,7.609660156511225e-08,13,Regular
Marvel,SYBYL DORN,36,9.881226732170084e-05,7.609660156511225e-08,13,Regular
Marvel,OLAR,20,6.507148456765172e-05,0.0,13,Regular
Marvel,NEZARR,110,0.0002599205254284135,5.676105103918877e-05,7,Regular
Marvel,ONEG,95,0.00022694069833152983,3.898880055337464e-05,7,Regular
Marvel,EQUILIBRIUS,32,8.981274676457174e-05,1.2199422299105474e-06,5,Regular
Marvel,SILVER FOX II/ZORA D,20,7.456892024682794e-05,9.18021817113047e-07,5,Regular
Marvel,"CASSADA, ROSA",52,0.00014542130601745868,6.035836591156058e-06,1,Regular
Marvel,"CASSADA, ROBERTO",41,0.00011764096697319636,2.5089060166623595e-06,1,Regular
Marvel,"CASSADA, MICHAEL",41,0.00011764096697319636,2.5089060166623595e-06,1,Regular
Marvel,"CASSADA, CARLOS",42,0.00012008467137345342,2.55048557268632e-06,1,Regular
Marvel,"LOBO, CARLOS",33,0.00010351029588578231,4.7277418090907045e-08,1,Regular
Marvel,ATOM SMASHER II/,9,4.565320568787133e-05,9.156838326862501e-08,0,Regular
Marvel,"GAUNT, OFFICER KIM",21,9.281518457734597e-05,3.67263766380316e-05,7,Regular
Marvel,"PRAZNIKI, SYLVIA",18,8.08614458056386e-05,2.018017698348417e-06,7,Regular
Marvel,"NICHOLS, LORNA",4,3.461576735056017e-05,0.0,7,Regular
Marvel,"TAKAHASHI, REI",10,5.339804951876308e-05,0.0,0,Regular
Marvel,UNICORN II/,7,3.925990073026564e-05,0.0,0,Regular
Marvel,NIMROD III,14,5.641589792382155e-05,1.617847948418653e-08,5,Regular
Marvel,"STRONG, MARTIN HENRY",14,6.121838539990566e-05,4.0194212694568195e-07,5,Regular
Marvel,"HIDALGO, DETECTIVE J",21,6.903253262862495e-05,2.0775180132975192e-07,5,Regular
Marvel,"GUTHRIE, JOSH",28,9.188774820430951e-05,1.214038178344182e-06,5,Regular
Marvel,GAR-TOOM,5,3.3428077018472145e-05,0.0,7,Regular
Marvel,"PETRIE, JUDGE RICHAR",10,4.4192238421936734e-05,0.0,5,Regular
Marvel,SENTINELS,128,0.0003069880251102348,7.891074180279835e-05,5,Regular
Marvel,"MULDOON, TEXAS JACK",11,5.079837446128041e-05,1.8971106387104233e-06,1,Regular
Marvel,EQUINOX/TERRY SORENS,13,5.3142479707854996e-05,2.9746976202117368e-08,1,Regular
Marvel,"BREWER, DR. MELINDA",4,3.502928428414981e-05,3.4592500345925003e-08,1,Regular
Marvel,TERROR II,30,0.0001322406224543102,0.00011515062986374998,1,Regular
Marvel,IKARYS,8,4.188891417268572e-05,0.0,13,Regular
Marvel,ARVAK,8,4.188891417268572e-05,0.0,13,Regular
Marvel,JASON II,33,9.20317150022603e-05,7.380670584007923e-07,0,Regular
Marvel,"P'KRRD, CAPTAIN",15,5.485702001029704e-05,0.0,13,Regular
Marvel,SHAKATI,33,9.20317150022603e-05,7.380670584007923e-07,0,Regular
Marvel,G'ANYM,33,9.20317150022603e-05,7.380670584007923e-07,0,Regular
Marvel,ASTRA,96,0.00022184370512397082,1.7668461792515222e-05,0,Regular
Marvel,DELPHOS,27,7.848758480770895e-05,0.0,0,Regular
Marvel,HOBGOBLIN,92,0.0002126762693855819,1.759258093357619e-05,0,Regular
Marvel,QUASAR II,79,0.0001860660259580168,9.406112970951075e-06,5,Regular
Marvel,FANG II,56,0.00013800675952185446,3.815779607954774e-06,0,Regular
Marvel,TITAN,111,0.0002533723038294358,2.43722355982551e-05,0,Regular
Marvel,ESON II,26,7.632134922423939e-05,0.0,0,Regular
Marvel,MENTOR II,83,0.0002040620698538476,5.146313538318605e-05,0,Regular
Marvel,"TRASK, RAYMOND",11,5.025212716051956e-05,1.1914672333820637e-07,1,Regular
Marvel,CHAMPION/TRYCO SLATT,59,0.0001499630430950352,1.303999109363682e-05,8,Regular
Marvel,ADORA,58,0.0001619126219583173,4.3344892111650175e-05,3,Regular
Marvel,STAR THIEF III/DITMI,32,9.804537066454748e-05,1.1519040958154654e-06,3,Regular
Marvel,NOVA 0:0,10,4.525417076005175e-05,0.0,3,Regular
Marvel,MAXOV,38,0.00011670214274314895,1.4400388326436509e-05,3,Regular
Marvel,DEADHEAD,26,8.419409252618414e-05,7.227368235266813e-07,3,Regular
Marvel,THERA,41,0.0001271927626421372,1.6926445001648273e-05,3,Regular
Marvel,SURESHOT,26,8.419409252618416e-05,7.227368235266813e-07,3,Regular
Marvel,PLANNER,36,0.00011052270561312636,1.1978485586471323e-05,3,Regular
Marvel,WARHEAD/GREGORY SLIV,31,9.900094951278664e-05,6.734395837721198e-06,3,Regular
Marvel,KID QUARRY,15,5.7943079036867035e-05,0.0,3,Regular
Marvel,ARMADA,9,4.506359694019724e-05,0.0,3,Regular
Marvel,DANTE,9,4.506359694019724e-05,0.0,3,Regular
Marvel,STRANGLER,20,7.283965990506887e-05,2.442716992065007e-06,3,Regular
Marvel,MURDER,20,7.283965990506887e-05,2.442716992065007e-06,3,Regular
Marvel,ADORA CLONE,15,5.976939351295654e-05,0.0,3,Regular
Marvel,"MARCEAUX, BELIZE",22,8.741512687756805e-05,4.127394220591677e-05,5,Regular
Marvel,"LEBEAU, JACQUE",38,0.00013461382493803805,4.929945227201036e-05,5,Regular
Marvel,EXALTED ONE,10,5.2439836108859743e-05,0.0,5,Regular
Marvel,GRIS-GRIS,43,0.00014451997381842433,6.319485313473344e-06,5,Regular
Marvel,"ISHIHARA, ZOE",32,0.00011058145319378234,1.6979906634596687e-06,5,Regular
Marvel,"POITIER, CLAUDE",32,0.00011058145319378234,1.6979906634596687e-06,5,Regular
Marvel,SINGER,36,0.0001221525285583288,4.438937219365194e-06,5,Regular
Marvel,"LEBEAU, MERCY",35,0.00011943051796851453,2.668746136197996e-06,5,Regular
Marvel,FIFOLET,36,0.0001221525285583288,4.438937219365194e-06,5,Regular
Marvel,"LAPIN, EMIL",35,0.00011943051796851453,2.668746136197996e-06,5,Regular
Marvel,QUESTA,35,0.00012008609465335627,2.1889115669368393e-06,5,Regular
Marvel,"ALOUETTE, GENARD",30,0.00010636784562269376,8.964849778907867e-07,5,Regular
Marvel,"MARCEAUX, THEOREN",33,0.00011264617073490074,1.7666348032639167e-06,5,Regular
Marvel,"RAYMOND, HENRY/ADAM ",11,5.857154139565349e-05,0.0,5,Regular
Marvel,TITHE COLLECTOR,11,5.857154139565349e-05,0.0,5,Regular
Marvel,"MUELLER, AMANDA",19,7.010864924841263e-05,1.0336694974434746e-06,5,Regular
Marvel,SANDY,6,3.903820842424539e-05,1.52613972114375e-08,2,Regular
Marvel,WOLFGANG,11,6.116831172283574e-05,0.0,0,Regular
Marvel,SKYE,14,7.089195277638074e-05,8.577837386039765e-07,0,Regular
Marvel,"PARK, ARCHIE",23,0.00011960313036132804,1.999822209477961e-05,0,Regular
Marvel,FROG MAN/FROG LE BLA,40,0.00011470056841341472,1.1183758223749772e-05,5,Regular
Marvel,ARSENAL,23,7.258597287013459e-05,9.60377168787089e-08,0,Regular
Marvel,"BEERE, JASON",16,5.837969618958025e-05,0.0,0,Regular
Marvel,"CICERO, CAESAR BIG C",64,0.00018645575746778462,3.9345518956283745e-05,1,Regular
Marvel,BIG BEN/,27,9.98181750894565e-05,2.8741262638344624e-06,2,Regular
Marvel,MR. DEATH,8,4.3946795868617336e-05,0.0,2,Regular
Marvel,SETH II,79,0.00019569523977391978,7.092955627707776e-05,7,Regular
Marvel,"CHAN, SARAH",9,4.5605934716723064e-05,0.0,1,Regular
Marvel,"ROSE, MICHKA",6,8.821078813007138e-05,0.0,11,Regular
Marvel,"POTTS, VIRGINIA PEPP",6,8.821078813007138e-05,0.0,11,Regular
Marvel,GUINNESS,6,8.821078813007138e-05,0.0,11,Regular
Marvel,PARSON/,6,8.821078813007138e-05,0.0,11,Regular
Marvel,CROSSBONES II/,6,8.821078813007138e-05,0.0,11,Regular
Marvel,OUTRIDER II/MARTIN Z,7,4.763519142125839e-05,0.0,1,Regular
Marvel,K'AD-MON,7,4.763519142125839e-05,0.0,1,Regular
Marvel,"MARLOWE, STEVE",9,6.675286511714806e-05,0.0,1,Regular
Marvel,"BARBAROSSA, MARIO",9,6.675286511714806e-05,0.0,1,Regular
Marvel,"SOMERS, KATHY",9,6.675286511714806e-05,0.0,1,Regular
Marvel,"MARLOWE, STEVE JR.",9,6.675286511714806e-05,0.0,1,Regular
Marvel,WILD ONE,11,5.1917870087751534e-05,5.312622894409123e-08,2,Regular
Marvel,PRIMUS,64,0.00017307859563757308,3.1628704633944545e-05,3,Regular
Marvel,BROTHER WONDERFUL/DR,14,5.695905760304408e-05,0.0,11,Regular
Marvel,SWARM/FRITZ VON MEYE,25,8.336502701282039e-05,9.297472596595162e-07,1,Regular
Marvel,MINDWORM/WILLIAM TUR,2,2.8404769141592174e-05,0.0,1,Regular
Marvel,CARRION,18,6.864583434312354e-05,3.277183731069735e-07,1,Regular
Marvel,"SPAULDING, JILL",7,4.131084679751253e-05,0.0,5,Regular
Marvel,OTOMO,7,4.131084679751253e-05,0.0,5,Regular
Marvel,NESTOR,37,0.00010023793552370097,3.1339795122645444e-07,5,Regular
Marvel,KATU,25,7.520086661226373e-05,0.0,5,Regular
Marvel,"ANON, LORD",27,7.926604503704078e-05,0.0,5,Regular
Marvel,"REANDEAU, DR.",10,5.039699826153727e-05,0.0,1,Regular
Marvel,MERLYN,38,0.0001031303868325106,0.0,5,Regular
Marvel,KYLUN/COLIN MCKAY,59,0.00015856103787051222,5.94863098345935e-05,5,Regular
Marvel,CAPTAIN U.K./LINDA M,39,0.00011403293797510481,3.834125937860131e-06,5,Regular
Marvel,FERON,41,0.00011524198137670522,4.2117891744329864e-05,5,Regular
Marvel,"ETZION, GENERAL",11,4.737197894919291e-05,0.0,5,Regular
Marvel,"TAL, GENERAL",11,4.737197894919291e-05,0.0,5,Regular
Marvel,"MANNING, JANICE",4,7.19013195557609e-05,0.0,10,Regular
Marvel,"DOOM, DR. BOB",3,3.3871956795832126e-05,0.0,13,Regular
Marvel,"WILCOX, DR. BRENT",15,9.386578920413002e-05,8.657762652064475e-06,13,Regular
Marvel,JACK SERIOUS/DR. JOH,5,6.415794541797201e-05,0.0,8,Regular
Marvel,NOSFERATA/PURPLE HAY,5,6.415794541797201e-05,0.0,8,Regular
Marvel,"LOOPNER, LEXINGTON",4,5.06252692293401e-05,0.0,8,Regular
Marvel,CRITIC,13,8.302461460769777e-05,1.1235989992246592e-06,13,Regular
Marvel,SPANKER/FRED HOVEL,10,7.43059717475245e-05,0.0,13,Regular
Marvel,BLACK HOLE/MORTON KI,10,7.43059717475245e-05,0.0,13,Regular
Marvel,DR. ANGST/FLOYD MANG,10,7.43059717475245e-05,0.0,13,Regular
Marvel,TILLIE THE HUN/MATIL,10,7.43059717475245e-05,0.0,13,Regular
Marvel,SITTING BULLSEYE/,10,7.43059717475245e-05,0.0,13,Regular
Marvel,"CARRERA, MIA",20,7.060881742196578e-05,7.993390871310237e-07,1,Regular
Marvel,"FATE, IAN",16,6.163885514831721e-05,2.900202384136121e-07,2,Regular
Marvel,SACK,29,8.661807664960949e-05,2.8557412529847598e-08,5,Regular
Marvel,REVERB,24,7.572092464415279e-05,0.0,5,Regular
Marvel,JAHF,46,0.00011847697170495514,2.6619849050551134e-07,5,Regular
Marvel,SANTA CLAUS/NICK ST.,13,6.987243614093826e-05,3.4704813658736446e-08,13,Regular
Marvel,STONECOLD/,15,6.158936860938341e-05,3.918885978501823e-08,5,Regular
Marvel,"BRICKMAN, GLORIA",16,6.152215794575047e-05,2.3748996030494975e-06,5,Regular
Marvel,"ATKINSON, MAJ. EDMON",17,6.747499035003219e-05,8.001724938048142e-06,5,Regular
Marvel,EVER,31,0.0001018583185454493,1.928768274691419e-05,5,Regular
Marvel,"CHASE, TREVOR",11,5.088348645494929e-05,0.0,5,Regular
Marvel,BROWSER,11,5.088348645494929e-05,0.0,5,Regular
Marvel,RETREAD,11,6.430258667052249e-05,0.0,13,Regular
Marvel,"ROYTON, RAYMOND",15,6.395641428552502e-05,0.0,1,Regular
Marvel,"HENSHAW, CURTIS",15,6.395641428552502e-05,0.0,1,Regular
Marvel,"GERARD, TERENCE",15,6.395641428552502e-05,0.0,1,Regular
Marvel,"GUNDERSON, COL. ROLA",15,6.395641428552502e-05,0.0,1,Regular
Marvel,"WEISENTHAL, DR. JONA",8,5.8357425777248484e-05,0.0,1,Regular
Marvel,"DRUMM, COLLETTE",8,5.8357425777248484e-05,0.0,1,Regular
Marvel,SHIVER MAN,13,5.5639222886970226e-05,3.587363862682937e-07,2,Regular
Marvel,"JACKSON, BRENT",24,7.97688113532852e-05,6.07853358243769e-08,2,Regular
Marvel,T,8,4.973667209344283e-05,0.0,5,Regular
Marvel,BLOK,8,4.973667209344283e-05,0.0,5,Regular
Marvel,MR. X,8,4.973667209344283e-05,0.0,5,Regular
Marvel,A,8,4.973667209344283e-05,0.0,5,Regular
Marvel,"BATTLE, MONTGOMERY",21,7.106943826946984e-05,0.0,2,Regular
Marvel,ARYAN,21,7.106943826946984e-05,0.0,2,Regular
Marvel,MO MONEY,21,7.106943826946984e-05,0.0,2,Regular
Marvel,MAUVIUS,9,4.486047182884373e-05,0.0,2,Regular
Marvel,AKULIA,5,8.528206750410273e-05,0.0,2,Regular
Marvel,"ELLINGTON, DR./TRAVI",1,2.582647776721925e-05,0.0,1,Regular
Marvel,"KANE, LARRY",4,3.1389697976582266e-05,0.0,2,Regular
Marvel,"ROSE, HENRIETTA",13,6.565580514165671e-05,2.630223440697832e-06,8,Regular
Marvel,"ROSE, JUSTICE",12,6.382700999515975e-05,5.556161581663324e-06,8,Regular
Marvel,OTHER II,8,5.027883852288168e-05,0.0,8,Regular
Marvel,DARK MOTHER/FINALITY,30,0.00013137225740639743,1.3476571183071252e-05,5,Regular
Marvel,"MOORE, CONNIE",15,7.960670353458665e-05,0.0,5,Regular
Marvel,CLARITY/,28,0.00012130810452444917,6.948251498925933e-07,5,Regular
Marvel,"SHERMAN, GEN.",16,7.346348607796375e-05,3.8429490766114656e-07,5,Regular
Marvel,"DEUTSCH, GEN.",17,7.564976670103283e-05,5.923656922159037e-07,5,Regular
Marvel,WENDY,14,6.695409621692319e-05,0.0,5,Regular
Marvel,"AUSTIN, GEN.",16,7.346348607796375e-05,3.8429490766114656e-07,5,Regular
Marvel,SPOOKY,14,6.695409621692319e-05,0.0,5,Regular
Marvel,CASPER,14,6.695409621692319e-05,0.0,5,Regular
Marvel,"ANDERSON, GINA",15,6.916581953832158e-05,1.409050530547527e-07,5,Regular
Marvel,BONITA,7,4.603494324422249e-05,0.0,5,Regular
Marvel,"BENEDICT, ANDREW",14,7.578999467414898e-05,0.0,5,Regular
Marvel,"REAVES, VERNON",14,7.578999467414898e-05,0.0,5,Regular
Marvel,"STROUGHTON, WILLIAM",14,7.578999467414898e-05,0.0,5,Regular
Marvel,"JONES, JOHN",14,7.578999467414898e-05,0.0,5,Regular
Marvel,"KNOBLACH, HANS",14,7.578999467414898e-05,0.0,5,Regular
Marvel,"KNOBLACH, GLORIA",14,7.578999467414898e-05,0.0,5,Regular
Marvel,"KNOBLACH, GERTRUDE H",14,7.578999467414898e-05,0.0,5,Regular
Marvel,SNAGG,28,9.309440370515229e-05,1.1427031312865982e-06,7,Regular
Marvel,WIZ KID/TAKESHI MATS,55,0.0001387332471971251,2.1547490548697933e-06,5,Regular
Marvel,CROTUS,26,7.860401836728279e-05,3.520837160984018e-07,5,Regular
Marvel,NIMROD,1,2.6243773989198412e-05,0.0,2,Regular
Marvel,FIREBRAND III/RICHAR,11,5.4362528898171914e-05,7.69778167038441e-08,0,Regular
Marvel,"FUJIKAWA, KENJIRO",8,4.5056895451105955e-05,0.0,0,Regular
Marvel,WRANGLER II/EMILY DO,8,4.1748231858356015e-05,0.0,5,Regular
Marvel,GRON,12,4.893661574103461e-05,0.0,0,Regular
Marvel,"JONES, MAGGIE",33,0.00010590651624243754,5.28398819907847e-06,3,Regular
Marvel,"SABUKI, DR. SAM",12,5.714913172316457e-05,0.0,2,Regular
Marvel,AGENT AXIS/,18,7.423800906950815e-05,5.526182916819474e-07,2,Regular
Marvel,BULLSEYE,3,3.070543683127623e-05,0.0,2,Regular
Marvel,SUPER-PATRIOT,5,3.516056176185502e-05,0.0,2,Regular
Marvel,HATE-MONGER II,6,3.762494893066127e-05,0.0,2,Regular
Marvel,SSSESTHUGAR,23,8.137971461560213e-05,1.0799274839624572e-06,2,Regular
Marvel,WEED,11,4.9533820795915686e-05,0.0,2,Regular
Marvel,"WALKER, TESS",16,6.389108947585018e-05,1.7128838683769284e-08,2,Regular
Marvel,"WALKER, SHERIFF CHAN",16,6.389108947585018e-05,1.7128838683769284e-08,2,Regular
Marvel,TULAK,13,5.3279238980717854e-05,6.372016544698585e-07,2,Regular
Marvel,SAMEDAR,32,8.737333674048304e-05,5.794640068000884e-07,5,Regular
Marvel,DISTORTER,2,2.809858270310408e-05,0.0,2,Regular
Marvel,FIREBOLT,1,2.5600601030979454e-05,0.0,2,Regular
Marvel,VINDIKTOR/,1,2.5481858208039226e-05,0.0,0,Regular
Marvel,NUNTOO,7,5.05123377697247e-05,0.0,13,Regular
Marvel,PAKAI,7,5.05123377697247e-05,0.0,13,Regular
Marvel,TAKAR,7,5.05123377697247e-05,0.0,13,Regular
Marvel,TAREE,7,5.05123377697247e-05,0.0,13,Regular
Marvel,NAILS/,5,6.304122196195704e-05,0.0,1,Regular
Marvel,BLACKWELL,5,6.304122196195704e-05,0.0,1,Regular
Marvel,"MANTLO, BILL",7,4.32868923901412e-05,0.0,2,Regular
Marvel,CHAUFFARD,10,6.735936782727495e-05,0.0,1,Regular
Marvel,TARANTULA II/CAPT. L,35,0.00013293139940870007,3.3037678346337566e-05,1,Regular
Marvel,"BENTLEY, MILES",11,7.365988343384034e-05,0.0,1,Regular
Marvel,"SINCLAIR, MORGAN",12,8.07019887464088e-05,9.902317723767851e-08,1,Regular
Marvel,SNAKEBITE/,12,8.07019887464088e-05,9.902317723767851e-08,1,Regular
Marvel,OUTLAW/NIGEL HIGGINS,11,7.365988343384034e-05,0.0,1,Regular
Marvel,RAPIDO,11,7.440194565179183e-05,9.902317723767851e-08,1,Regular
Marvel,"MARTIN, TERI",46,0.0001272337894080092,1.4756925811138325e-05,5,Regular
Marvel,"ROBINSON, LUCY",23,7.358450844308163e-05,2.772070224154156e-07,5,Regular
Marvel,"CARTER, TAD",22,7.3732168600893e-05,8.743570273512302e-07,5,Regular
Marvel,"MESSENGER, TOBIAS",19,6.584590641577819e-05,2.68604976439314e-07,5,Regular
Marvel,MIDWIFE,5,3.9841734565867036e-05,0.0,2,Regular
Marvel,AFTERLIFE,10,6.109617197027568e-05,2.6446625718186767e-08,2,Regular
Marvel,"MORRISON, AMANDA PAY",9,5.6631630332687515e-05,0.0,2,Regular
Marvel,"MORRISON, JESSICA",9,5.6631630332687515e-05,0.0,2,Regular
Marvel,GREASE,1,2.576787343175434e-05,0.0,2,Regular
Marvel,"FURY, NICK L.M.D.",12,6.0502124734352944e-05,2.023634671607323e-06,2,Regular
Marvel,"MORDO, ASTRID",6,4.512236741403414e-05,0.0,2,Regular
Marvel,POLTERGEIST/MICKEY S,29,8.616598143562523e-05,1.5178895763810248e-06,0,Regular
Marvel,GLITCH/CHARLES J. AM,6,3.690562750148025e-05,0.0,0,Regular
Marvel,ANGEL IV,24,8.791682301951189e-05,3.2924899801661793e-06,1,Regular
Marvel,METOXO,6,3.69236854847635e-05,0.0,5,Regular
Marvel,STILETTO,69,0.0001807487807167235,2.9699940613134255e-05,1,Regular
Marvel,DISCUS,49,0.0001312300681052868,1.0407865302249682e-05,3,Regular
Marvel,BUEL,14,6.304349539504577e-05,5.451277894599424e-08,1,Regular
Marvel,"HIBBERT, ELLEN",16,6.751985972236459e-05,1.269855886173003e-07,1,Regular
Marvel,"HIBBERT, HOPE",46,0.00014381081490864642,2.6398639500832735e-05,1,Regular
Marvel,TREVORIK,2,2.8104453658658014e-05,0.0,2,Regular
Marvel,D'SPRYTE,1,2.6465217903930253e-05,0.0,2,Regular
Marvel,"MUNROE, N'DARE",18,6.298608242371977e-05,0.0,5,Regular
Marvel,HELLEN,36,0.00010144321981487,1.7771653880187475e-06,5,Regular
Marvel,"STANCHEK, DR.",36,0.00010144321981487,1.7771653880187475e-06,5,Regular
Marvel,"STURDY, PROF. KENNET",40,0.00010971424767382574,2.4534047376896057e-06,5,Regular
Marvel,"KUTUZOV, COL.",14,5.3670955505888515e-05,0.0,5,Regular
Marvel,HILARY,25,7.766166559149254e-05,2.23319072512362e-06,5,Regular
Marvel,DMITRI,25,7.766166559149254e-05,2.23319072512362e-06,5,Regular
Marvel,WIZARD OF THE WEST,2,4.748666502749848e-05,0.0,0,Regular
Marvel,"STARK, ISAAC",2,4.748666502749848e-05,0.0,0,Regular
Marvel,BISON/BILLY KITSON,81,0.00019407228564613657,1.2768814704437887e-05,11,Regular
Marvel,"ASBERY, SHAMARI",18,6.257303769997626e-05,0.0,7,Regular
Marvel,"DEPAUL, SHIELD SPECI",18,6.257303769997626e-05,0.0,7,Regular
Marvel,WHYTEOUT/STUART ANTH,6,3.621846373411628e-05,0.0,7,Regular
Marvel,"BOWDEN, DENNIS",10,4.920980532112597e-05,0.0,7,Regular
Marvel,SANGRE/JULIA CONCEPC,10,4.920980532112597e-05,0.0,7,Regular
Marvel,"O'KEEFE, CHANDRA",28,9.19231493836748e-05,1.926836342025713e-05,7,Regular
Marvel,WILDSTREAK,10,4.920980532112597e-05,0.0,7,Regular
Marvel,"DENNIS, MARTY",24,7.733613008327874e-05,1.3731636097632297e-06,7,Regular
Marvel,VIRTUAL REALITY,6,3.660152629814188e-05,0.0,8,Regular
Marvel,TYCHO,15,5.595192561655635e-05,0.0,8,Regular
Marvel,SKADI,17,6.227401570558971e-05,0.0,5,Regular
Marvel,MIST,17,6.227401570558971e-05,0.0,5,Regular
Marvel,KANDRA,17,6.227401570558971e-05,0.0,5,Regular
Marvel,WORMWOOD,17,6.227401570558971e-05,0.0,5,Regular
Marvel,NEUROTAP/MICHELLE BA,7,4.287536581343004e-05,0.0,5,Regular
Marvel,HANRANSHA/ASAHI,7,4.287536581343004e-05,0.0,5,Regular
Marvel,SAVAGE STEEL/HARRY L,23,0.00010549425330400158,2.072750376341291e-06,10,Regular
Marvel,"COLON, CHERYL",36,0.00014321073850365242,4.7181001800588596e-05,10,Regular
Marvel,"POWELL, GRACE",49,0.0001846214052977226,0.00011915245383530774,10,Regular
Marvel,"POWELL, OFFICER MIKE",23,0.00010634079154497303,2.27366169438739e-06,10,Regular
Marvel,OMEGA-20/EUGENE,39,0.0001319845183405631,0.00011377712985563641,13,Regular
Marvel,HOWLER/LUKE GARROW,20,8.5752199444196e-05,2.071507053446407e-07,13,Regular
Marvel,KATYUSHA/,29,0.00010471455732787027,1.4173308034414514e-05,13,Regular
Marvel,BLACKJACK/,34,0.00012580057551379232,3.722654153399413e-05,13,Regular
Marvel,TYPHOON/,15,6.770495257134509e-05,0.0,13,Regular
Marvel,"LOCKE, DR. ALEXANDER",47,0.00015814896742559237,0.00015698383211665759,13,Regular
Marvel,AXIS/,15,6.770495257134509e-05,0.0,13,Regular
Marvel,SCYTHE/,22,8.85397988492357e-05,4.205741340029432e-06,13,Regular
Marvel,VULCAN/,21,7.856218560922857e-05,0.0,13,Regular
Marvel,"DARE, ROSSALYN",21,7.856218560922857e-05,0.0,13,Regular
Marvel,REFLEX/,33,0.00011550786668986762,9.410538902801181e-06,13,Regular
Marvel,YANKEE CLIPPER/PAT C,31,0.00011276341025099517,3.078400668736254e-05,13,Regular
Marvel,LIBERTY GIRL/BEV,28,0.00010597825299553417,2.4198144052324774e-05,13,Regular
Marvel,CHIMERA/ZUHN,11,5.6631615355893133e-05,0.0,13,Regular
Marvel,"SCOTT, JAKE",11,5.6631615355893133e-05,0.0,13,Regular
Marvel,RUMOR/,15,6.0537884959100066e-05,0.0,13,Regular
Marvel,REBOUND/,15,6.0537884959100066e-05,0.0,13,Regular
Marvel,"VON VOLTZMANN, FRITZ",16,6.68409672887601e-05,0.0,13,Regular
Marvel,STAR THIEF/,1,2.5307152775861186e-05,0.0,8,Regular
Marvel,"MACRAE, TRUTH",26,0.00010138018745336206,3.342917461743778e-06,13,Regular
Marvel,ZORN,12,5.894994866805298e-05,0.0,13,Regular
Marvel,"HUGO, CAPTAIN EDVARD",12,5.894994866805298e-05,0.0,13,Regular
Marvel,"CEAUSECU, IONEL",12,5.894994866805298e-05,0.0,13,Regular
Marvel,PRINCESS ZAFINA,19,7.840672711889477e-05,0.0,13,Regular
Marvel,JAMEEL,19,7.840672711889477e-05,0.0,13,Regular
Marvel,KHADIJAH,19,7.840672711889477e-05,0.0,13,Regular
Marvel,"CARMODY, MARY",19,7.840672711889477e-05,0.0,13,Regular
Marvel,"AVRIL, YVETTE",7,4.0706356035045724e-05,0.0,0,Regular
Marvel,SOCRATES SOCK,20,8.012394861449656e-05,4.135745739932294e-07,0,Regular
Marvel,TUATARA/COMMANDER AR,7,4.614302315019318e-05,0.0,0,Regular
Marvel,"DABUTA, NIGEL",7,4.614302315019318e-05,0.0,0,Regular
Marvel,HAUPTMAN,7,4.614302315019318e-05,0.0,0,Regular
Marvel,SENTRY 571,11,5.52278901977351e-05,0.0,0,Regular
Marvel,"SNOW, VICTORIA",11,5.52278901977351e-05,0.0,0,Regular
Marvel,"DANVERS, MRS. JOE",15,6.915621355831587e-05,5.7793828609716424e-08,0,Regular
Marvel,AIRBORNE/,46,0.00013052882801387676,4.777055812469699e-06,0,Regular
Marvel,FIREFIGHT/,46,0.00013052882801387676,4.777055812469699e-06,0,Regular
Marvel,SMOKESCREEN/,46,0.00013052882801387676,4.777055812469699e-06,0,Regular
Marvel,"HANRAHAN, GORDON",26,8.5041724179142e-05,0.0,0,Regular
Marvel,"SHEFFIELD, LEAH",26,8.5041724179142e-05,0.0,0,Regular
Marvel,BOOBYTRAP/,46,0.00013052882801387676,4.777055812469699e-06,0,Regular
Marvel,"SILVANI, VITTORIO",46,0.00013052882801387676,4.777055812469699e-06,0,Regular
Marvel,"ROBERTS, CHESS",26,8.5041724179142e-05,0.0,0,Regular
Marvel,ROCKETLAUNCHER/,46,0.00013052882801387676,4.777055812469699e-06,0,Regular
Marvel,"DE LA SPIROSA, COUNT",9,4.630748957109022e-05,4.151100041511e-09,0,Regular
Marvel,NICODEMUS,3,3.076992757823673e-05,0.0,2,Regular
Marvel,DADDY WRONGLEGS,13,5.521464004867812e-05,0.0,13,Regular
Marvel,"LO, JIMMY",6,3.84843932226313e-05,0.0,1,Regular
Marvel,DAMAGE,4,4.021564962615556e-05,0.0,1,Regular
Marvel,LORELEI,54,0.00013776255355099152,5.719855676413099e-06,5,Regular
Marvel,"TRASK, LAWRENCE LARR",34,9.704425403363426e-05,5.420885609645479e-06,5,Regular
Marvel,"CHALMERS, JUDGE ROBE",38,0.00010595349608259622,4.563427740701832e-06,5,Regular
Marvel,ALBINO/DR. AUGUSTA S,13,5.251429500889202e-05,0.0,3,Regular
Marvel,XIANDU,16,5.8479500738053866e-05,0.0,5,Regular
Marvel,A'YIN,21,6.99455439689959e-05,1.0042983971397581e-08,5,Regular
Marvel,BARAK,21,6.99455439689959e-05,1.0042983971397581e-08,5,Regular
Marvel,RA'AL,21,6.99455439689959e-05,1.0042983971397581e-08,5,Regular
Marvel,SCRIBE,26,8.0967113334398e-05,8.840264826126913e-07,5,Regular
Marvel,"CROSSAN, ANNIE",15,5.426549213914957e-05,0.0,5,Regular
Marvel,NEBULO,43,0.00011785027827418326,1.1398537460072303e-06,13,Regular
Marvel,ZARATHOS,18,8.117850804869217e-05,8.63267335918698e-06,1,Regular
Marvel,"SMITH, DR. ARMSTRONG",11,5.300894673938557e-05,1.4791044384117516e-06,1,Regular
Marvel,WHITE DRAGON II,10,4.910790611616633e-05,3.3014399522117744e-08,1,Regular
Marvel,"COOPER, TERI",1,2.5438097617669667e-05,0.0,3,Regular
Marvel,TICKTOCK,49,0.00013535892500487,3.4288657816194265e-05,0,Regular
Marvel,GYPSY MOTH,185,0.0004156866974583984,0.00046541748130735517,2,Regular
Marvel,D'KAY,6,6.80699774969325e-05,0.0,2,Regular
Marvel,TIGER WYLDE,3,6.109772102022871e-05,0.0,8,Regular
Marvel,ZONE,3,6.109772102022871e-05,0.0,8,Regular
Marvel,FORTUNE,3,6.109772102022871e-05,0.0,8,Regular
Marvel,"YOUNG, MAX",9,4.6381946804780155e-05,0.0,1,Regular
Marvel,"BUCKMAN, EDWARD",9,4.710883211565295e-05,0.0,5,Regular
Marvel,"BRADDOCK, JOHN",9,4.710883211565295e-05,0.0,5,Regular
Marvel,UNION JACK III/JOEY ,164,0.00037808136398541494,0.00023078296958451534,11,Regular
Marvel,"SHAW, ESAU",6,4.301738569661729e-05,0.0,2,Regular
Marvel,"SHAW, JACOB",6,4.301738569661729e-05,0.0,2,Regular
Marvel,"WORTHINGTON, ELIZABE",5,4.681985742003978e-05,0.0,13,Regular
Marvel,"WORTHINGTON, MAJOR G",5,4.681985742003978e-05,0.0,13,Regular
Marvel,"SHAW, OBADIAH",5,6.068553001354063e-05,0.0,2,Regular
Marvel,"HARKNESS, ABIGAIL",5,6.068553001354063e-05,0.0,2,Regular
Marvel,"SHAW, HIRAM",5,6.068553001354063e-05,0.0,2,Regular
Marvel,"SHAW, SARAH",5,6.068553001354063e-05,0.0,2,Regular
Marvel,"BIRD, TUESDAY",3,2.9492631462599178e-05,0.0,5,Regular
Marvel,BERNIE,25,8.394206024639296e-05,6.307213559199586e-06,3,Regular
Marvel,REANIMATOR/,15,5.70948524418237e-05,8.187676989371988e-06,3,Regular
Marvel,AEGIS/TREY ROLLINS,66,0.000186736418420407,6.725909802461032e-05,3,Regular
Marvel,KHYBER/,11,4.820692860356281e-05,0.0,5,Regular
Marvel,RIP,4,3.663991056002169e-05,0.0,11,Regular
Marvel,FERA,16,6.709775399347032e-05,0.0,2,Regular
Marvel,VIENNA,9,4.736958781080456e-05,1.1375990828045623e-07,2,Regular
Marvel,CRIME-BUSTER/,12,5.438174158913523e-05,0.0,2,Regular
Marvel,STERN,12,7.423953684997397e-05,5.295861735143919e-07,2,Regular
Marvel,"BADALINO, LT. MICHAE",19,9.98885631163934e-05,1.5724348302451448e-06,2,Regular
Marvel,BLACKOUT II/,54,0.00023922906708320185,6.748588106882823e-05,2,Regular
Marvel,CARETAKER,9,5.759918198188448e-05,0.0,2,Regular
Marvel,SNARE,17,7.1254450535861e-05,2.969077541895991e-06,10,Regular
Marvel,AGENT-X/,17,7.1254450535861e-05,2.969077541895991e-06,10,Regular
Marvel,TURK II,17,7.1254450535861e-05,2.969077541895991e-06,10,Regular
Marvel,"BLAZE, CRAIG",18,9.321591704025239e-05,7.516449715407243e-07,2,Regular
Marvel,"D'AURIA, JACK",35,0.00015777014682941741,2.8862877764435314e-05,2,Regular
Marvel,"BLAZE, EMMA",18,9.321591704025239e-05,7.516449715407243e-07,2,Regular
Marvel,"WEI, LINDA",33,0.00015124938176320392,2.520116213204256e-05,2,Regular
Marvel,"FUANARO, RENEE",18,9.801198647786904e-05,0.0,2,Regular
Marvel,HAG/,24,0.00010593421955445043,8.419124911057055e-06,2,Regular
Marvel,TROLL/,24,0.00010593421955445043,8.419124911057055e-06,2,Regular
Marvel,SNOWBLIND/,13,7.617064883700195e-05,0.0,2,Regular
Marvel,SUICIDE/CHRIS DANIEL,5,4.147359397876193e-05,0.0,2,Regular
Marvel,ZODIAK/NORMAN HARRIS,15,8.380422023653047e-05,3.1659629162800414e-06,2,Regular
Marvel,"MENNINGER, CLARA",33,0.00013145853259660813,3.298026422778762e-05,2,Regular
Marvel,THERMITE/,20,7.292783353866214e-05,0.0,7,Regular
Marvel,INERTIA/,20,7.292783353866214e-05,0.0,7,Regular
Marvel,APE-X/XINA,23,7.986871213649959e-05,4.7472029492577436e-07,7,Regular
Marvel,DR. DECIBEL/ANTON DE,23,7.986871213649959e-05,4.7472029492577436e-07,7,Regular
Marvel,MOONGLOW/,20,7.292783353866214e-05,0.0,7,Regular
Marvel,REDSTONE/,21,7.517161509018786e-05,4.302442230524423e-07,7,Regular
Marvel,FOXFIRE/OLIVIA UNDER,23,7.986871213649959e-05,4.7472029492577436e-07,7,Regular
Marvel,MECHAMAGE/,82,0.00019697835858538274,6.2879708366212295e-06,0,Regular
Marvel,"HARVEY, SUE",8,4.737530880715587e-05,0.0,0,Regular
Marvel,"MCKNIGHT, BOB",8,4.737530880715587e-05,0.0,0,Regular
Marvel,"RAMOS, ROGER",8,4.737530880715587e-05,0.0,0,Regular
Marvel,"HOUSTON, LT. COMMAND",1,2.562039910820728e-05,0.0,0,Regular
Marvel,SISTER SALVATION,18,7.702069382845361e-05,0.0001065059328356483,5,Regular
Marvel,LA BANDERA,7,4.861758922534423e-05,0.0,5,Regular
Marvel,SPORE,7,4.861758922534423e-05,0.0,5,Regular
Marvel,GEIST,7,4.861758922534423e-05,0.0,5,Regular
Marvel,SNOW QUEEN/GITTE,1,2.5742454969780822e-05,0.0,5,Regular
Marvel,TARGET,3,3.0254847743005147e-05,0.0,5,Regular
Marvel,"AKUTAGAWA, OSAMU",8,4.078105921031626e-05,0.0,13,Regular
Marvel,GROUNDHOG/SEAN BENAR,11,5.2289534557203786e-05,0.0,2,Regular
Marvel,SAINT ELMO,11,5.2289534557203786e-05,0.0,2,Regular
Marvel,STITCH/,11,5.2289534557203786e-05,0.0,2,Regular
Marvel,SMART ALEC/ALEC THOR,11,5.2289534557203786e-05,0.0,2,Regular
Marvel,"STILES, TATJANA",3,6.885760441471966e-05,0.0,2,Regular
Marvel,"KLEIN, SUMMER",2,4.7115469693432896e-05,0.0,2,Regular
Marvel,NAVARRO,2,4.7115469693432896e-05,0.0,2,Regular
Marvel,"DANIELS, BRIE",13,5.4438028445669854e-05,0.0,0,Regular
Marvel,"FONG, LI",18,6.564595072327886e-05,4.216394328603294e-06,5,Regular
Marvel,"ADAMS, CINDY",49,0.00014137428484516952,5.003227924457282e-05,2,Regular
Marvel,"LOCKLIN, GENERAL MER",56,0.00014666499869658156,2.021626912916245e-05,2,Regular
Marvel,AMERICAN EAGLE III/J,118,0.000270763115977929,2.4793144663050068e-05,2,Regular
Marvel,"ADAMS, MARTHA",7,4.2651174865663327e-05,0.0,2,Regular
Marvel,"ADAMS, GEORGE",7,4.2651174865663327e-05,0.0,2,Regular
Marvel,SCANNER/SKERA,20,8.078930601925828e-05,3.86298018051575e-06,0,Regular
Marvel,SEEKER/TARM,20,8.078930601925828e-05,3.86298018051575e-06,0,Regular
Marvel,JUTTA,3,3.88366964930844e-05,0.0,5,Regular
Marvel,"SZARDOS, STEFAN",3,3.88366964930844e-05,0.0,5,Regular
Marvel,"MURRAY, WILLIAM T. B",1,2.5742454969780822e-05,0.0,5,Regular
Marvel,YELLOW CLAW ROBOT,10,4.689403569922487e-05,8.107617268576172e-09,2,Regular
Marvel,DREADKNIGHT/BRAM VEL,72,0.00018522614818806428,5.238822876961712e-05,13,Regular
Marvel,"STONE, MEG",23,7.428450035096378e-05,0.0,13,Regular
Marvel,W'KANDRO,23,7.428450035096378e-05,0.0,13,Regular
Marvel,"BURRTHROP, T. BARTON",23,7.428450035096378e-05,0.0,13,Regular
Marvel,NAKOTA,27,0.0001257535213621005,7.383342580682347e-06,2,Regular
Marvel,PILGRIM,30,0.00014079347966591946,1.0168749661517142e-05,2,Regular
Marvel,"LANGFORD, DR. DAVID",11,6.296822352148352e-05,0.0,2,Regular
Marvel,LILITH II,32,0.00014787883413004414,1.0739163980924371e-05,2,Regular
Marvel,FANG III,20,9.774523833947508e-05,3.26311833692819e-06,2,Regular
Marvel,AZOPARDI,2,4.0519479706419115e-05,0.0,2,Regular
Marvel,"BEACH, GINGER",85,0.00023479478751848424,0.00010647315001956221,0,Regular
Marvel,"CARLISLE, JENNA",27,8.491017706284396e-05,0.0,0,Regular
Marvel,"BEACH, SPIDER",85,0.00023479478751848424,0.00010647315001956221,0,Regular
Marvel,ATTRACTIVE LAD/AUNDR,27,8.491017706284396e-05,0.0,0,Regular
Marvel,THERAK,69,0.00017554523595382222,2.0108652353365403e-05,0,Regular
Marvel,GLAMOUR GIRL/GLORIA,27,8.491017706284396e-05,0.0,0,Regular
Marvel,"VONYA, DR. ANATOLY",15,7.91253167965106e-05,0.0,10,Regular
Marvel,SIBERION,15,7.91253167965106e-05,0.0,10,Regular
Marvel,PSI-WOLF/NIKOLAI VON,9,5.665618681603569e-05,0.0,10,Regular
Marvel,SCATTERSHOT/NATALIA,15,7.91253167965106e-05,0.0,10,Regular
Marvel,VOLGA BELLE/,15,7.91253167965106e-05,0.0,10,Regular
Marvel,PHANTAZIA/,35,0.00010604257724442195,1.2363967927142415e-05,5,Regular
Marvel,PORTAL/CHARLES LITTL,33,0.00011633154264878824,2.3315390946928543e-05,10,Regular
Marvel,"FIELDS, TRACI",16,6.810129503964874e-05,3.0495384578351493e-06,10,Regular
Marvel,"BAZIN, ANDREW",22,9.462077432790636e-05,1.723923368836577e-05,10,Regular
Marvel,"POWELL, JASON",48,0.00018155460420781201,0.00011522505230514946,10,Regular
Marvel,"ZAFAR, OFFICER JIMMY",33,0.00012828172809991307,4.873399975251252e-05,10,Regular
Marvel,"BAZIN, ALLEGRA",38,0.00013996772265695108,4.359217118794051e-05,10,Regular
Marvel,"MARLEY, MITCH MADMAN",15,7.718886906394069e-05,4.229458618685751e-07,10,Regular
Marvel,"POWELL, JONATHAN",49,0.00018330279468680168,0.00010874573133574769,10,Regular
Marvel,"BAZIN, BRODERICK RIC",27,0.00011339303146200264,2.565329239588294e-05,10,Regular
Marvel,IDNAR,9,5.0582668692414535e-05,0.0,10,Regular
Marvel,LODESTONE/ANDREA,80,0.00021259160593257385,6.610065032501666e-05,11,Regular
Marvel,MADAME ROSE,8,4.8078571497653905e-05,0.0,10,Regular
Marvel,"HARRIS, MONROE",13,6.934076395414618e-05,0.0,10,Regular
Marvel,"MCPHEE, LOUIE",12,6.256389046425289e-05,4.324062543240625e-08,10,Regular
Marvel,"SAINT, JOHNNY",14,7.269664736581874e-05,3.3985223915219885e-08,10,Regular
Marvel,"MALONE, JULIUS",10,5.889905024557583e-05,0.0,10,Regular
Marvel,D.K./DAVID KALEN,17,6.691830506755504e-05,4.608869879877021e-08,1,Regular
Marvel,"ADAMS, NICOLE NIKKI",69,0.00019253581938952671,5.099032354179187e-05,1,Regular
Marvel,RAMONDA,37,0.00011988353341403171,1.4198587035562601e-05,1,Regular
Marvel,QUEEN DIVINE JUSTICE,85,0.00023042748026960922,8.524041283926484e-05,1,Regular
Marvel,"KILLMONGER, ERIC/N'J",58,0.00019267601332984517,0.0001150278611695649,1,Regular
Marvel,WIBBOW,20,7.113521408440705e-05,0.0,0,Regular
Marvel,BASALTAR,20,7.113521408440705e-05,0.0,0,Regular
Marvel,SINTARIIS,20,7.113521408440705e-05,0.0,0,Regular
Marvel,FAYRELYTE STRONGHEAR,84,0.0002048462094523544,4.999547085884232e-05,0,Regular
Marvel,ALBERIK,20,7.113521408440705e-05,0.0,0,Regular
Marvel,KREDDICK,84,0.0002048462094523544,4.999547085884232e-05,0,Regular
Marvel,AVIOS,79,0.00019454187721065763,4.461865275553681e-05,0,Regular
Marvel,P'KAR,20,7.113521408440705e-05,0.0,0,Regular
Marvel,DIBDEB,20,7.113521408440705e-05,0.0,0,Regular
Marvel,BARTOS,20,7.113521408440705e-05,0.0,0,Regular
Marvel,MANAT,20,7.113521408440705e-05,0.0,0,Regular
Marvel,COCKROACH/,25,9.560360130566096e-05,1.2942030018338493e-05,1,Regular
Marvel,"GAPON, DZHOKHAR",21,7.498995702440782e-05,5.368656161393973e-07,1,Regular
Marvel,PREYY,39,0.0001158765160594963,6.743406717212442e-06,1,Regular
Marvel,"ACHEBE, REVEREND DOC",46,0.00014137192599897758,3.331800020031611e-05,1,Regular
Marvel,WHITE WOLF/HUNTER,50,0.00014247051942175301,1.7073389788784336e-05,1,Regular
Marvel,T'CHAKA,28,8.645132272438492e-05,2.5150156538996726e-06,1,Regular
Marvel,"VINCENT, DANNY",18,6.763152479507674e-05,0.0,1,Regular
Marvel,"SAROYAN, NEAL",42,0.0001631968219129676,0.00011353929211514239,0,Regular
Marvel,"SIMON, ALEX FLORES",91,0.00025915924434631154,0.0001794377231968965,8,Regular
Marvel,"LOVECCHIO, ARGUS",7,4.957726041342797e-05,0.0,8,Regular
Marvel,"SCRIPPS, LAHOYA",7,4.957726041342797e-05,0.0,8,Regular
Marvel,SLICE/,18,7.853585973478447e-05,2.5010404303061344e-06,8,Regular
Marvel,SPLICE II/,7,4.957726041342797e-05,0.0,8,Regular
Marvel,"PHILIPS, PHILIP",4,3.815466276016287e-05,0.0,0,Regular
Marvel,GAMMA-BURN/,4,3.815466276016287e-05,0.0,0,Regular
Marvel,"MCCAMBRIDGE, MEGAN",16,6.282199602533414e-05,0.0,8,Regular
Marvel,LONGARM/,3,3.043293276580679e-05,0.0,0,Regular
Marvel,DR. SPECTRUM III/REV,21,6.87436880446696e-05,0.0,0,Regular
Marvel,SCARLET CENTURION,59,0.0001523146413152984,2.933401743410303e-05,7,Regular
Marvel,ULTIMO,38,0.00011289559697948062,3.670272678844823e-06,0,Regular
Marvel,DARK ONE,8,4.2214348133166174e-05,0.0,5,Regular
Marvel,"NAIP, SYNTHIA",9,4.442652919258203e-05,1.1820313757380523e-08,5,Regular
Marvel,HAUPTMANN ENGLAND,34,0.00010210205194907993,1.161634885039296e-06,5,Regular
Marvel,SHRINE,6,3.5688487066923734e-05,0.0,5,Regular
Marvel,"SHANE, BRIDGIT",7,3.79269760779272e-05,0.0,5,Regular
Marvel,KARMA 2013,8,0.00010633908892981471,0.0,4,Regular
Marvel,CAPTAIN BRITAIN 2013,8,0.00010633908892981471,0.0,4,Regular
Marvel,"WISDOM, PETE 2013",8,0.00010633908892981471,0.0,4,Regular
Marvel,MEGGAN 2013,8,0.00010633908892981471,0.0,4,Regular
Marvel,WOLFSBANE 2013,8,0.00010633908892981471,0.0,4,Regular
Marvel,DOUGLOCK 2013,8,0.00010633908892981471,0.0,4,Regular
Marvel,PSYLOCKE 2013,8,0.00010633908892981471,0.0,4,Regular
Marvel,TANGERINE 2013,8,0.00010633908892981471,0.0,4,Regular
Marvel,SCRATCH,22,7.259749253933409e-05,7.180320772117871e-07,5,Regular
Marvel,CHEN,51,0.00016372652210259217,4.9091154224422466e-05,10,Regular
Marvel,POWELL,37,0.00013289009300748684,3.516053730731799e-05,10,Regular
Marvel,DR. DOOM DOPPELGANGE,14,5.89070466430546e-05,0.0,10,Regular
Marvel,SANDMAN DOPPELGANGER,14,5.89070466430546e-05,0.0,10,Regular
Marvel,QUENTINO,24,9.258829955199126e-05,1.1942240294785763e-05,10,Regular
Marvel,"KLEINFELDT, LORNA",18,7.645216536197203e-05,3.126748906642453e-06,10,Regular
Marvel,CATHODE/,14,6.447750522390553e-05,0.0,10,Regular
Marvel,"PETROVITCH, DMITRI",13,5.871941414805206e-05,7.697806278238098e-07,10,Regular
Marvel,GEATAR,14,6.138751648757168e-05,7.061450170616182e-07,8,Regular
Marvel,GATTLING/,9,4.7690870526620135e-05,0.0,10,Regular
Marvel,KYMRI,33,9.36916563121858e-05,3.1602559226918434e-06,5,Regular
Marvel,SPINNERET,13,6.758046903501146e-05,0.0,1,Regular
Marvel,PORGA,13,6.758046903501146e-05,0.0,1,Regular
Marvel,BUZZARD,13,6.758046903501146e-05,0.0,1,Regular
Marvel,FLYING FOX,13,6.758046903501146e-05,0.0,1,Regular
Marvel,KOMODO,13,6.758046903501146e-05,0.0,1,Regular
Marvel,ANUBIA,13,6.758046903501146e-05,0.0,1,Regular
Marvel,CRUSHTACEAN,13,6.758046903501146e-05,0.0,1,Regular
Marvel,"MOWAT, FARLEY",94,0.00022814944658493003,6.242689589103581e-05,0,Regular
Marvel,"MAGRUDER, ALLIE",90,0.00021991650846487192,5.885043623484326e-05,0,Regular
Marvel,"VRIES, KALI",12,5.374846620971386e-05,9.918811414222934e-07,0,Regular
Marvel,"WARKOVSKY, SEN.",12,5.374846620971386e-05,9.918811414222934e-07,0,Regular
Marvel,NOVA-PRIME,33,0.00010281566110517367,6.045436772927211e-06,3,Regular
Marvel,MONOCLE,21,7.013668862333729e-05,9.357844149172293e-07,13,Regular
Marvel,COMET/HARRIS MOORE,32,0.00010285857217143799,2.892991585381296e-06,3,Regular
Marvel,SCORPIO/JAKE FURY,51,0.0001397200605341611,8.415772086583581e-06,0,Regular
Marvel,DARK WIND/KENJI OYAM,17,6.326465970912429e-05,4.0360512845227595e-07,1,Regular
Marvel,"FARGO, FLAGG",8,4.693449435891125e-05,4.674101707169926e-08,2,Regular
Marvel,CELESTE,6,5.451523572571698e-05,0.0,2,Regular
Marvel,GALTUS,6,5.451523572571698e-05,0.0,2,Regular
Marvel,ELECTRA,6,5.451523572571698e-05,0.0,2,Regular
Marvel,RAKESH,6,5.451523572571698e-05,0.0,2,Regular
Marvel,ECSTACY/MME. RENE DE,19,7.107122697607557e-05,9.95551342470546e-07,1,Regular
Marvel,"GREEN, ARNIE",5,4.037624638072627e-05,0.0,2,Regular
Marvel,KHAT,6,4.342924508155977e-05,0.0,2,Regular
Marvel,JUNIPER,13,5.871843091580312e-05,0.0,7,Regular
Marvel,KATOS,13,5.871843091580312e-05,0.0,7,Regular
Marvel,KESTRUS,10,4.793117062030777e-05,0.0,2,Regular
Marvel,DANIA,10,4.793117062030777e-05,0.0,2,Regular
Marvel,"HARR, DR.",5,3.55521896749005e-05,0.0,2,Regular
Marvel,"NITAL, DR.",7,3.871351782751778e-05,0.0,13,Regular
Marvel,CY-PHYRR 4,8,6.08686288381941e-05,1.1348732357824083e-07,13,Regular
Marvel,TENEBRAE,8,6.08686288381941e-05,1.1348732357824083e-07,13,Regular
Marvel,CORONER,10,7.112991507721019e-05,1.7081946969398979e-07,13,Regular
Marvel,SAMA-D,6,5.4966146227395435e-05,0.0,13,Regular
Marvel,BRAHMANES,6,5.4966146227395435e-05,0.0,13,Regular
Marvel,"SAWYER, RYAN",13,6.622952824112553e-05,2.830295482848409e-08,1,Regular
Marvel,"CROMWELL, HAMILTON",9,4.934012186990854e-05,0.0,1,Regular
Marvel,"CARPATHIAN, ANDREW",7,4.411839281059519e-05,0.0,1,Regular
Marvel,"JESSUP, DR.",7,4.411839281059519e-05,0.0,1,Regular
Marvel,"HORTON, DOUGIE",7,4.0617122793580365e-05,0.0,1,Regular
Marvel,"WOLFE, HEDY",36,0.00011348428555944679,7.775886114519628e-06,0,Regular
Marvel,THINGEE,8,0.000106489926621726,0.0,6,Regular
Marvel,"GALE, SHERIFF",8,0.000106489926621726,0.0,6,Regular
Marvel,"LILLIAN, BEA",8,0.000106489926621726,0.0,6,Regular
Marvel,NUTT,8,0.000106489926621726,0.0,6,Regular
Marvel,"FILLMORE, BETTY",8,0.000106489926621726,0.0,6,Regular
Marvel,"FILLMORE, GARRET",8,0.000106489926621726,0.0,6,Regular
Marvel,"BENNY, JAKE",8,0.000106489926621726,0.0,6,Regular
Marvel,"DOCTOR, DR. JOSHUA",8,0.000106489926621726,0.0,6,Regular
Marvel,KING (OF THE SEWER P,19,8.837772272758188e-05,2.6087873237213733e-06,1,Regular
Marvel,"SANTOS, MARIO",2,4.431691058568578e-05,0.0,8,Regular
Marvel,"SANTOS, JOSE",2,4.431691058568578e-05,0.0,8,Regular
Marvel,HUNGYR,6,4.465756580547454e-05,0.0,3,Regular
Marvel,HARRIER,6,4.465756580547454e-05,0.0,3,Regular
Marvel,COMMANDER BLAZE,6,4.465756580547454e-05,0.0,3,Regular
Marvel,SCORCH/TOMMY NG,3,3.028797192563469e-05,0.0,3,Regular
Marvel,PYLLAR,49,0.0001438957220131221,0.00022217978924126292,7,Regular
Marvel,MROTH,49,0.0001438957220131221,0.00022217978924126292,7,Regular
Marvel,ALISTRO,17,5.974562343436648e-05,0.0,7,Regular
Marvel,SLAYER/,1,2.577309267556688e-05,0.0,2,Regular
Marvel,"HSU, CHEN",24,8.915630416943116e-05,1.1007749260320308e-05,0,Regular
Marvel,"DEWITT, KEARSON",17,6.253767741351463e-05,2.667711093065484e-07,0,Regular
Marvel,ROM CLONE,14,5.987038622149297e-05,1.1790240132258542e-06,2,Regular
Marvel,DEVASTATOR II/GREGOR,12,5.79341541581105e-05,2.641181360115654e-06,2,Regular
Marvel,ELECTRYON,11,5.376947413751828e-05,0.0,5,Regular
Marvel,"DRAGONBLOOD, ULYSSES",37,0.0001324905812680371,2.1692650746681696e-07,5,Regular
Marvel,RY'LOR,11,5.376947413751828e-05,0.0,5,Regular
Marvel,ASTARTE,11,5.376947413751828e-05,0.0,5,Regular
Marvel,"INDIGO, ODYSSEUS",31,0.00011679626623884646,1.257624201297808e-07,5,Regular
Marvel,"FOGELSTROM, HIRAM",8,4.3839163916371434e-05,0.0,5,Regular
Marvel,HALLOWEEN JACK,8,4.3839163916371434e-05,0.0,5,Regular
Marvel,"DANVILLE, SEN. OWEN",19,7.0825931351345e-05,2.6871126563678345e-07,5,Regular
Marvel,ARMAGEDDON MAN,17,6.646854282214655e-05,0.0,5,Regular
Marvel,KING BEDLAM/CHRISTOP,30,0.0001046299223052662,1.9839784252170322e-07,5,Regular
Marvel,PARADIGM,23,8.252221584414249e-05,6.305653610988866e-08,5,Regular
Marvel,"CALDERONE, HANNAH",16,6.308985552597505e-05,0.0,5,Regular
Marvel,SWITCH/DEVON ALOMAR,23,8.252221584414249e-05,6.305653610988866e-08,5,Regular
Marvel,"GUTHRIE, LUKE",14,5.98892471322983e-05,0.0,5,Regular
Marvel,"GUTHRIE, TYLER",14,5.98892471322983e-05,0.0,5,Regular
Marvel,"HOLIDAY, JORDAN",26,9.104019860252453e-05,2.3229606695844066e-06,5,Regular
Marvel,"FOGG, ARCHIMEDES ARC",10,4.526010364323303e-05,0.0,5,Regular
Marvel,DELPHI II,12,4.94582464081531e-05,0.0,5,Regular
Marvel,"COLLINS, BRADBURY",16,6.402736596974873e-05,0.0,5,Regular
Marvel,"SEBASTIAN, MARISSA",23,8.380747155582166e-05,8.374746578878521e-07,5,Regular
Marvel,"DEVILLE, ARCADIA",34,0.00012004904979044038,1.2768378913870175e-07,5,Regular
Marvel,"DONNELY, VICTORIA TO",20,7.627318605576074e-05,1.3309557119327086e-08,5,Regular
Marvel,"SANDOVAL, JULIANA",21,6.933515735266288e-05,2.6602236643326127e-07,5,Regular
Marvel,"INSHALLAH, KHALID",79,0.00020080075473762133,5.143347510741844e-05,0,Regular
Marvel,"YEE, WAI CHEE",9,5.301804654127535e-05,0.0,0,Regular
Marvel,"VON DOOM, CYNTHIA",9,5.301804654127535e-05,0.0,0,Regular
Marvel,"DIEGO, MANUEL",9,5.301804654127535e-05,0.0,0,Regular
Marvel,"ST. THOMAS, JULES",79,0.00020080075473762133,5.143347510741844e-05,0,Regular
Marvel,TAREVA,9,5.301804654127535e-05,0.0,0,Regular
Marvel,GLOB/DR. SUMNER BECK,9,4.411019178465677e-05,0.0,2,Regular
Marvel,RINTRAH DOPPELGANGER,10,4.8540020781341484e-05,0.0,8,Regular
Marvel,SHAZANA,14,5.978123060829687e-05,3.554657636014549e-08,8,Regular
Marvel,DR. STRANGE DOPPELGA,12,5.2658713268260085e-05,0.0,8,Regular
Marvel,"LEVIN, MAJOR DEBRA",49,0.00014750388156019689,1.0989924995738375e-05,5,Regular
Marvel,"VAZHIN, ALEXEI MIKHA",64,0.00018127399549982453,1.8028528746148276e-05,5,Regular
Marvel,OSHTUR,24,0.00010392340854116302,6.363287388214942e-06,2,Regular
Marvel,HOGGOTH,24,0.00010392340854116302,6.363287388214942e-06,2,Regular
Marvel,BOUNCER,10,4.636641077640434e-05,0.0,5,Regular
Marvel,BLISS,10,4.636641077640434e-05,0.0,5,Regular
Marvel,CYLLA II,43,0.00011867486440719104,1.4750867007313804e-06,5,Regular
Marvel,VALTORR,14,7.301175167460369e-05,0.0,2,Regular
Marvel,MUNIPOOR,14,7.301175167460369e-05,0.0,2,Regular
Marvel,RAGGADORR,14,7.301175167460369e-05,0.0,2,Regular
Marvel,CYTTORAK,18,8.203559755888003e-05,3.402030152432917e-06,2,Regular
Marvel,IKONN,14,7.301175167460369e-05,0.0,2,Regular
Marvel,DENAK,14,7.301175167460369e-05,0.0,2,Regular
Marvel,WATOOMB,14,7.301175167460369e-05,0.0,2,Regular
Marvel,GRIEFSAVOR,11,5.831952412335662e-05,0.0,2,Regular
Marvel,YGMLOSVORRAICH,11,5.831952412335662e-05,0.0,2,Regular
Marvel,MOTHER-OF-PAIN,11,5.831952412335662e-05,0.0,2,Regular
Marvel,PAPA GRANITE,9,4.876818459210781e-05,0.0,1,Regular
Marvel,FACADE,14,6.312465823936516e-05,5.566247782935205e-07,1,Regular
Marvel,"CHASE, DETECTIVE SLO",21,9.554007968253344e-05,1.1974409692420476e-05,1,Regular
Marvel,"BRYCE, ARCHER",13,6.078347126173758e-05,0.0,1,Regular
Marvel,"POWELL, AMY",13,6.078347126173758e-05,0.0,1,Regular
Marvel,"COOPER, COLE",26,9.43054109579529e-05,7.349379699356e-08,1,Regular
Marvel,BAKER,11,6.005483134216756e-05,0.0,5,Regular
Marvel,TRAVELER,10,5.552139171623528e-05,0.0,5,Regular
Marvel,ABEL,11,6.005483134216756e-05,0.0,5,Regular
Marvel,CHARLIE,11,6.005483134216756e-05,0.0,5,Regular
Marvel,"TSUNG, MARCUS",13,6.702261149981739e-05,0.0,5,Regular
Marvel,"WISDOM, ROMANY",16,8.363437653142975e-05,3.208219686282736e-06,5,Regular
Marvel,"HAMILTON, PAUL",4,3.3009301200638536e-05,0.0,1,Regular
Marvel,FORD,10,5.43934511986677e-05,4.533764466531878e-07,5,Regular
Marvel,"ROMAN, DR. NILES",10,5.43934511986677e-05,4.533764466531878e-07,5,Regular
Marvel,VOGEL,9,4.8159617646981165e-05,0.0,5,Regular
Marvel,"SEBASTIAN, MRS.",16,6.517844026085686e-05,0.0,5,Regular
Marvel,QUEEN OF STAR SWORDS,16,6.517844026085686e-05,0.0,5,Regular
Marvel,"SLOAN, JASON",16,6.42853730525503e-05,3.0344660834439424e-07,1,Regular
Marvel,"WHEELER, M'KONI MARY",15,6.686938384340636e-05,3.8495082653531714e-07,1,Regular
Marvel,OMORO,17,7.220914000792488e-05,1.199402700356292e-06,1,Regular
Marvel,AKAFE,15,6.686938384340636e-05,3.8495082653531714e-07,1,Regular
Marvel,WHEELER,9,4.940080721275966e-05,2.612277800169555e-06,1,Regular
Marvel,N'GAMO,14,6.220848952908418e-05,0.0,1,Regular
Marvel,"HENCKEL, MARIA",18,7.199280306852932e-05,6.3686228695310525e-06,1,Regular
Marvel,ZET,5,5.773870971174647e-05,0.0,5,Regular
Marvel,TYRUS KRILL,5,5.773870971174647e-05,0.0,5,Regular
Marvel,JEXIA,5,5.773870971174647e-05,0.0,5,Regular
Marvel,ULARA,5,5.773870971174647e-05,0.0,5,Regular
Marvel,BENGAL/,47,0.00014391915225463132,1.68106219791104e-05,3,Regular
Marvel,"SMERDILOVISC, VICTOR",16,6.842524028771703e-05,1.595684248553991e-08,2,Regular
Marvel,ZINGH,16,6.842524028771703e-05,1.595684248553991e-08,2,Regular
Marvel,"LU, MR.",15,6.530670195413203e-05,0.0,2,Regular
Marvel,"TRASK, DR. BOLIVAR",24,7.878116889494714e-05,9.7157659689589e-07,5,Regular
Marvel,"FURMINTZ, HARMON",34,9.822564199371211e-05,8.254670308047515e-07,3,Regular
Marvel,SYPHONN,10,4.375608540532313e-05,0.0,8,Regular
Marvel,WITCHFIRE,91,0.0002176853518384485,2.8631861641444084e-05,8,Regular
Marvel,"DEAN, SUSAN",31,8.735608792773548e-05,1.3328738347145326e-06,8,Regular
Marvel,"DEAN, DARBY",31,8.735608792773548e-05,1.3328738347145326e-06,8,Regular
Marvel,NEMESIS,35,9.846784235623159e-05,2.6013417786208486e-06,8,Regular
Marvel,"HAGGERT, BOB",29,8.740167310641563e-05,4.4731088514401205e-07,11,Regular
Marvel,MARAUDER II,1,2.5763437524552545e-05,0.0,8,Regular
Marvel,"FALK, DR. JENNIE",11,4.619488989105486e-05,0.0,0,Regular
Marvel,TAIFU/TOSHIO SASAKI,30,9.468320226371308e-05,2.6114114018624234e-06,0,Regular
Marvel,JAWBREAKER/,27,8.625843812694802e-05,1.8792029626559712e-06,0,Regular
Marvel,KUROKO/,27,8.625843812694802e-05,1.8792029626559712e-06,0,Regular
Marvel,ASTRONOMER,30,8.81437292043757e-05,9.402117702471761e-07,8,Regular
Marvel,TRADER,30,8.81437292043757e-05,9.402117702471761e-07,8,Regular
Marvel,GOTH,22,7.501495336210417e-05,2.471812569028654e-08,5,Regular
Marvel,KILLIAN,30,9.657734897519077e-05,1.0415049631272995e-07,5,Regular
Marvel,BROADSIDE,28,9.064364586735215e-05,9.159676634848297e-08,5,Regular
Marvel,THUNDERBIRD III/NEAL,151,0.00037494018261889525,0.0007032449243693159,5,Regular
Marvel,BELDAME,24,7.914448898796263e-05,2.471812569028654e-08,5,Regular
Marvel,HELIX II,26,9.696439219429614e-05,5.933747641863718e-06,13,Regular
Marvel,RINGLET,26,9.696439219429614e-05,5.933747641863718e-06,13,Regular
Marvel,TORQUE II,14,5.6969222637614666e-05,0.0,5,Regular
Marvel,GYRE,26,9.696439219429614e-05,5.933747641863718e-06,13,Regular
Marvel,COIL,26,9.696439219429614e-05,5.933747641863718e-06,13,Regular
Marvel,RAX,66,0.00018450188176667893,4.686829451114355e-05,5,Regular
Marvel,ELYSIA,29,8.93493682108812e-05,3.3601333009891552e-06,5,Regular
Marvel,ANTEUS,36,0.0001040944923169872,4.070798843998546e-06,5,Regular
Marvel,DOMINA,68,0.00018868679792877977,4.7159631239214105e-05,5,Regular
Marvel,"SOLE, RANSOME",39,0.00012043839490273055,5.091913557573307e-06,5,Regular
Marvel,"DELGADO, RUFUS",29,8.93493682108812e-05,3.3601333009891552e-06,5,Regular
Marvel,BIG CASINO/,39,0.00012043839490273055,5.091913557573307e-06,5,Regular
Marvel,JUNCTION,23,7.422798873212062e-05,0.0,5,Regular
Marvel,SETH III,19,6.675363291623463e-05,0.0,5,Regular
Marvel,HUNTER/JAEGER,27,8.118675021999616e-05,4.99386215443335e-07,5,Regular
Marvel,KILMER,34,9.861068460284125e-05,1.5616486262763998e-06,5,Regular
Marvel,SALVO,26,8.154151623922614e-05,9.823598300805847e-07,5,Regular
Marvel,TARTARUS,20,6.826542887124705e-05,3.4693733120901895e-07,5,Regular
Marvel,WANDERER,20,6.976509468916887e-05,0.0,5,Regular
Marvel,SANGUINE,20,6.976509468916887e-05,0.0,5,Regular
Marvel,TOL-NOK,11,5.838024407001e-05,0.0,13,Regular
Marvel,MASTON-DAR,11,5.838024407001e-05,0.0,13,Regular
Marvel,THERNON,11,5.838024407001e-05,0.0,13,Regular
Marvel,KRUSH,11,5.838024407001e-05,0.0,13,Regular
Marvel,TARNOK-KOL,11,5.838024407001e-05,0.0,13,Regular
Marvel,KITANG,11,5.838024407001e-05,0.0,13,Regular
Marvel,LOCKHART,8,4.661055796286363e-05,0.0,2,Regular
Marvel,GRANDE DAME,12,5.1680254052189476e-05,0.0,5,Regular
Marvel,"DEVOOR, ALBERT",10,4.441184799945667e-05,7.240290770077326e-09,13,Regular
Marvel,SABU,13,5.618451495569639e-05,0.0,5,Regular
Marvel,TWEEDLEDOPE,27,8.97071300724821e-05,1.354982020500598e-06,5,Regular
Marvel,KIRKEGAARD,13,5.618451495569639e-05,0.0,5,Regular
Marvel,HAUS,13,5.618451495569639e-05,0.0,5,Regular
Marvel,FEUER,13,5.618451495569639e-05,0.0,5,Regular
Marvel,RINGO KID,21,7.145484292701107e-05,0.0,0,Regular
Marvel,"MILLER, JENETTE",6,7.093648818583433e-05,0.0,18,Regular
Marvel,DEATHRAVEN/JOSHUA RA,8,8.285093382399804e-05,1.190155231942575e-05,18,Regular
Marvel,"LANGTREE, GINA",8,4.778869162622477e-05,1.1426004576689509e-07,2,Regular
Marvel,"TORK, LT.",26,9.143590332100194e-05,0.0,1,Regular
Marvel,"SNIDER, DET. LOU",30,0.00010136483501177926,1.2679141927023765e-07,1,Regular
Marvel,SAVAGE STEEL II/ARTH,23,8.368416750747418e-05,1.0976603371895888e-05,10,Regular
Marvel,"MANDARIN, JAMES",16,6.420255891573752e-05,4.6545167077721395e-08,2,Regular
Marvel,DESOLATION/,8,5.014699914835993e-05,0.0,5,Regular
Marvel,LAMENT/,8,5.014699914835993e-05,0.0,5,Regular
Marvel,REQUIEM/,8,5.014699914835993e-05,0.0,5,Regular
Marvel,DIRGE/,8,5.014699914835993e-05,0.0,5,Regular
Marvel,REVENANT/,17,7.112352679073815e-05,0.0,5,Regular
Marvel,"VOGE, TULLAMORE",36,0.0001197322860345826,1.905475371938998e-06,5,Regular
Marvel,SKETCH/,17,7.112352679073815e-05,0.0,5,Regular
Marvel,"KURASOV, SIMYON BORI",28,9.983996474725252e-05,1.616020964575389e-06,5,Regular
Marvel,FARAHD,17,7.112352679073815e-05,0.0,5,Regular
Marvel,CUDGEL/,17,7.112352679073815e-05,0.0,5,Regular
Marvel,MANACLE/,17,7.112352679073815e-05,0.0,5,Regular
Marvel,GALADRIEL,17,7.112352679073815e-05,0.0,5,Regular
Marvel,STAR HAMMER,21,6.773063116914816e-05,0.0,5,Regular
Marvel,GOROTH,21,6.773063116914816e-05,0.0,5,Regular
Marvel,WEBWING,21,6.773063116914816e-05,0.0,5,Regular
Marvel,"KONIEV, IRINI",19,7.00210790942805e-05,0.0,5,Regular
Marvel,"KONIEV, MRS.",19,7.00210790942805e-05,0.0,5,Regular
Marvel,BLOODY BESS,27,9.000837782929835e-05,4.5580137779583306e-08,5,Regular
Marvel,"KONIEV, DMITRI",19,7.00210790942805e-05,0.0,5,Regular
Marvel,JARA,12,6.026164178568122e-05,0.0,2,Regular
Marvel,STECK'EE,20,0.00010465973617456172,1.0517286330323022e-05,2,Regular
Marvel,"LEEBRE, VEEDA",12,6.026164178568122e-05,0.0,2,Regular
Marvel,"GRASSWIND, Z'OOFREY",21,0.0001068641551512461,1.1213734158544637e-05,2,Regular
Marvel,"ARKANIAN, GLIB",20,0.00010465973617456172,1.0517286330323022e-05,2,Regular
Marvel,GODSTALKER,17,8.595298697988574e-05,5.167983807117057e-06,2,Regular
Marvel,SHYM'R,10,6.579266919252744e-05,0.0,2,Regular
Marvel,ZEY-ROGG,19,9.244539449478384e-05,4.59691496568764e-06,2,Regular
Marvel,BAV-TEK,10,6.579266919252745e-05,0.0,2,Regular
Marvel,HAV-ROGG,10,6.579266919252745e-05,0.0,2,Regular
Marvel,"JELLA, PRIVATE",25,0.00011695130548201172,1.6290792162049646e-05,2,Regular
Marvel,"PHILLIPS, SIR GORDON",30,8.779813407000763e-05,0.0,5,Regular
Marvel,"MACTAGGART, JOE",16,5.6879653648879796e-05,0.0,5,Regular
Marvel,VAVELLA,8,5.852367933108712e-05,0.0,2,Regular
Marvel,"LYTH'KA, COMMANDER",8,5.852367933108712e-05,0.0,2,Regular
Marvel,"MYLZOB'RYN, CHIEF",8,5.852367933108712e-05,0.0,2,Regular
Marvel,"PRIMO, ALEXIS",7,6.562523962041372e-05,3.180503252212473e-06,1,Regular
Marvel,PIRANHA II/,4,4.1505943696087396e-05,0.0,1,Regular
Marvel,ADAM X,29,9.766963377325102e-05,5.625895474411398e-06,5,Regular
Marvel,KLAER,14,5.95903298524875e-05,0.0,2,Regular
Marvel,HAV-AK,14,5.95903298524875e-05,0.0,2,Regular
Marvel,HELKOOKY,14,5.95903298524875e-05,0.0,2,Regular
Marvel,SMASHER,2,2.8247441933662577e-05,0.0,1,Regular
Marvel,LUNATIK/ARISEN TYRK,37,0.00010700149959091406,3.4830724233273826e-06,2,Regular
Marvel,MARISTA,10,4.753260765336894e-05,0.0,13,Regular
Marvel,RYNDA,10,4.753260765336894e-05,0.0,13,Regular
Marvel,AGON,10,4.753260765336894e-05,0.0,13,Regular
Marvel,SPIRAL II/ESTELLE GE,7,4.889456524874754e-05,0.0,7,Regular
Marvel,RAZORFIST IV/MARCO S,7,4.889456524874754e-05,0.0,7,Regular
Marvel,"CARLTON, JAKE",10,5.56322827185365e-05,0.0,1,Regular
Marvel,"COFFY, DET.",14,6.815303100380155e-05,5.837484433374845e-07,1,Regular
Marvel,"CARLTON, LUCY",10,5.56322827185365e-05,0.0,1,Regular
Marvel,"WILLIAMS, NILES",10,5.56322827185365e-05,0.0,1,Regular
Marvel,"ADAMS, CONGRESSMAN H",10,5.1277932035193765e-05,0.0,1,Regular
Marvel,"HALL, MORGAN",12,5.82901373195183e-05,0.0,1,Regular
Marvel,MINISTER BLOOD,36,0.00010289466512995922,3.6572438651739356e-07,11,Regular
Marvel,REXEL TOIVEN,17,6.67306019660747e-05,0.0,13,Regular
Marvel,SMASHER II,10,4.9254567530982035e-05,0.0,1,Regular
Marvel,SHUMA-GORATH,4,3.370690829683264e-05,0.0,2,Regular
Marvel,HARGEN,60,0.00015205482700526371,1.1325507896235386e-05,7,Regular
Marvel,ESON [CELESTIAL],94,0.00022562704919108689,4.355811939582948e-05,7,Regular
Marvel,DRUIG,46,0.00012740191268609163,1.082439362378798e-06,7,Regular
Marvel,ZARIN,35,9.919100177780172e-05,3.642048393274585e-06,7,Regular
Marvel,HULK ROBOT,35,0.00010412412040461248,1.2676418273895615e-05,7,Regular
Marvel,DROMEDAN,19,6.611084846518684e-05,7.056471223276943e-07,7,Regular
Marvel,SIGMAR,11,4.7538419491466985e-05,0.0,7,Regular
Marvel,GAARK,14,6.271729487873854e-05,0.0,7,Regular
Marvel,EKAK,14,6.271729487873854e-05,0.0,7,Regular
Marvel,TAROOK,14,6.271729487873854e-05,0.0,7,Regular
Marvel,"NASH, SABRINA",8,4.5351641482703314e-05,0.0,7,Regular
Marvel,"NASH, JOHN JOHNNY TH",8,4.5351641482703314e-05,0.0,7,Regular
Marvel,PROWLER III/RICK LAW,14,5.847341760282662e-05,0.0,1,Regular
Marvel,ANNALEE,48,0.00012145537107474452,9.762111644052237e-07,5,Regular
Marvel,"ROTH, DR. GERALD",10,5.1691625965616476e-05,0.0,1,Regular
Marvel,CHTYLOK,10,5.1691625965616476e-05,0.0,1,Regular
Marvel,"TOWNSEND, CHRIS",10,5.1691625965616476e-05,0.0,1,Regular
Marvel,MENTUS,14,6.498746220863492e-05,0.0,3,Regular
Marvel,STONECUTTER/UTAMA TO,35,0.00010300051445709876,4.49158020195026e-07,1,Regular
Marvel,EMBER,34,0.00011209730608319278,2.055075137702904e-05,0,Regular
Marvel,"NUGENT, ALICE",27,8.359796865993748e-05,6.921752294762821e-07,0,Regular
Marvel,BLACK BRIGADE,34,0.00011209730608319278,2.055075137702904e-05,0,Regular
Marvel,"TREMONT, JONATHAN",55,0.00014421708256989648,3.1347170053980695e-06,0,Regular
Marvel,LORD TEMPLAR/,42,0.00011604060782058006,2.0526214148160557e-06,0,Regular
Marvel,PELIALI,11,4.8012677645197877e-05,0.0,0,Regular
Marvel,"REVER, BRAD",6,9.377564185840824e-05,0.0,0,Regular
Marvel,"WEASON, SENATOR",6,9.377564185840824e-05,0.0,0,Regular
Marvel,"DUNER, MAJOR",6,9.377564185840824e-05,0.0,0,Regular
Marvel,"HAGER, GENERAL",6,9.377564185840824e-05,0.0,0,Regular
Marvel,"REVER, DAN",6,9.377564185840824e-05,0.0,0,Regular
Marvel,WARGOD/MORA HAGER,6,9.377564185840824e-05,0.0,0,Regular
Marvel,"RYANS, JIM",2,2.748197989751517e-05,0.0,13,Regular
Marvel,SURGEON GENERAL/ANGE,5,3.728602399594609e-05,0.0,1,Regular
Marvel,BUCKY VI/,38,0.00013499322031244887,2.367058400402887e-05,1,Regular
Marvel,WORD II/,25,9.316019206813121e-05,1.470336999992501e-06,1,Regular
Marvel,IZANAMI II,18,7.147746146744639e-05,0.0,1,Regular
Marvel,"VON STRUCKER, WERNER",36,0.00012096653272676295,5.017933065845207e-06,1,Regular
Marvel,"GEDDINGS, JUDITH GHO",4,3.3260883825384403e-05,0.0,1,Regular
Marvel,PAVANE,7,5.124949036453238e-05,0.0,2,Regular
Marvel,HARDCORE/,27,0.00010848396386518391,1.9773880835758755e-05,2,Regular
Marvel,"ANDREWS, DARYL TROOP",31,0.0001274399732659821,1.9012914758956344e-05,2,Regular
Marvel,"MEDINA, ANALISA MARI",32,0.00013335885925018287,2.2092269360797272e-05,2,Regular
Marvel,"LUCAS, JAMES JR.",16,6.987256316406238e-05,7.4598227978132996e-06,2,Regular
Marvel,RAZORFIST ROBOT,9,5.5482973675851414e-05,0.0,2,Regular
Marvel,SHOCKWAVE ROBOT,7,4.785281875623787e-05,0.0,2,Regular
Marvel,"GRIMM, PETUNIA PENNY",10,4.532705049978951e-05,0.0,13,Regular
Marvel,BOULDER/,15,6.592653804345433e-05,2.160657861817119e-06,3,Regular
Marvel,HAMMERHAND,23,9.110275078913474e-05,5.842848553171495e-07,3,Regular
Marvel,WATER WITCH/,15,6.592653804345433e-05,2.160657861817119e-06,3,Regular
Marvel,DIGGER II/,15,6.592653804345433e-05,2.160657861817119e-06,3,Regular
Marvel,"BENJAMIN, BYRON",24,8.335426664542875e-05,1.6537217071264449e-06,3,Regular
Marvel,RAINBOW,17,7.18126974340029e-05,8.10294581719808e-08,3,Regular
Marvel,JAVELIN/DARIN,17,7.18126974340029e-05,8.10294581719808e-08,3,Regular
Marvel,HATCHET-9,3,3.062873093392858e-05,0.0,5,Regular
Marvel,NETTLES,10,5.103497647739468e-05,0.0,5,Regular
Marvel,CHAMBLISS,10,5.103497647739468e-05,0.0,5,Regular
Marvel,MUNSON,10,5.103497647739468e-05,0.0,5,Regular
Marvel,"SMITH, HELEN BACK",9,4.9203991401265244e-05,0.0,5,Regular
Marvel,"SMITH, ANDY",9,4.9203991401265244e-05,0.0,5,Regular
Marvel,REBO,9,4.9203991401265244e-05,0.0,5,Regular
Marvel,"WEALS, MELVIN J.",9,4.9203991401265244e-05,0.0,5,Regular
Marvel,"SHAARA, MR.",11,5.224419448409543e-05,0.0,5,Regular
Marvel,"SHAPANDER, KARIMA",11,5.224419448409543e-05,0.0,5,Regular
Marvel,"SHAARA, MRS.",11,5.224419448409543e-05,0.0,5,Regular
Marvel,"SHAARA, SANJIT",11,5.224419448409543e-05,0.0,5,Regular
Marvel,BLACK DEATH/DR. IVAN,6,3.607219464489083e-05,0.0,5,Regular
Marvel,PET,10,5.916313759832437e-05,0.0,5,Regular
Marvel,MOJO II,21,8.477697929088455e-05,1.1584515086899048e-05,5,Regular
Marvel,KRAGAR,10,5.916313759832438e-05,0.0,5,Regular
Marvel,BRAHAMS,8,4.8816359689780586e-05,0.0,5,Regular
Marvel,"DRISCOLL, MAYOR",9,5.391263571656178e-05,0.0,5,Regular
Marvel,NIRA,9,5.391263571656178e-05,0.0,5,Regular
Marvel,"FLEET, JONAS",3,6.305971115719251e-05,0.0,2,Regular
Marvel,WENDIGO IV/MICHAEL F,3,6.305971115719251e-05,0.0,2,Regular
Marvel,"FLEET, TAMARA",3,6.305971115719251e-05,0.0,2,Regular
Marvel,JESTER III,21,7.321561589798993e-05,4.942207631086819e-06,1,Regular
Marvel,VOLKHVY,11,5.284362171922384e-05,0.0,0,Regular
Marvel,SUPREME COMMANDER,14,6.402547650634186e-05,4.472263968385388e-07,0,Regular
Marvel,"RENKO, DR. IRENO",11,5.284362171922384e-05,0.0,0,Regular
Marvel,DREAMGUARD/DEPUTY WI,7,4.538759417673726e-05,0.0,0,Regular
Marvel,"MUNDY, SHANE",7,4.538759417673726e-05,0.0,0,Regular
Marvel,ORPHAN,7,4.538759417673726e-05,0.0,0,Regular
Marvel,BROKER,11,5.155443347309161e-05,0.0,0,Regular
Marvel,SKEWER,11,5.155443347309161e-05,0.0,0,Regular
Marvel,SKULLBUSTER,44,0.00011344542672725403,3.044315791160969e-07,5,Regular
Marvel,SUPER-ANDROID F-4,8,4.0000062422139706e-05,0.0,13,Regular
Marvel,"WILSON, LOUIS",25,8.378302262568996e-05,1.0818273584940807e-07,1,Regular
Marvel,RICOCHET RITA,32,9.33633918463343e-05,5.890147801171266e-06,5,Regular
Marvel,"NORTH, RICKY",4,3.5879679703958726e-05,5.93141923053188e-07,1,Regular
Marvel,"RIESER, ROB",9,4.858935011727605e-05,0.0,2,Regular
Marvel,YAYAUHCO,5,3.9369958462907926e-05,0.0,2,Regular
Marvel,LORD LEADER,6,3.886662994695937e-05,0.0,2,Regular
Marvel,ZOM,11,5.216582238685324e-05,7.497142489022176e-07,2,Regular
Marvel,"TAYLOR, JENNA",28,9.127083526668553e-05,1.7122284151699262e-06,1,Regular
Marvel,"WATSON, MADELINE",25,8.701280970083977e-05,6.332142540826719e-08,1,Regular
Marvel,"BROWN, FRANK",25,8.701280970083977e-05,6.332142540826719e-08,1,Regular
Marvel,"BYRNES, TIM",25,8.701280970083977e-05,6.332142540826719e-08,1,Regular
Marvel,HUNTSMAN,21,6.986740769395939e-05,4.5851660144066345e-07,7,Regular
Marvel,"KILLDRAGON, HARMONY",10,5.0825443760966845e-05,0.0,2,Regular
Marvel,RED RAVEN II,32,9.156890878803342e-05,9.74361867561851e-07,13,Regular
Marvel,SQUIRREL GIRL/,2,2.798970535388421e-05,0.0,8,Regular
Marvel,ROCKET RACER II/,4,3.362932037620892e-05,0.0,1,Regular
Marvel,KEEVER,4,3.406006336907334e-05,0.0,1,Regular
Marvel,MASTERBLASTER/,4,3.907216370365798e-05,0.0,1,Regular
Marvel,POWERHOUSE II/,4,3.907216370365798e-05,0.0,1,Regular
Marvel,"BROOKS, ANNA",9,4.990216693417105e-05,2.993581760705048e-08,1,Regular
Marvel,"GOONER, MELVIN",9,4.990216693417105e-05,2.993581760705048e-08,1,Regular
Marvel,"THORPE, LUKE",8,4.71544968167498e-05,0.0,1,Regular
Marvel,STYX II,4,3.1812256253834436e-05,0.0,8,Regular
Marvel,RANDOM,21,6.707750551395534e-05,0.0,0,Regular
Marvel,UNCEGILA,1,2.5742454969780822e-05,0.0,5,Regular
Marvel,VIGIL,1,2.5543710308225743e-05,0.0,13,Regular
Marvel,VITCHEN,10,5.156044456454459e-05,5.332440666538214e-07,2,Regular
Marvel,NUGENT,10,5.156044456454459e-05,5.332440666538214e-07,2,Regular
Marvel,BRUTUS KLOR,16,7.317494014281564e-05,0.0,2,Regular
Marvel,SKARABROUS,16,7.317494014281564e-05,0.0,2,Regular
Marvel,MOLGOTHA,16,7.317494014281564e-05,0.0,2,Regular
Marvel,SIFFROR,16,7.317494014281564e-05,0.0,2,Regular
Marvel,MALEVOLENCE,16,7.317494014281564e-05,0.0,2,Regular
Marvel,PHEMOUS,16,7.317494014281564e-05,0.0,2,Regular
Marvel,THOG,16,7.317494014281564e-05,0.0,2,Regular
Marvel,VILIVEN,16,7.317494014281564e-05,0.0,2,Regular
Marvel,HEDRON,16,7.317494014281564e-05,0.0,2,Regular
Marvel,GLEEG,7,4.329439140753951e-05,0.0,2,Regular
Marvel,ALCHEMY/THOMAS JONES,38,0.0001025067918064518,2.9138273773351807e-07,5,Regular
Marvel,JESTER II,29,8.825756379426792e-05,3.998038300354405e-06,5,Regular
Marvel,EXECUTIONER IV,20,6.833560956559105e-05,0.0,5,Regular
Marvel,KNAVE,20,6.833560956559105e-05,0.0,5,Regular
Marvel,RED QUEEN,20,6.833560956559105e-05,0.0,5,Regular
Marvel,NECROM,28,8.455779149743736e-05,1.4802120053977313e-07,5,Regular
Marvel,ANTI-PHOENIX,17,6.014424809734358e-05,0.0,5,Regular
Marvel,"KLEIN, SHIRLEY",15,6.627781542376584e-05,3.1001303168707592e-06,2,Regular
Marvel,"KLEIN, STANLEY",15,6.627781542376584e-05,3.1001303168707592e-06,2,Regular
Marvel,"KEMEL, MEHMET",27,0.00010493789402124805,3.0239866249931876e-06,0,Regular
Marvel,BRANSON,11,5.630482664410116e-05,0.0,2,Regular
Marvel,"GROVES, GEN. MCALLIS",9,4.853972349842048e-05,0.0,2,Regular
Marvel,ALANYA,13,6.03081409850781e-05,0.0,0,Regular
Marvel,"BUSIEK, KURT",13,6.03081409850781e-05,0.0,0,Regular
Marvel,"DAVID, PETER",13,6.03081409850781e-05,0.0,0,Regular
Marvel,WITHERS,16,5.7696462840925686e-05,0.0,0,Regular
Marvel,"ENGLEHART, STEVE",14,5.636544499482381e-05,9.874379058020282e-07,7,Regular
Marvel,HYENA/HENRY MORTONSO,16,6.20522209293093e-05,1.6141531437137248e-07,2,Regular
Marvel,SHARK/,11,5.146101741463133e-05,0.0,2,Regular
Marvel,"DELAZNY, CHARLES L.",12,5.163809007220356e-05,4.952359742819432e-08,0,Regular
Marvel,MALICE II,4,3.443237331988843e-05,0.0,2,Regular
Marvel,CODY,10,4.998903767669084e-05,1.1127145905444392e-07,5,Regular
Marvel,LUDI,7,4.100127903113623e-05,0.0,2,Regular
Marvel,NINGAL,6,3.9047825446349735e-05,0.0,2,Regular
Marvel,"EISMAN, BETTY",3,3.965985231941945e-05,0.0,1,Regular
Marvel,"RUIZ, DR. BERNARDO",3,3.965985231941945e-05,0.0,1,Regular
Marvel,VIBRANIA/SHARA,3,3.008948966465086e-05,0.0,3,Regular
Marvel,KALMARI,2,2.7875190749789892e-05,0.0,8,Regular
Marvel,CRIMSON DYNAMO/PROF.,6,4.2130959763593515e-05,0.0,0,Regular
Marvel,CRIMSON DYNAMO II/BO,5,3.854400062562129e-05,0.0,0,Regular
Marvel,MIDGET,50,0.00012420761867668273,2.454538265061738e-07,5,Regular
Marvel,TENPIN/ALVIN HEALEY,17,7.038208154182897e-05,2.5260214691692447e-06,0,Regular
Marvel,RINGLEADER,17,7.038208154182897e-05,2.5260214691692447e-06,0,Regular
Marvel,KNICK KNACK,17,7.038208154182897e-05,2.5260214691692447e-06,0,Regular
Marvel,BLUE STREAK/,32,9.577756710028523e-05,9.108248411928468e-07,2,Regular
Marvel,EL JAGUAR,49,0.00013470148294252962,5.683172388408064e-06,11,Regular
Marvel,GRAPPLER,39,0.0001145086213661938,1.9397387420854372e-06,11,Regular
Marvel,HELLRAZOR,38,0.00011030234031254152,3.885571239033898e-06,11,Regular
Marvel,STEEPLEJACK II/MAXWE,35,0.00010070877052218441,2.0261033252676513e-07,11,Regular
Marvel,CYCLONE,51,0.0001413267869796391,1.0297266332664676e-05,11,Regular
Marvel,"RADD, FENNAN",4,3.439477102525727e-05,0.0,8,Regular
Marvel,AIR WALKER/ARLO SAMU,2,2.7899539240629788e-05,0.0,11,Regular
Marvel,BLACK RAZER,2,2.7501129153354813e-05,0.0,8,Regular
Marvel,PANTHER CUB/,6,0.00015561780267662619,0.0,-1,Regular
Marvel,MANT/ERNEST,6,0.00015561780267662619,0.0,-1,Regular
Marvel,SWORDSMAN IV/,6,0.00015561780267662619,0.0,-1,Regular
Marvel,"DARLEGUNG, GEN.",6,0.00015561780267662619,0.0,-1,Regular
Marvel,AMAZO-MAXI-WOMAN/,6,0.00015561780267662619,0.0,-1,Regular
Marvel,MISS THING/MARY,6,0.00015561780267662619,0.0,-1,Regular
Marvel,STERLING,6,0.00015561780267662619,0.0,-1,Regular
Marvel,SERESTUS,27,7.845048816398254e-05,0.0,0,Regular
Marvel,JEMIAH,69,0.0001721737169180808,1.6944613732370544e-05,7,Regular
Marvel,NAGA,3,3.122345554297602e-05,0.0,2,Regular
Marvel,"ANDERSSEN, TANYA",63,0.00015998735947633043,5.3382830249372865e-06,5,Regular
Marvel,TIMBERIUS II,20,6.483284812688252e-05,0.0,5,Regular
Marvel,DEFENSOR,137,0.0003077387366483184,2.153096069377647e-05,2,Regular
Marvel,COLLECTIVE MAN,138,0.0003291663802257387,0.000177197212250439,2,Regular
Marvel,TALISMAN,115,0.0002605116655461352,1.5149309982053713e-05,2,Regular
Marvel,WENDIGO/PAUL CARTIER,7,4.1302139099018455e-05,2.9392320555361115e-08,2,Regular
Marvel,BI-BEAST,4,3.247653449923644e-05,0.0,2,Regular
Marvel,BERSERKER,9,4.2332116003842654e-05,0.0,0,Regular
Marvel,"IMMORTUS, MARCUS",32,9.12102323934047e-05,4.646156677223724e-07,0,Regular
Marvel,PATCHWORK/KYLE BARKE,8,5.2942192193015255e-05,5.540308336752655e-07,2,Regular
Marvel,GEIGER/DELILAH DEEDE,8,5.2942192193015255e-05,5.540308336752655e-07,2,Regular
Marvel,"SHARP, TRINA",8,5.2942192193015255e-05,5.540308336752655e-07,2,Regular
Marvel,"PINKERTON, RUDY",6,4.6498949439122104e-05,0.0,2,Regular
Marvel,CYNAS,43,0.00011842242175214671,2.6572355880502934e-07,13,Regular
Marvel,SAPPHIRAS,43,0.00011842242175214671,2.6572355880502934e-07,13,Regular
Marvel,FURGAR,43,0.00011842242175214671,2.6572355880502934e-07,13,Regular
Marvel,TARGON,43,0.00011842242175214671,2.6572355880502934e-07,13,Regular
Marvel,PORCAL,36,0.00010291114441490033,2.3007925946209987e-07,13,Regular
Marvel,"FORTHWARD, KENT",15,6.069447685744353e-05,0.0,8,Regular
Marvel,"FLORES, JAMIE",70,0.0001791614690326448,2.6777716792821812e-05,8,Regular
Marvel,WONDER MAN DOPPELGAN,69,0.00016490177537917304,2.492997227598848e-06,8,Regular
Marvel,"PHIM, FATHER",23,9.836113496704222e-05,1.6345758454299551e-06,0,Regular
Marvel,ANGKOR,7,4.0643280580890204e-05,0.0,8,Regular
Marvel,ROCKWALL,7,4.0483818741405014e-05,0.0,1,Regular
Marvel,"THOMAS, DR. JOHN",12,4.93356725994683e-05,0.0,5,Regular
Marvel,MASTER MOLD,29,8.831069537207055e-05,2.138076300412259e-06,5,Regular
Marvel,"MARKO, KURT",15,5.623270468133163e-05,1.9455546616769477e-07,5,Regular
Marvel,NEEDLE,39,0.00011289936249338176,2.8315790822834205e-05,0,Regular
Marvel,WORD,7,4.3412886107401264e-05,3.30952454123876e-07,13,Regular
Marvel,ULTIMA,7,4.3412886107401264e-05,3.30952454123876e-07,13,Regular
Marvel,"TOLLIVER, SHERIFF JO",16,6.359126958423461e-05,1.0694288805082857e-06,2,Regular
Marvel,"SOUSA, PAUL",12,5.437327791315806e-05,0.0,1,Regular
Marvel,"APPLEBAUM, PHANTASY",12,5.379842577502636e-05,0.0,1,Regular
Marvel,MASTERMIND III,14,8.472804690556538e-05,1.7831326989029775e-05,5,Regular
Marvel,"COLLINS, EMMA",9,5.1252806941794204e-05,2.2702232399345514e-06,5,Regular
Marvel,"RADCLIFFE, TODD",12,6.331133881768653e-05,2.485437774156232e-06,5,Regular
Marvel,"CAMPBELL, VALERIE",4,4.5386580930547315e-05,0.0,5,Regular
Marvel,"BRADDOCK, ELIZABETH",4,4.5386580930547315e-05,0.0,5,Regular
Marvel,"BRADDOCK, JAMES",12,7.00066693060862e-05,1.9294969656530296e-06,5,Regular
Marvel,BARRINGTON,14,5.484178810364815e-05,0.0,5,Regular
Marvel,"FROST, CORDELIA",30,9.708838212746878e-05,3.935212559118815e-06,5,Regular
Marvel,"KAISHEK, HAAN",7,5.392132487553207e-05,0.0,5,Regular
Marvel,"KAISHEK, KIA",8,6.094538704532965e-05,0.0,5,Regular
Marvel,TUPA,7,5.392132487553207e-05,0.0,5,Regular
Marvel,MEGA MAX/,10,7.805422549474132e-05,0.0,5,Regular
Marvel,"CROWE, GERONIMO",10,7.805422549474132e-05,0.0,5,Regular
Marvel,MINI MAX/,10,7.805422549474132e-05,0.0,5,Regular
Marvel,CARGO,10,7.805422549474132e-05,0.0,5,Regular
Marvel,HARDWIRE/,10,7.805422549474132e-05,0.0,5,Regular
Marvel,PIGSKIN/,10,7.805422549474132e-05,0.0,5,Regular
Marvel,VANCE REBUS/,10,7.805422549474132e-05,0.0,5,Regular
Marvel,RECKLESS ERIC/,10,7.805422549474132e-05,0.0,5,Regular
Marvel,SEETAH,4,3.6176320324666335e-05,0.0,13,Regular
Marvel,DEMOLITION MAN DOPPE,21,6.996895900567749e-05,6.627931856242359e-08,11,Regular
Marvel,"BENWAY, DR.",18,6.465458302911184e-05,1.669112756847674e-07,11,Regular
Marvel,MALTZ,9,9.531350222142276e-05,0.0,2,Regular
Marvel,ARMAND,9,9.531350222142276e-05,0.0,2,Regular
Marvel,"SEWARD, ANNE",9,9.531350222142276e-05,0.0,2,Regular
Marvel,"SEWARD, DR. CHARLES",9,9.531350222142276e-05,0.0,2,Regular
Marvel,"SEWARD, ELISABETH",9,9.531350222142276e-05,0.0,2,Regular
Marvel,"SEWARD, JANE",9,9.531350222142276e-05,0.0,2,Regular
Marvel,"FLORESCU, ANTON",9,9.531350222142276e-05,0.0,2,Regular
Marvel,"PENNINGTON, AUDRA",9,9.531350222142276e-05,0.0,2,Regular
Marvel,MARVEL WOMAN | MUTAN,65,0.000250376658089104,1.070625574439398e-05,15,Regular
Marvel,DR. STRANGE | MUTANT,65,0.00022139241827014497,3.891656288916563e-07,15,Regular
Marvel,VENDETTA | MUTANT X-,14,6.784154513934365e-05,0.0,15,Regular
Marvel,"FURY, NICK | MUTANT ",35,0.00013873910808078797,4.809607886279168e-06,15,Regular
Marvel,STINGRAY | MUTANT X-,65,0.00022139241827014497,3.891656288916563e-07,15,Regular
Marvel,YELLOWJACKET II | MU,65,0.00022139241827014497,3.891656288916563e-07,15,Regular
Marvel,DOC SAMSON | MUTANT ,14,6.784154513934365e-05,0.0,15,Regular
Marvel,"RICHARDS, REED | MUT",76,0.00026074304150962936,8.28195128864494e-06,15,Regular
Marvel,FIRESTAR | MUTANT X-,14,6.784154513934365e-05,0.0,15,Regular
Marvel,"STORM, JOHNNY | MUTA",33,0.00012866205380468893,5.306804030340767e-07,15,Regular
Marvel,LACE/,3,3.9130490012624e-05,0.0,1,Regular
Marvel,LEATHER/,3,3.9130490012624e-05,0.0,1,Regular
Marvel,"MIFUNE, DR.",8,4.07539227681447e-05,0.0,11,Regular
Marvel,RASPUTIN,12,5.059711699979535e-05,2.0801549888362446e-07,5,Regular
Marvel,"MARTINEZ, MR.",7,4.80585441882478e-05,0.0,1,Regular
Marvel,"MARTINEZ, AKASHA",7,4.80585441882478e-05,0.0,1,Regular
Marvel,"PEEL, EMMA",31,8.68771823166984e-05,0.0,0,Regular
Marvel,POPEYE,31,8.68771823166984e-05,0.0,0,Regular
Marvel,"STEED, JOHN",31,8.68771823166984e-05,0.0,0,Regular
Marvel,CRIMSON DYNAMO IV/YU,12,5.096854125159706e-05,0.0,0,Regular
Marvel,DIONYSUS [GREEK GOD],31,9.400795272482854e-05,8.884276741081288e-07,7,Regular
Marvel,MASTER OM,12,5.7888550116789204e-05,5.451277894599424e-08,1,Regular
Marvel,"SENREICH, GUNTHER",12,5.7888550116789204e-05,5.451277894599424e-08,1,Regular
Marvel,CORONA/DAGNY FORREST,10,5.231993706995434e-05,0.0,1,Regular
Marvel,"FENTON, BARNEY",8,4.702627470209902e-05,0.0,1,Regular
Marvel,"FORRESTER, DR. CEDRI",10,5.231993706995434e-05,0.0,1,Regular
Marvel,"SPERZEL, ANTON",5,3.5965205884146976e-05,0.0,1,Regular
Marvel,"WEISMAN, DR.",14,5.478652205193972e-05,5.7288288786506285e-08,5,Regular
Marvel,GAMESMASTER/JEREMY,32,9.418170870692936e-05,6.282028088746056e-07,5,Regular
Marvel,MONSTER FROM THE LOS,10,4.429747012930682e-05,0.0,13,Regular
Marvel,JENSKOT/ALIYA,8,4.1335959912734975e-05,0.0,5,Regular
Marvel,"GANGER, CARMEN",8,4.8912037855360606e-05,0.0,8,Regular
Marvel,DIGGER,40,0.0001143944406578143,2.7481095365836034e-05,0,Regular
Marvel,LEVIATHAN II/EDWARD ,30,8.69235378702889e-05,4.363173321825816e-07,11,Regular
Marvel,RODOR,4,4.0534802737788786e-05,0.0,3,Regular
Marvel,TINAC,4,4.0534802737788786e-05,0.0,3,Regular
Marvel,BOUNTY,14,6.761583157524368e-05,5.854298733590909e-06,5,Regular
Marvel,TRYKUR,13,8.386224847834619e-05,0.0,12,Regular
Marvel,GRESIG,13,8.386224847834619e-05,0.0,12,Regular
Marvel,RU,11,8.136344729069957e-05,0.0,12,Regular
Marvel,BORROB,11,8.136344729069957e-05,0.0,12,Regular
Marvel,"REISS, JACOB",5,3.5347958333173816e-05,0.0,8,Regular
Marvel,"MARLOPOLIS, EDGAR",1,2.5438097617669667e-05,0.0,3,Regular
Marvel,"FALLON, HOWARD",9,4.7826402321048966e-05,0.0,5,Regular
Marvel,"PENNYWORTH, J.C.",36,0.00010172489927691406,2.380177767296643e-06,3,Regular
Marvel,VIRAKO,25,8.277062667141395e-05,2.691893368141688e-06,7,Regular
Marvel,CHI DEMON/PROFESSOR ,15,6.007995424513913e-05,0.0,7,Regular
Marvel,TOMORROW HAWK/CEYOTE,15,6.007995424513913e-05,0.0,7,Regular
Marvel,"DEVEREAUX, IRIS",15,6.007995424513913e-05,0.0,7,Regular
Marvel,SPARX/AURELLE,15,6.007995424513913e-05,0.0,7,Regular
Marvel,PSYCHE II/PSYKOS/RON,15,6.007995424513913e-05,0.0,7,Regular
Marvel,TRAPPER/VOLA,19,7.867253914110612e-05,3.511202057731653e-06,0,Regular
Marvel,PULSAR/PLOR,15,6.442416871317938e-05,7.665161535876533e-07,0,Regular
Marvel,UNSEEN/UNAM,9,5.2231367368042896e-05,2.6379191190066597e-07,0,Regular
Marvel,BREAKER/RAAK,9,5.2231367368042896e-05,2.6379191190066597e-07,0,Regular
Marvel,"GRIMM, BEN | EARTH-A",14,5.893361408251362e-05,2.7121618658870987e-08,13,Regular
Marvel,"GRIMM, SUE STORM EAR",13,5.569656533579706e-05,0.0,13,Regular
Marvel,"RICHARDS, REED | EAR",15,6.107734075548798e-05,2.7121618658870987e-08,13,Regular
Marvel,SKY-WALKER,4,3.365408743196207e-05,0.0,1,Regular
Marvel,COPPERHEAD/LAWRENCE ,6,3.941984419588346e-05,0.0,1,Regular
Marvel,TORPEDO II/MICHAEL S,4,3.288930072536702e-05,0.0,1,Regular
Marvel,JACKHAMMER,27,8.4843749030432e-05,4.832281721195846e-05,11,Regular
Marvel,COGGER,12,6.544392042675355e-05,1.6510056983282385e-07,1,Regular
Marvel,KRUEL/VICTOR KRUELLE,13,6.950288915157516e-05,1.6510056983282385e-07,1,Regular
Marvel,"STITHY, THEODORE",7,4.81046379214465e-05,0.0,1,Regular
Marvel,"GARRETT, JOHN",15,6.960727217657349e-05,1.1492229736447451e-06,1,Regular
Marvel,HELLSPAWN,6,4.1757296021776644e-05,4.88673482877069e-08,1,Regular
Marvel,ELAMRON,10,4.8176092710164165e-05,0.0,2,Regular
Marvel,"LUMPKIN, WILLIE | TI",25,8.526669985851396e-05,0.0,0,Regular
Marvel,"MCCALL, MEREDITH | T",25,8.526669985851396e-05,0.0,0,Regular
Marvel,"MURDOCK, MATT | TIME",25,8.526669985851396e-05,0.0,0,Regular
Marvel,"GRIMM, BEN | TIMESLI",25,8.526669985851396e-05,0.0,0,Regular
Marvel,DR. DOOM | TIMESLIDE,25,8.526669985851396e-05,0.0,0,Regular
Marvel,"STORM, SUE | TIMESLI",25,8.526669985851396e-05,0.0,0,Regular
Marvel,"STARK, HOWARD | TIME",25,8.526669985851396e-05,0.0,0,Regular
Marvel,"STARK, MARIA | TIMES",25,8.526669985851396e-05,0.0,0,Regular
Marvel,"JARVIS, EDWIN | TIME",25,8.526669985851396e-05,0.0,0,Regular
Marvel,"PARKER, MAY | TIMESL",25,8.526669985851396e-05,0.0,0,Regular
Marvel,"PARKER, PETER | TIME",25,8.526669985851396e-05,0.0,0,Regular
Marvel,"FORD, GERALD",4,3.355356535533249e-05,0.0,2,Regular
Marvel,KAA,13,5.286529244137207e-05,9.680509263819887e-08,2,Regular
Marvel,DEVASTATOR/KIROV PET,3,3.045890406896972e-05,0.0,2,Regular
Marvel,FUSION/MARKLEY,11,6.183676921402671e-05,0.0,1,Regular
Marvel,BARKER,11,6.183676921402671e-05,0.0,1,Regular
Marvel,"MCCULLOUGH, DR. ANDR",8,5.335722819310188e-05,0.0,1,Regular
Marvel,"EARLE, CARYN",11,6.183676921402671e-05,0.0,1,Regular
Marvel,"WILLIFORD, BRENT",8,5.335722819310186e-05,0.0,1,Regular
Marvel,FREDD,10,4.8710419710578256e-05,0.0,8,Regular
Marvel,WALKER,7,4.179726091788676e-05,0.0,8,Regular
Marvel,"OLAFSON, ERIC",7,4.179726091788676e-05,0.0,8,Regular
Marvel,PICARO/FELIPE,13,5.2330804124137674e-05,0.0,0,Regular
Marvel,NOVA III/FRANKIE RAY,11,4.9626465237724446e-05,0.0,13,Regular
Marvel,"BLAKE, KENT",2,2.819844280671116e-05,0.0,1,Regular
Marvel,BALOR,23,7.994879309075026e-05,1.1971721770015948e-05,0,Regular
Marvel,ELATHAN,16,6.391681162063964e-05,0.0,0,Regular
Marvel,CETHLANN,16,6.391681162063964e-05,0.0,0,Regular
Marvel,INDECH,16,6.391681162063964e-05,0.0,0,Regular
Marvel,TETHRA,16,6.391681162063964e-05,0.0,0,Regular
Marvel,DULB,16,6.391681162063964e-05,0.0,0,Regular
Marvel,INTELLIGENTSIA,7,3.9993737490710734e-05,0.0,2,Regular
Marvel,"YORK, SANDY",7,5.6869604598684825e-05,0.0,5,Regular
Marvel,HURRICANE II,7,5.6869604598684825e-05,0.0,5,Regular
Marvel,"BAPTISTE, TANTE MATT",5,8.485559935537084e-05,0.0,9,Regular
Marvel,"STOKER, OLIVIER",5,8.485559935537084e-05,0.0,9,Regular
Marvel,ANIELLE,5,8.485559935537084e-05,0.0,9,Regular
Marvel,SYBIL,5,8.485559935537084e-05,0.0,9,Regular
Marvel,SISTER KATRINA,5,8.485559935537084e-05,0.0,9,Regular
Marvel,MARAUDER,20,7.982428334702679e-05,8.558825851752185e-06,1,Regular
Marvel,"HILL, GEORGE",3,2.9571871016880294e-05,0.0,13,Regular
Marvel,"WILFORD, ETHAN",17,5.9817287726916105e-05,2.604279479188564e-07,0,Regular
Marvel,MAGNOR,9,7.21910016849884e-05,0.0,0,Regular
Marvel,GRANITOR,9,7.21910016849884e-05,0.0,0,Regular
Marvel,"SIMON, FELIX",20,0.00011439615768451861,1.9131189871591862e-05,0,Regular
Marvel,KOSHIMA,12,5.077476339929628e-05,0.0,13,Regular
Marvel,GAARD/JOHNNY STORM E,21,7.846365724270546e-05,1.427722890390919e-06,13,Regular
Marvel,"MARIN, DR.",22,9.045487454176771e-05,9.193756433155695e-06,10,Regular
Marvel,"RATLIFF, OFFICER LAR",11,5.9459600535601805e-05,0.0,10,Regular
Marvel,DAY,13,5.48809810045583e-05,5.367801777815949e-08,1,Regular
Marvel,GARM,5,3.3428077018472145e-05,0.0,7,Regular
Marvel,SPHINX II,49,0.00013719523731989052,4.5191922109295824e-06,3,Regular
Marvel,ASYLUM/,26,8.252043160622276e-05,5.03302290111759e-07,3,Regular
Marvel,"JANES, FATHER MICHAE",38,0.00011832338524435517,3.6399172947325627e-06,3,Regular
Marvel,"SHAUNEGHANN, MICHAEL",32,9.754573152773914e-05,5.208955087941684e-07,3,Regular
Marvel,"YAMIR, SASHA",28,8.800476983730518e-05,0.0,3,Regular
Marvel,"BARRENOS, OMAR",29,9.079301207547878e-05,8.251810331482531e-08,3,Regular
Marvel,BEEF/,28,8.800476983730518e-05,0.0,3,Regular
Marvel,BEVATRON/,28,8.800476983730518e-05,0.0,3,Regular
Marvel,"HO, LI MUAN",28,8.800476983730518e-05,0.0,3,Regular
Marvel,COLLECTIVE MAN II,11,5.122931091768774e-05,0.0,5,Regular
Marvel,NUWA,11,5.122931091768774e-05,0.0,5,Regular
Marvel,JARDINE,20,6.849288852048361e-05,2.061804656379636e-08,5,Regular
Marvel,"SCICLUNA, MICHELE",17,6.204516437918804e-05,0.0,5,Regular
Marvel,THREADGOLD,17,6.204516437918804e-05,0.0,5,Regular
Marvel,MASTERMIND II/BOWERS,2,2.87012269529206e-05,0.0,0,Regular
Marvel,RAMROD,12,5.237711802010692e-05,0.0,0,Regular
Marvel,ACBA,34,9.220170264976669e-05,0.0,7,Regular
Marvel,EGMA,34,9.220170264976669e-05,0.0,7,Regular
Marvel,EDDA,34,9.220170264976669e-05,0.0,7,Regular
Marvel,MARVEL BOY VI,58,0.00015240968267110272,1.4722762466037541e-05,7,Regular
Marvel,STYGIAN STARBENDER,43,0.00011851433173675947,3.3643388932179467e-06,7,Regular
Marvel,TRANTRA,34,9.804915954458835e-05,7.865078588635669e-07,7,Regular
Marvel,REE,34,9.804915954458835e-05,7.865078588635669e-07,7,Regular
Marvel,SARDAN,20,6.72707375635037e-05,0.0,7,Regular
Marvel,FAITH,20,6.72707375635037e-05,0.0,7,Regular
Marvel,THERMO II/,15,5.532209289588706e-05,0.0,7,Regular
Marvel,ANOMALY,20,6.577226394354833e-05,0.0,7,Regular
Marvel,KID REAPER,45,0.00011922740451405936,6.275323615686059e-06,7,Regular
Marvel,"MARTINEZ, ALITHA",39,0.00011800304492585542,0.0,1,Regular
Marvel,"LAMY, KELLY",39,0.00011800304492585542,0.0,1,Regular
Marvel,"PALMIOTTI, JIMMY",39,0.00011800304492585542,0.0,1,Regular
Marvel,"DAKESIAN, NANCI",39,0.00011800304492585542,0.0,1,Regular
Marvel,"QUESADA, JOE",39,0.00011800304492585542,0.0,1,Regular
Marvel,"SMITH, KEVIN",39,0.00011800304492585542,0.0,1,Regular
Marvel,"EVERETT, BILL",39,0.00011800304492585542,0.0,1,Regular
Marvel,"MCKENZIE, LYDIA",41,0.00012757006040838337,8.16237100485247e-06,1,Regular
Marvel,"QUINN, ASHLEY",39,0.00011800304492585542,0.0,1,Regular
Marvel,"MILLER, FRANK",39,0.00011800304492585542,0.0,1,Regular
Marvel,GABRIEL III,10,4.897059800139248e-05,0.0,1,Regular
Marvel,BAAL II,6,3.849398442910549e-05,0.0,1,Regular
Marvel,"FRANKLIN, JEREMY",18,8.296103294536912e-05,1.15529248778452e-06,1,Regular
Marvel,"STAHL, VERONICA",7,4.6298746512286635e-05,0.0,1,Regular
Marvel,"HECK, DON",10,5.159194357328307e-05,0.0,2,Regular
Marvel,"ROMITA, JOHN",10,5.159194357328307e-05,0.0,2,Regular
Marvel,"TRIMPE, HERB",10,5.159194357328307e-05,0.0,2,Regular
Marvel,"SEVERIN, MARIE",10,5.159194357328307e-05,0.0,2,Regular
Marvel,"MURPHY, JOBOA",14,5.951100834938694e-05,0.0,3,Regular
Marvel,MOBIUS,6,3.578781982354065e-05,0.0,13,Regular
Marvel,DOCTOR MANDIBUS,7,4.128216169866951e-05,0.0,8,Regular
Marvel,"THORPE, GAVIN",20,7.890884867494652e-05,1.1920866540740208e-06,1,Regular
Marvel,CRIME-MASTER/NICK LU,9,4.5758583396081476e-05,0.0,1,Regular
Marvel,"DOMANI, DINO",2,4.4408643842790374e-05,0.0,0,Regular
Marvel,"ROMANO, TONY",2,4.4408643842790374e-05,0.0,0,Regular
Marvel,"PIKE, FRISCO",8,4.418456039526246e-05,0.0,0,Regular
Marvel,OLD WOMAN,18,7.463195512881095e-05,0.0,0,Regular
Marvel,WARFIST,18,7.463195512881095e-05,0.0,0,Regular
Marvel,"MILLER, TRACE",13,6.794661162675471e-05,2.5010621470170013e-06,0,Regular
Marvel,"MENDELSON, DR. MACK",11,6.922926706066676e-05,1.8891762731466276e-06,0,Regular
Marvel,COLD WARRIOR,6,4.548130270080541e-05,0.0,0,Regular
Marvel,DEATHTOLL,9,6.227918181039973e-05,0.0,0,Regular
Marvel,LEVITICUS,5,4.380707721727336e-05,0.0,0,Regular
Marvel,KARSANO,4,3.504299476618817e-05,0.0,1,Regular
Marvel,ISIS,14,5.30965474917032e-05,4.9157763649472375e-08,7,Regular
Marvel,"PARKER, MAY III",24,8.395670792751307e-05,0.0,1,Regular
Marvel,"HATCHWAY, VERNON",34,9.964524429014477e-05,5.672485847580175e-07,11,Regular
Marvel,"RIORDAN, JIMMY",13,5.0799539864076674e-05,0.0,11,Regular
Marvel,AJES'HA,15,5.5927570271061386e-05,0.0,11,Regular
Marvel,CURSED LOTUS,5,8.763884662196331e-05,0.0,2,Regular
Marvel,WILD TIGER/DENG LING,5,8.763884662196331e-05,0.0,2,Regular
Marvel,"WOO, MAI YIN",5,8.763884662196331e-05,0.0,2,Regular
Marvel,"WOO, CHOW YUN",5,8.763884662196331e-05,0.0,2,Regular
Marvel,BERSERKER III,21,6.545032968657519e-05,0.0,5,Regular
Marvel,MENDICUS,22,8.12859905591778e-05,6.945308823861037e-08,13,Regular
Marvel,HELLFIRE/MIKAL DRAGO,5,5.196856433661304e-05,5.7198649302230455e-06,1,Regular
Marvel,"DRAGONMEGAS, JESSIE",4,4.8135309746323926e-05,0.0,1,Regular
Marvel,RED GUARDIAN IV,19,6.379939332533346e-05,0.0,2,Regular
Marvel,GLADIATRIX,19,6.379939332533346e-05,0.0,2,Regular
Marvel,FANTASIA,19,6.379939332533346e-05,0.0,2,Regular
Marvel,ULTARNT,13,5.441726832927714e-05,0.0,13,Regular
Marvel,ELEJEA,19,7.272617904773704e-05,5.790677527228075e-08,13,Regular
Marvel,BLACK WIDOW II/YELEN,20,7.82437110793481e-05,5.302033557285864e-06,13,Regular
Marvel,"LENO, JAY",14,5.7070106147128055e-05,0.0,13,Regular
Marvel,"SPRINGER, JERRY",14,5.7070106147128055e-05,0.0,13,Regular
Marvel,VERITUS,13,5.6702168075574475e-05,0.0,13,Regular
Marvel,ASTROLOGER/,3,3.0154120575430658e-05,0.0,0,Regular
Marvel,"TENKO, CARTER",4,3.852248784925558e-05,0.0,2,Regular
Marvel,"HEDERMAN, LOTTIE",4,3.852248784925558e-05,0.0,2,Regular
Marvel,MODT,40,0.00010622745216352881,2.3119697168372312e-07,5,Regular
Marvel,WYNTER,19,7.428153314059545e-05,0.0,5,Regular
Marvel,OPSIDIAN/,19,7.428153314059545e-05,0.0,5,Regular
Marvel,IRON MAIDEN II/,19,7.428153314059545e-05,0.0,5,Regular
Marvel,INTEGER,19,7.428153314059545e-05,0.0,5,Regular
Marvel,BETTY-6,21,0.00013927716676056232,3.896441116016519e-06,16,Regular
Marvel,QUARRY,17,0.00011283486613081675,0.0,16,Regular
Marvel,WATTS,17,0.00011283486613081675,0.0,16,Regular
Marvel,PO,21,0.00013927716676056232,3.896441116016519e-06,16,Regular
Marvel,SHULK,17,0.00011283486613081675,0.0,16,Regular
Marvel,CYBERSLIK,21,0.00013927716676056232,3.896441116016519e-06,16,Regular
Marvel,SLEEK,21,0.00013927716676056232,3.896441116016519e-06,16,Regular
Marvel,MOK,21,0.00013927716676056232,3.896441116016519e-06,16,Regular
Marvel,MO,17,0.00011283486613081675,0.0,16,Regular
Marvel,LIBRITO,21,0.00013927716676056232,3.896441116016519e-06,16,Regular
Marvel,JOUST,17,0.00011283486613081675,0.0,16,Regular
Marvel,FLO,17,0.00011283486613081675,0.0,16,Regular
Marvel,KASPIN,21,0.00013927716676056232,3.896441116016519e-06,16,Regular
Marvel,CHAR,21,0.00013927716676056232,3.896441116016519e-06,16,Regular
Marvel,PREECHA,17,0.00011283486613081675,0.0,16,Regular
Marvel,CHIRA,12,9.206639698385776e-05,0.0,16,Regular
Marvel,"AGARN, CAPT.",12,9.206639698385776e-05,0.0,16,Regular
Marvel,RAI,12,9.206639698385776e-05,0.0,16,Regular
Marvel,UNIT,12,9.206639698385776e-05,0.0,16,Regular
Marvel,"CHURCHILL, LORD",48,0.00012628599780425948,3.977053077310416e-06,5,Regular
Marvel,BURST/,20,6.514029325974134e-05,0.0,5,Regular
Marvel,"STEED, MR.",20,6.514029325974134e-05,0.0,5,Regular
Marvel,CRANUS,13,5.198985491942801e-05,0.0,5,Regular
Marvel,GULLO,13,5.198985491942801e-05,0.0,5,Regular
Marvel,TERRAX,14,5.595633070211775e-05,1.0894391342710148e-08,1,Regular
Marvel,FOOLKILLER/ROSS EVER,2,2.857207405354663e-05,0.0,1,Regular
Marvel,INSOMNIA/,9,4.9085874516093996e-05,0.0,1,Regular
Marvel,"BRINKE, NIOMI",9,4.9085874516093996e-05,0.0,1,Regular
Marvel,"GRIPPO, BILLY",7,4.141347269168003e-05,0.0,1,Regular
Marvel,"GRAZIA, VINCENT VINN",8,4.541461069774741e-05,0.0,1,Regular
Marvel,"GATZ, WILLIAM BILLY",8,4.5570361715864576e-05,0.0,1,Regular
Marvel,PRODIGAL/,55,0.00014904495759465362,8.045906836138396e-06,5,Regular
Marvel,PIROUETTE/JOBETH,40,0.0001096480388922598,1.9373883383634044e-06,5,Regular
Marvel,TENELLE,12,5.242439249194532e-05,0.0,2,Regular
Marvel,"NACHT, HERR",20,6.934791992406439e-05,1.4423621210669779e-08,2,Regular
Marvel,MARVEL BOY VIII/NOH-,5,0.00013719054980039893,0.0,0,Regular
Marvel,MERREE,4,0.00011153973531351466,0.0,0,Regular
Marvel,DR. MIDAS/,9,0.00017191347838682488,0.0007783312577833125,0,Regular
Marvel,PLEX INTELLIGENCE,5,0.00013719054980039893,0.0,0,Regular
Marvel,CAPTAIN GLORY,4,0.00011153973531351466,0.0,0,Regular
Marvel,PIPER,77,0.0001820433525433727,1.4840196919848165e-05,5,Regular
Marvel,OUBLIETTE/,3,8.737027648945535e-05,0.0,0,Regular
Marvel,SYLPH,3,3.2255325153921354e-05,0.0,5,Regular
Marvel,"SCHOENFELD, ELAINE",16,6.405341105727175e-05,0.0,2,Regular
Marvel,"RIVERS, JERRY",16,6.405341105727175e-05,0.0,2,Regular
Marvel,HEADMISTRESS/,20,7.674383043639739e-05,6.338194085314261e-07,2,Regular
Marvel,DEAD HEAD/,13,5.766547675126143e-05,0.0,2,Regular
Marvel,THUNDERHEAD/,13,5.766547675126143e-05,0.0,2,Regular
Marvel,"FURY, DAWN",23,7.632519103525756e-05,0.0,0,Regular
Marvel,"MACKENZIE, DR. NEIL",7,5.6869604598684825e-05,0.0,5,Regular
Marvel,REAVER/JOSHUA STRAGG,3,2.9895761539542575e-05,0.0,5,Regular
Marvel,EXILE,4,3.2066161710684476e-05,0.0,13,Regular
Marvel,"REAGAN, NANCY",16,5.608692508443792e-05,0.0,0,Regular
Marvel,BEAUTIFUL DREAMER II,23,7.749719146592205e-05,0.0,5,Regular
Marvel,HEADCASE,25,8.208067677200047e-05,0.0,5,Regular
Marvel,TOTEM,25,8.208067677200047e-05,0.0,5,Regular
Marvel,GRACE,25,8.208067677200047e-05,0.0,5,Regular
Marvel,GLUB,25,8.208067677200047e-05,0.0,5,Regular
Marvel,DARCO,25,8.208067677200047e-05,0.0,5,Regular
Marvel,DEATHLOK IV,15,5.668097058391076e-05,0.0,5,Regular
Marvel,"SOLE, MAJOR REMINGTO",15,5.668097058391076e-05,0.0,5,Regular
Marvel,SENSO,11,4.843212405089426e-05,1.6453050079380012e-07,13,Regular
Marvel,NUMBER ONE FAN/PROF.,11,4.5833252464782444e-05,0.0,5,Regular
Marvel,SHREW/MARILYN MAYCRO,20,7.28295302685301e-05,0.0,5,Regular
Marvel,FLAMBE/,14,5.937075370807682e-05,0.0,5,Regular
Marvel,VAGUE/,14,5.937075370807682e-05,0.0,5,Regular
Marvel,BRIQUETTE/,14,5.937075370807682e-05,0.0,5,Regular
Marvel,TREMELO/,14,5.937075370807682e-05,0.0,5,Regular
Marvel,"KINCAID, MOSES",13,7.469140747945417e-05,0.0,13,Regular
Marvel,"QUINN, MIRANDA/M'RYN",13,7.469140747945417e-05,0.0,13,Regular
Marvel,"QUINN, MR.",13,7.469140747945417e-05,0.0,13,Regular
Marvel,"LONGBOW, DESIREE",13,7.469140747945417e-05,0.0,13,Regular
Marvel,"FEIFFER, DEPUTY BEAU",13,7.469140747945417e-05,0.0,13,Regular
Marvel,HOWLER II/ZED,13,7.469140747945417e-05,0.0,13,Regular
Marvel,"CONTRARES, ANASTASIA",13,7.469140747945417e-05,0.0,13,Regular
Marvel,"DEL HIERRO, BLANCA",13,5.51914377038375e-05,1.454824780903388e-08,13,Regular
Marvel,"HUNT, ROBERTA",11,5.462235947196713e-05,0.0,13,Regular
Marvel,DIZZIE,11,5.462235947196713e-05,0.0,13,Regular
Marvel,"ZELIG, LON",11,5.462235947196713e-05,0.0,13,Regular
Marvel,"O'MEARA, KATHLEEN",11,5.462235947196713e-05,0.0,13,Regular
Marvel,OBLITERATOR II,13,7.469140747945417e-05,0.0,13,Regular
Marvel,YSSA,13,7.469140747945417e-05,0.0,13,Regular
Marvel,OX II/DR. KARL STRAG,4,3.37050805322073e-05,0.0,1,Regular
Marvel,"HARRIS, BERNARD",10,5.224255812177824e-05,3.576733948219202e-06,1,Regular
Marvel,BOX II/JERRY JAXXON,14,5.209718823685739e-05,0.0,8,Regular
Marvel,REAPER,4,3.379556867303886e-05,0.0,2,Regular
Marvel,VENOMM,8,6.859997263146522e-05,0.0,1,Regular
Marvel,BARON MACABRE/,7,6.0672663814917176e-05,0.0,1,Regular
Marvel,LORD KARNAJ,7,6.0672663814917176e-05,0.0,1,Regular
Marvel,MALICE,7,6.0672663814917176e-05,0.0,1,Regular
Marvel,KING CADAVER,8,6.859997263146522e-05,0.0,1,Regular
Marvel,HAMES,34,0.00010881087862117821,2.52816790046521e-07,8,Regular
Marvel,SOMBRE,5,4.5743896877506757e-05,0.0,1,Regular
Marvel,VIRGO II,38,0.00012184444168923287,2.1718271995310623e-07,8,Regular
Marvel,SAGITTARIUS II/,30,9.990967834605212e-05,0.0,8,Regular
Marvel,CANCER II/,25,8.651672308350851e-05,0.0,8,Regular
Marvel,LIBRA IV/,25,8.651672308350851e-05,0.0,8,Regular
Marvel,CAPRICORN II/,25,8.651672308350851e-05,0.0,8,Regular
Marvel,ARIES III/,25,8.651672308350851e-05,0.0,8,Regular
Marvel,TAURUS II/,35,0.00011500629220950547,1.1475953330983518e-07,8,Regular
Marvel,"HADDOCK, DR. MYRA",46,0.00014509555558725047,7.424512407371207e-07,8,Regular
Marvel,PISCES II,30,9.990967834605212e-05,0.0,8,Regular
Marvel,AQUARIUS III/,25,8.651672308350851e-05,0.0,8,Regular
Marvel,SASQUATCH II,60,0.0001792119480361875,2.6266354868233363e-05,8,Regular
Marvel,LEO II/,25,8.651672308350851e-05,0.0,8,Regular
Marvel,SISTER CHLOE,31,0.0001030625253682948,7.822556054650383e-08,8,Regular
Marvel,SCORPIO IV,31,0.00010264636413456993,0.0,8,Regular
Marvel,"KILGREW, GERARD",15,5.9486293562821315e-05,0.0,8,Regular
Marvel,"KILGREW, BASIL BETA ",15,5.9486293562821315e-05,0.0,8,Regular
Marvel,DEXAM,23,8.241558972131631e-05,2.4698448844434178e-06,8,Regular
Marvel,BARON ZEBEK,17,6.651815336698915e-05,0.0,8,Regular
Marvel,BRASS BISHOP/,24,8.261134073489772e-05,3.9248170252058625e-07,8,Regular
Marvel,DARGIL,19,6.740619648961262e-05,4.4779559663988535e-08,8,Regular
Marvel,X THE UNKNOWABLE,20,7.107981316639464e-05,0.0,8,Regular
Marvel,"BERENGHETTI, SUSAN",23,8.20976183948381e-05,8.071824425408878e-08,2,Regular
Marvel,FROST,16,6.574932481984066e-05,5.346005696254762e-07,2,Regular
Marvel,"STRIKER, SAM",16,6.574932481984066e-05,5.346005696254762e-07,2,Regular
Marvel,"REYES, DR. DANIEL",21,7.21305636052448e-05,0.0,2,Regular
Marvel,ANDWELLA,15,5.526078276806467e-05,1.4605251188329045e-07,7,Regular
Marvel,HEAT-RAY/,12,4.795188263335814e-05,0.0,7,Regular
Marvel,PUMPKIN,4,3.292857947976739e-05,4.421623986601413e-08,3,Regular
Marvel,DEATHLOK II/COL. JOH,23,0.00011408076640323205,6.356875013933309e-07,10,Regular
Marvel,HECATE,2,2.856514462980399e-05,0.0,0,Regular
Marvel,"DANVERS, JOE",8,4.6368727004836554e-05,8.068592442687268e-08,0,Regular
Marvel,"PROCTOR, COORDINATOR",32,0.00010309595280262831,1.8547110210596888e-07,8,Regular
Marvel,"POWER, LEFTENANT",21,7.2859518536521e-05,0.0,8,Regular
Marvel,"SU, DR. KO BIN",34,0.00010897396875816356,2.3299301852102904e-07,8,Regular
Marvel,BROTHER VIRGIL,13,6.777764441426067e-05,0.0,5,Regular
Marvel,CAESAR,13,6.777764441426067e-05,0.0,5,Regular
Marvel,NIGHT PHANTOM/TRAVIS,2,2.854675759008314e-05,0.0,0,Regular
Marvel,BOLT/LAWRENCE EVANS,13,5.8472177510225444e-05,0.0,1,Regular
Marvel,"LEVINE, ABBY",24,8.570341389587308e-05,0.0,1,Regular
Marvel,"PARKER, MAY II",24,8.570341389587308e-05,0.0,1,Regular
Marvel,"FIELDS, PROF. WILLIA",12,6.138074493791692e-05,0.0,1,Regular
Marvel,"FIELDS, MARJORIE",12,6.138074493791692e-05,0.0,1,Regular
Marvel,"FIELDS, TODD",12,6.138074493791692e-05,0.0,1,Regular
Marvel,"LANNING, DR.",12,6.138074493791692e-05,0.0,1,Regular
Marvel,CROWN,17,7.62835475732738e-05,8.773730829529444e-06,1,Regular
Marvel,"PETERS, SHANA TOC",2,2.7785974981479197e-05,0.0,2,Regular
Marvel,"OCULUS, LT.",23,8.194921784971098e-05,8.433963451182012e-08,8,Regular
Marvel,FLINCH/,17,6.641041425057192e-05,0.0,8,Regular
Marvel,OUIJA/,17,6.641041425057192e-05,0.0,8,Regular
Marvel,GARABALDI,14,5.7998661248782505e-05,0.0,5,Regular
Marvel,TRASK,14,5.7998661248782505e-05,0.0,5,Regular
Marvel,"GUTHRIE, JOELLE",14,5.7998661248782505e-05,0.0,5,Regular
Marvel,ION/,51,0.00013228549403427795,5.460696339571316e-06,11,Regular
Marvel,"CROWLEY, SEN.",2,2.794975760208359e-05,0.0,0,Regular
Marvel,SYRRH,2,2.797683459373106e-05,0.0,8,Regular
Marvel,MARVEL BOY VII/DAVID,4,3.9324418541346687e-05,0.0,3,Regular
Marvel,"BANK, IRVING",4,3.9324418541346687e-05,0.0,3,Regular
Marvel,"HITCHUCK, KELLY",29,0.00010321633113739758,1.9850077935055637e-05,5,Regular
Marvel,"GAULTHING, ANDERSON",8,4.2958095201802e-05,0.0,3,Regular
Marvel,HATE-MONGER V,23,7.871100812996549e-05,2.34120838280285e-06,3,Regular
Marvel,"ROBESON, PROFESSOR K",21,6.989186488209366e-05,1.0123659674384263e-07,13,Regular
Marvel,"MICO, RODOLFO",10,4.50387805488884e-05,0.0,13,Regular
Marvel,DESADIA,1,2.770464719505632e-05,0.0,2,Regular
Marvel,"FOWLER, RED",4,3.9993214856877584e-05,0.0,11,Regular
Marvel,"QUENTIN, RALPH",4,3.9993214856877584e-05,0.0,11,Regular
Marvel,ANSWER II/DAVID FERR,8,4.372381358913196e-05,1.4281307482262617e-08,0,Regular
Marvel,"KLEIN, CAMERON",15,6.723321278364453e-05,1.505186881120238e-06,2,Regular
Marvel,"SCHOOLCRAFT, DR. DEN",40,0.00010562782157750125,1.4570609890552206e-07,11,Regular
Marvel,SUNSTROKE/,64,0.00015580113407818154,1.7581798802047103e-06,11,Regular
Marvel,SHATTERFIST/,83,0.0001983084578146593,0.00029537637990075145,11,Regular
Marvel,"STOCKBRIDGE, DEANNA",58,0.00014275705905570732,0.0,11,Regular
Marvel,ICEMASTER/,64,0.00015580113407818154,1.7581798802047103e-06,11,Regular
Marvel,"SOFEN, MARION",58,0.00014275705905570732,0.0,11,Regular
Marvel,"SOFEN, KARL AUGUST",58,0.00014275705905570732,0.0,11,Regular
Marvel,"STOCKBRIDGE, CHARLES",58,0.00014275705905570732,0.0,11,Regular
Marvel,SUPERCHARGER/,64,0.00015580113407818154,1.7581798802047103e-06,11,Regular
Marvel,"HARRIGAN, PATRICIA P",37,9.945243101651676e-05,0.0,11,Regular
Marvel,"GILLISPIE, ANDREW AN",37,9.945243101651676e-05,0.0,11,Regular
Marvel,ENTITY,20,6.404205123939278e-05,0.0,5,Regular
Marvel,"MICAWBER, TRISTRAM",14,5.4142298880835274e-05,0.0,11,Regular
Marvel,TRUMP/,13,5.114983391513799e-05,0.0,11,Regular
Marvel,GAMECOCK/,20,6.73705812538935e-05,1.597386797172389e-05,11,Regular
Marvel,"CHALMERS, MR.",11,6.985872828161222e-05,0.0,2,Regular
Marvel,"RIVERA, MS.",4,3.6455580422132736e-05,0.0,2,Regular
Marvel,"MUNSON, CLAUDIA",14,7.814578824504426e-05,0.0,0,Regular
Marvel,"KNUTZ, CINDY",20,0.0001096368044320996,6.092898205403933e-06,0,Regular
Marvel,"LOPEZ, MARIA II",14,7.814578824504425e-05,0.0,0,Regular
Marvel,"GREER, DAVID",14,7.814578824504425e-05,0.0,0,Regular
Marvel,"SANDERS, MAC",14,7.814578824504425e-05,0.0,0,Regular
Marvel,"BOSCO, ELAINE",10,6.412262507790803e-05,1.3643582974206677e-06,0,Regular
Marvel,PARADOX,12,7.260966790836626e-05,0.0,2,Regular
Marvel,GOG II,10,4.746442789520343e-05,0.0,2,Regular
Marvel,MAGOG,10,4.746442789520343e-05,0.0,2,Regular
Marvel,DR. PHOBOS,11,4.6382321262281166e-05,0.0,2,Regular
Marvel,CITYDWELLER/JERRY | ,9,0.00011614495079296586,0.0,14,Regular
Marvel,SISTER PERPETUA,8,0.00010674079292997463,0.0,14,Regular
Marvel,PROFESSOR X | EARTH ,9,0.00011614495079296586,0.0,14,Regular
Marvel,THOR | EARTH 253,9,0.00011614495079296586,0.0,14,Regular
Marvel,"ZEITGEIST, NICOLA",11,0.0001411966779368631,0.0,14,Regular
Marvel,"GRANT, GATOR",5,3.489366703687524e-05,1.3282413802894507e-07,3,Regular
Marvel,UNA,10,5.09173208096223e-05,0.0,8,Regular
Marvel,SHADOWCASTER/,7,4.600208047743548e-05,0.0,1,Regular
Marvel,CLUSTER,4,3.6926752688960386e-05,0.0,1,Regular
Marvel,"RODRIGUEZ, DET. PHIL",14,6.961229658260087e-05,6.640243836694646e-07,1,Regular
Marvel,"PARADY, CAPT. RONALD",7,4.509493540515577e-05,0.0,1,Regular
Marvel,RAZORBLADE II/,4,5.0628985939566565e-05,0.0,2,Regular
Marvel,SCUZZ,4,5.0628985939566565e-05,0.0,2,Regular
Marvel,LUPE,4,5.0628985939566565e-05,0.0,2,Regular
Marvel,NAUDA,12,5.488770509269185e-05,0.0,7,Regular
Marvel,SKOLL,29,8.439443907988365e-05,3.9741377466372204e-07,7,Regular
Marvel,"RASPUTINA, ILLYANA I",43,0.00011331117009614057,9.659993257916403e-07,5,Regular
Marvel,GOOM,1,2.6014417262532207e-05,0.0,7,Regular
Marvel,"CHALMERS, CYNTHIA",10,4.4757948861585324e-05,0.0,5,Regular
Marvel,GRID,10,4.621212583473404e-05,0.0,7,Regular
Marvel,VIDAR,10,4.621212583473404e-05,0.0,7,Regular
Marvel,MINDSTORM/,4,3.321269223737478e-05,0.0,1,Regular
Marvel,RAPTOR/PAUL HAZLETT,2,2.928325987927767e-05,0.0,1,Regular
Marvel,TALOS,6,3.8162126852609564e-05,0.0,2,Regular
Marvel,STORM DOPPELGANGER,54,0.0001327651265800657,0.0,8,Regular
Marvel,DANGOR,10,5.106495972385755e-05,0.0,13,Regular
Marvel,OCCULUS,10,5.106495972385755e-05,0.0,13,Regular
Marvel,LANDA,10,5.106495972385755e-05,0.0,13,Regular
Marvel,WILD BLOOD,11,5.385305899572995e-05,1.8545685691322775e-06,13,Regular
Marvel,"MERENGUES, SMOOTH MA",12,5.9881238715192854e-05,0.0,13,Regular
Marvel,"LEE, LITTLE LARRY",12,5.9881238715192854e-05,0.0,13,Regular
Marvel,"RUIZ, RHYTHM",12,5.9881238715192854e-05,0.0,13,Regular
Marvel,"LUBOWSKI, LUGWRENCH",12,5.9881238715192854e-05,0.0,13,Regular
Marvel,"BOYD, TWO-FISTED TOM",12,5.9881238715192854e-05,0.0,13,Regular
Marvel,"DAWSON, DICTIONARY",12,5.9881238715192854e-05,0.0,13,Regular
Marvel,DREADFACE,15,6.342531740490231e-05,4.942399259839658e-06,13,Regular
Marvel,"JONES, RICARDO",7,3.8495036582491854e-05,0.0,13,Regular
Marvel,CHEMISTRO III,15,6.007993954228516e-05,7.284459872369942e-07,2,Regular
Marvel,CHEMISTRO/CURTIS CAR,21,7.639778324441783e-05,2.2222339306048274e-06,2,Regular
Marvel,SHOTGUN II/WALKER,7,5.971642567164136e-05,0.0,1,Regular
Marvel,"FONDOZZI, MICKEY",24,0.00014069863201750815,2.0081084591261784e-05,1,Regular
Marvel,"CARBONE, JULIUS",7,5.9716425671641357e-05,0.0,1,Regular
Marvel,"CARBONE, SALVATORE",7,5.9716425671641357e-05,0.0,1,Regular
Marvel,"CARBONE, ROSALIE",14,0.00011403764370418809,7.742774491490244e-07,1,Regular
Marvel,CANE/,10,8.875812488794358e-05,0.0,1,Regular
Marvel,ROC/,10,8.875812488794358e-05,0.0,1,Regular
Marvel,STILETTO II/,10,8.875812488794358e-05,0.0,1,Regular
Marvel,TEQUILA/,10,8.875812488794358e-05,0.0,1,Regular
Marvel,COMBAT/,10,8.875812488794358e-05,0.0,1,Regular
Marvel,GAROTTE/,10,8.875812488794358e-05,0.0,1,Regular
Marvel,SILENCE/,10,8.875812488794358e-05,0.0,1,Regular
Marvel,"ZOLA, ARNIM II",10,4.470309045131683e-05,0.0,1,Regular
Marvel,"JANSON, DR. ANDREA",15,6.430969209063117e-05,1.1753199483307853e-07,1,Regular
Marvel,TAE,11,6.01852432876821e-05,0.0,7,Regular
Marvel,"STERIXIAN, LOATIA",11,6.01852432876821e-05,0.0,7,Regular
Marvel,PENNSU,11,6.01852432876821e-05,0.0,7,Regular
Marvel,"STERIXIAN, ALMONNAS",11,6.01852432876821e-05,0.0,7,Regular
Marvel,KRONITT,11,6.01852432876821e-05,0.0,7,Regular
Marvel,DESAK/DESAK STERIXIA,11,6.01852432876821e-05,0.0,7,Regular
Marvel,SILENT ONE,22,8.472467374622103e-05,1.0536058835397254e-06,7,Regular
Marvel,ASKANI,30,8.630920686314135e-05,5.542654452704765e-07,5,Regular
Marvel,TOSHI,15,6.293967105679748e-05,0.0,5,Regular
Marvel,KO'ICHI,15,6.293967105679748e-05,0.0,5,Regular
Marvel,BOAK,20,6.492824176635765e-05,0.0,5,Regular
Marvel,"TANAKA, RITA",15,6.293967105679748e-05,0.0,5,Regular
Marvel,KATSU'TA'RO,15,6.293967105679748e-05,0.0,5,Regular
Marvel,"TANAKA, GEORGE",15,6.293967105679748e-05,0.0,5,Regular
Marvel,LUCAS,12,5.923520039451179e-05,0.0,13,Regular
Marvel,KREE GIANT MAN [KREE,12,5.923520039451179e-05,0.0,13,Regular
Marvel,REDWING II,12,5.923520039451179e-05,0.0,13,Regular
Marvel,KREE IRON MAN [KREE],12,5.923520039451179e-05,0.0,13,Regular
Marvel,KREE CAPTAIN AMERICA,12,5.923520039451179e-05,0.0,13,Regular
Marvel,KREE SCARLET WITCH [,12,5.923520039451179e-05,0.0,13,Regular
Marvel,AYESHA,14,5.421955501646321e-05,2.0645391453138263e-09,13,Regular
Marvel,ROSETTA STONE,15,7.170034289564694e-05,0.0,13,Regular
Marvel,"DANTES, DR. EDWINA",15,7.170034289564694e-05,0.0,13,Regular
Marvel,LOCKDOWN,15,7.170034289564694e-05,0.0,13,Regular
Marvel,PRINCE BAYAN,22,0.00010386320952839042,2.218157889015637e-06,13,Regular
Marvel,REDJEK/,15,7.170034289564694e-05,0.0,13,Regular
Marvel,CANDLEMAS/,15,7.170034289564694e-05,0.0,13,Regular
Marvel,BOLERO/,15,7.170034289564694e-05,0.0,13,Regular
Marvel,LEVIATHAN V,12,6.803054494649731e-05,0.0,2,Regular
Marvel,CREED,12,6.803054494649731e-05,0.0,2,Regular
Marvel,WOLF,23,0.00010684233594855769,4.741046370057495e-06,2,Regular
Marvel,SKINNER,6,4.498437577434635e-05,0.0,2,Regular
Marvel,"STYGE, REV.",11,5.9974978434304394e-05,2.663250390146863e-07,2,Regular
Marvel,STEEL WIND,52,0.00014343796681552342,7.5350487787959e-06,11,Regular
Marvel,"WOODS, TIMOTHY",11,5.6809682169929686e-05,0.0,2,Regular
Marvel,"WOODS, MIRANDA",11,5.8817466024389634e-05,0.0,2,Regular
Marvel,SENTRY II/BOB REYNOL,14,6.057069689170825e-05,1.4269378872956913e-06,0,Regular
Marvel,"REYNOLDS, LINDY",14,6.057069689170825e-05,1.4126685084227344e-06,0,Regular
Marvel,WATCHDOG,8,4.6412861283453807e-05,0.0,0,Regular
Marvel,VOID,8,4.6412861283453807e-05,0.0,0,Regular
Marvel,FIREFIST II/,10,4.927962298440679e-05,0.0,1,Regular
Marvel,SPITE/,2,2.7989445540708645e-05,0.0,2,Regular
Marvel,VEGA-SUPERIOR,4,3.1695422473051985e-05,0.0,5,Regular
Marvel,"MCKENNA-DRAKE, MARLE",19,9.935891273672427e-05,8.171900453146415e-06,2,Regular
Marvel,MEATMARKET,17,8.638783008167809e-05,0.0,2,Regular
Marvel,BELIAL,12,7.393368884143365e-05,0.0,2,Regular
Marvel,MALPRACTICE,12,7.393368884143365e-05,0.0,2,Regular
Marvel,ROTWRAP,12,7.393368884143365e-05,0.0,2,Regular
Marvel,INNARDS,12,7.393368884143365e-05,0.0,2,Regular
Marvel,PYRE,12,7.393368884143365e-05,0.0,2,Regular
Marvel,BLACK WIDOW | MUTANT,15,7.342333796270711e-05,0.0,15,Regular
Marvel,TYPHOID MARY | MUTAN,15,7.342333796270711e-05,0.0,15,Regular
Marvel,HAWKEYE | MUTANT X-V,15,7.342333796270711e-05,0.0,15,Regular
Marvel,IRON GIANT MAN | MUT,15,7.342333796270711e-05,0.0,15,Regular
Marvel,DEATHLOK | MUTANT X-,15,7.342333796270711e-05,0.0,15,Regular
Marvel,DR. DOOM | MUTANT X-,67,0.00022606656251671672,0.0,15,Regular
Marvel,IKARIS | MUTANT X-VE,27,0.00010609550993848568,0.0,15,Regular
Marvel,MEDUSA | MUTANT X-VE,27,0.00010609550993848568,0.0,15,Regular
Marvel,TRITON | MUTANT X-VE,27,0.00010609550993848568,0.0,15,Regular
Marvel,POLARIS | MUTANT X-V,79,0.0002674929016888129,1.358032298622099e-05,15,Regular
Marvel,HULK | MUTANT X-VERS,60,0.00020232602634200541,0.0,15,Regular
Marvel,SERSI | MUTANT X-VER,27,0.00010609550993848568,0.0,15,Regular
Marvel,KARNAK | MUTANT X-VE,27,0.00010609550993848568,0.0,15,Regular
Marvel,MAN-SPIDER | MUTANT ,68,0.00023042571366117782,1.4151477414242047e-07,15,Regular
Marvel,BEYONDER | MUTANT X-,60,0.00020232602634200541,0.0,15,Regular
Marvel,BLACK BOLT | MUTANT ,27,0.00010609550993848568,0.0,15,Regular
Marvel,GORGON | MUTANT X-VE,27,0.00010609550993848568,0.0,15,Regular
Marvel,ANCIENT ONE/BARON MO,27,0.00010609550993848568,0.0,15,Regular
Marvel,KARKAS | MUTANT X-VE,27,0.00010609550993848568,0.0,15,Regular
Marvel,WHISPER II/,6,5.369436558888964e-05,0.0,1,Regular
Marvel,WARFARE/,6,5.369436558888964e-05,0.0,1,Regular
Marvel,SWIFT/,6,5.369436558888964e-05,0.0,1,Regular
Marvel,PULSE II/,6,5.369436558888964e-05,0.0,1,Regular
Marvel,PULSE/,5,4.09721515503625e-05,0.0,1,Regular
Marvel,WHISPER/,5,4.09721515503625e-05,0.0,1,Regular
Marvel,DRAGONA,15,5.5288601693999295e-05,0.0,7,Regular
Marvel,METABO,15,5.5288601693999295e-05,0.0,7,Regular
Marvel,CUTTER,16,5.790311274409425e-05,0.0,11,Regular
Marvel,"DEVINE, ANTON",16,5.790311274409425e-05,0.0,11,Regular
Marvel,TRI-SENTINEL,6,4.176024927485566e-05,0.0,1,Regular
Marvel,"MUNOZ, CARLOS",6,4.176024927485566e-05,0.0,1,Regular
Marvel,"DONALDSON, LINDA",29,8.716566126217715e-05,1.9484968167378093e-06,5,Regular
Marvel,CAPTAIN AMERICA V/RO,28,8.726985015392283e-05,7.358467350229395e-07,2,Regular
Marvel,"LANCELOT, SIR",3,3.225322862251712e-05,0.0,2,Regular
Marvel,"STEIN, EMIL",4,3.275639371459659e-05,0.0,0,Regular
Marvel,"VILLA-LOBOS, GETULIO",17,6.683887753198292e-05,5.258940322561386e-07,5,Regular
Marvel,"HATORI, DESMOND",9,4.510629432258398e-05,0.0,5,Regular
Marvel,SUPREMOR,46,0.00011908893748674529,3.1573672580166333e-06,0,Regular
Marvel,MANGLER/,22,7.11773415480709e-05,0.0,11,Regular
Marvel,DEATHSTROKE/,22,7.11773415480709e-05,0.0,11,Regular
Marvel,BATTLEAXE/,59,0.0001481746186342547,8.818193209839181e-07,11,Regular
Marvel,IRON MAIDEN/,44,0.00011429434735088468,8.716110259414707e-08,11,Regular
Marvel,ICE PRINCESS/,44,0.00011429434735088468,8.716110259414707e-08,11,Regular
Marvel,MYSTERIA/,44,0.00011429434735088468,8.716110259414707e-08,11,Regular
Marvel,WRANGLER/,44,0.00011429434735088468,8.716110259414707e-08,11,Regular
Marvel,MINDBLAST,56,0.00014447136200835357,1.1270067685000563e-05,11,Regular
Marvel,SNAPDRAGON/SHEOKE SA,44,0.00011429434735088468,8.716110259414707e-08,11,Regular
Marvel,KNOCKOUT,56,0.00014447136200835357,1.1270067685000563e-05,11,Regular
Marvel,"PEARSON, AUBREY",11,4.906144547601508e-05,7.06463737522875e-07,0,Regular
Marvel,"KELLOG, SHERIFF L.B.",3,3.1144956897881264e-05,0.0,5,Regular
Marvel,IDUNA,16,5.8955056315950046e-05,0.0,13,Regular
Marvel,SMASHER V,5,3.7961641467120474e-05,0.0,1,Regular
Marvel,JAGRFELM [ASGARDIAN],31,9.412558065836831e-05,7.055362847244842e-07,7,Regular
Marvel,X'HOSS,10,4.749708026791007e-05,0.0,7,Regular
Marvel,MILLENNIUM MONARCH,10,4.749708026791007e-05,0.0,7,Regular
Marvel,GIRABOOR,11,4.573616078248744e-05,0.0,7,Regular
Marvel,"KRAY, D'VON",4,3.21366045505748e-05,0.0,5,Regular
Marvel,RIPPER/DR. JACQUELIN,1,2.5422270982087943e-05,0.0,5,Regular
Marvel,ZEALOT/MOREAU,14,5.179242385980114e-05,0.0,5,Regular
Marvel,CACTUS,13,5.308020526836451e-05,1.585004137338746e-06,0,Regular
Marvel,"WEYING, ANN",9,4.6179324245706165e-05,4.064392991035575e-09,1,Regular
Marvel,MAN-OF-WAR,9,4.3000036170355815e-05,0.0,13,Regular
Marvel,DOOMSDAY MAN II,10,4.4021081827362605e-05,0.0,8,Regular
Marvel,"SMALLWOOD, DAN",20,6.31921178749898e-05,0.0,8,Regular
Marvel,PROMETHEUS [OLYMPIAN,27,0.00011734825133678141,0.00012408551880001715,7,Regular
Marvel,ARTEMIS,23,7.501392968438448e-05,1.444687356031692e-07,7,Regular
Marvel,HEPHAESTUS,20,6.868366462385021e-05,0.0,7,Regular
Marvel,"WATANABE, EMMALINE B",7,5.1004015134892595e-05,0.0,2,Regular
Marvel,"EXETER, LT.",18,6.625174944598337e-05,0.0,3,Regular
Marvel,"FLORES, SHANICE",11,5.0859514857050855e-05,0.0,3,Regular
Marvel,"FLORES, DAHLIA",11,5.0859514857050855e-05,0.0,3,Regular
Marvel,MARISSA (OF GENE-TEC,11,5.0859514857050855e-05,0.0,3,Regular
Marvel,BATAL/,7,3.9335986514951924e-05,0.0,3,Regular
Marvel,UNDERTAKER/CONRAD EI,9,4.670842391992134e-05,0.0,1,Regular
Marvel,TORPEDO,5,4.2160509206852854e-05,0.0,1,Regular
Marvel,"SKIN, NYLA",6,3.8445899947103284e-05,0.0,1,Regular
Marvel,MISFIT/,27,8.579125220071985e-05,5.540150528986447e-06,0,Regular
Marvel,"FAWN, FELICIA",25,8.067105875994598e-05,5.241675499934025e-06,0,Regular
Marvel,KANGAROO/FRANK OLIVE,10,4.814669128321186e-05,0.0,1,Regular
Marvel,KHOON,7,4.173267096858883e-05,0.0,8,Regular
Marvel,SUNTURION II/MIKE ST,1,2.582647776721925e-05,0.0,1,Regular
Marvel,SHAARA,5,4.5944019836632065e-05,0.0,8,Regular
Marvel,JUDE,5,4.5944019836632065e-05,0.0,8,Regular
Marvel,JANUS II,5,4.5944019836632065e-05,0.0,8,Regular
Marvel,"QUAYLE, DAN",20,6.941651440941466e-05,0.0,0,Regular
Marvel,CYCLOPS | MUTANT X-V,13,7.1461281026328e-05,0.0,15,Regular
Marvel,SILVER SURFER | MUTA,13,7.1461281026328e-05,0.0,15,Regular
Marvel,NOVA II | MUTANT X-V,13,7.1461281026328e-05,0.0,15,Regular
Marvel,BINARY | MUTANT X-VE,13,7.1461281026328e-05,0.0,15,Regular
Marvel,"DUGAN, DUM DUM | MUT",25,0.00010177120914498254,3.910500543971572e-06,15,Regular
Marvel,SHADOWCAT | MUTANT X,25,0.00010057690024880335,4.798083099723912e-07,15,Regular
Marvel,SUNFIRE/SHIRO YASHID,19,8.16988349865126e-05,0.0,15,Regular
Marvel,CEREBRO MARK XIII | ,19,8.16988349865126e-05,0.0,15,Regular
Marvel,ROGUE | MUTANT X-VER,69,0.0002341275182167208,1.1678683605679034e-05,15,Regular
Marvel,"CREED, GRAYDON | MUT",19,8.16988349865126e-05,0.0,15,Regular
Marvel,NIGHTCRAWLER | MUTAN,71,0.00024001027760302984,1.288690537326377e-05,15,Regular
Marvel,FORGE | MUTANT X-VER,22,9.164662205189393e-05,5.337064496659315e-08,15,Regular
Marvel,LOCKHEED | MUTANT X-,6,4.726433723698666e-05,0.0,15,Regular
Marvel,COLOSSUS II | MUTANT,29,0.00011235673982438904,4.095174202713782e-07,15,Regular
Marvel,"GRIMM, BEN | MUTANT ",29,0.0001154279440572803,1.432247443299747e-06,15,Regular
Marvel,UATU | MUTANT X-VERS,24,9.644216393155897e-05,0.0,15,Regular
Marvel,"STACY, GWEN | MUTANT",26,0.00010373187113482722,1.4151477414242047e-07,15,Regular
Marvel,SELENE | MUTANT X-VE,24,9.644216393155897e-05,0.0,15,Regular
Marvel,QUICKSILVER | MUTANT,61,0.00020723170930844466,5.266209247373635e-06,15,Regular
Marvel,GREEN GOBLIN | MUTAN,25,0.00010184345814708682,2.2238035936666073e-07,15,Regular
Marvel,SUB-MARINER | MUTANT,57,0.00019270172117523396,0.0,15,Regular
Marvel,MYSTIQUE | MUTANT X-,18,7.8805203759047e-05,9.729140722291407e-08,15,Regular
Marvel,CALLISTO | MUTANT X-,17,7.551482898083013e-05,0.0,15,Regular
Marvel,MOLE MAN | MUTANT X-,17,7.551482898083013e-05,0.0,15,Regular
Marvel,PUNISHER/FRANK CASTL,5,3.808172188450121e-05,0.0,15,Regular
Marvel,KIRIN,12,5.2393378186383195e-05,0.0,0,Regular
Marvel,FROSTBITE/DR. SLOANE,12,5.2393378186383195e-05,0.0,0,Regular
Marvel,"WALTERS, CHAP",11,4.869700655809298e-05,0.0,0,Regular
Marvel,"DEGANN, KRIS",11,4.869700655809298e-05,0.0,0,Regular
Marvel,MINOTAUR,8,4.0686208475256125e-05,0.0,0,Regular
Marvel,AGAMEMNON,5,6.13667457401738e-05,0.0,7,Regular
Marvel,ACHILLES,5,6.13667457401738e-05,0.0,7,Regular
Marvel,HECTOR,5,6.13667457401738e-05,0.0,7,Regular
Marvel,ULYSSES,5,6.13667457401738e-05,0.0,7,Regular
Marvel,SCARLET BEETLE,2,2.7430554825243877e-05,0.0,13,Regular
Marvel,"COFFIN, WARDEN JOHNS",9,4.879282070137741e-05,8.423969912249713e-09,5,Regular
Marvel,"DELACORTE, ARTHUR",18,6.599355893945524e-05,4.2185976031615856e-09,5,Regular
Marvel,"GANCE, TABITHA TABBY",17,6.377397597455448e-05,0.0,5,Regular
Marvel,FIXX,25,0.0001029185628453069,1.918651947015806e-06,5,Regular
Marvel,DE LA COURTE,18,6.599355893945524e-05,4.2185976031615856e-09,5,Regular
Marvel,MONDO,18,6.599355893945524e-05,4.261209700163218e-09,5,Regular
Marvel,RAVENWOOD,9,4.411907067320868e-05,0.0,5,Regular
Marvel,BAXTER,7,4.15366752092417e-05,0.0,5,Regular
Marvel,"SOMERS, JOHNATHAN",8,4.3710521269026045e-05,0.0,5,Regular
Marvel,GARNOK REBBAHN,1,2.5763437524552545e-05,0.0,8,Regular
Marvel,"KLEB, ROSA",11,5.55641272769184e-05,0.0,2,Regular
Marvel,"SPETSBURO, GEN. YURI",11,5.55641272769184e-05,0.0,2,Regular
Marvel,"TERREL, DEBORAH",17,6.531403383133845e-05,0.0,2,Regular
Marvel,"D'ALEXIS, AMBER",10,4.661569084202543e-05,0.0,5,Regular
Marvel,SOMON,5,4.904524997090841e-05,0.0,5,Regular
Marvel,KOLOMAQ,5,4.904524997090841e-05,0.0,5,Regular
Marvel,TUNDRA,5,4.904524997090841e-05,0.0,5,Regular
Marvel,"ARLINGTON, DR. MARCU",13,6.803066768243221e-05,6.086484733354876e-06,5,Regular
Marvel,"SEVILLE, STACY",8,5.4498163093326366e-05,0.0,5,Regular
Marvel,"BARKER, MATTHEW T.",8,5.4498163093326366e-05,0.0,5,Regular
Marvel,JACKKNIFE/JACK COLE,6,4.412254944780654e-05,0.0,5,Regular
Marvel,"BAILEY, JOEY",17,6.535757032444038e-05,1.5830021719546005e-07,5,Regular
Marvel,"BAILEY, GAILYN",17,6.535757032444038e-05,1.5830021719546005e-07,5,Regular
Marvel,FIELDER,9,7.130987099247232e-05,2.594437525944375e-07,0,Regular
Marvel,RELAY,6,5.26581687755605e-05,0.0,0,Regular
Marvel,PSIMON,13,7.687820854050231e-05,0.0001063252694844891,0,Regular
Marvel,CHECK,8,6.372573953657254e-05,0.0,0,Regular
Marvel,SAMSON,9,4.21797236470508e-05,0.0,5,Regular
Marvel,CYPRESS/,4,3.164780738099752e-05,0.0,5,Regular
Marvel,PHANTOM,4,3.819873400011916e-05,0.0,3,Regular
Marvel,GUARDIAN III,4,3.819873400011916e-05,0.0,3,Regular
Marvel,CACHE,15,6.593533819759478e-05,1.0842634161336571e-05,2,Regular
Marvel,"STARK, MARIA CARBONE",7,4.140620167190554e-05,0.0,2,Regular
Marvel,"BAIRD, DR.",13,5.500713342227141e-05,0.0,0,Regular
Marvel,DOC,17,8.437302917673587e-05,0.0,2,Regular
Marvel,"SCARLOTTI, MICHAEL J",7,4.470097130909384e-05,0.0,0,Regular
Marvel,"SCARLOTTI, MRS.",7,4.470097130909384e-05,0.0,0,Regular
Marvel,HULK IV,9,5.0196178526324425e-05,3.6764411230177583e-07,2,Regular
Marvel,"LANDERS, DR.",6,3.8352112757808964e-05,0.0,2,Regular
Marvel,"GOLDFARB, AARON",6,4.21589479452348e-05,0.0,2,Regular
Marvel,LEESHA,5,3.5096777380293e-05,0.0,2,Regular
Marvel,IDRIS,5,7.216785305122825e-05,0.0,14,Regular
Marvel,HASSAN,5,7.216785305122825e-05,0.0,14,Regular
Marvel,TECHNOCRAT/RANDY,8,0.00010443538721820295,0.0,14,Regular
Marvel,NIGHTFIGHTER/,8,0.00010443538721820295,0.0,14,Regular
Marvel,WHITE BIRD/AMARA,8,0.00010443538721820295,0.0,14,Regular
Marvel,ZONA,23,8.713194382771474e-05,2.2107773644259883e-08,5,Regular
Marvel,STRANGLEHOLD,23,8.713194382771474e-05,2.2107773644259883e-08,5,Regular
Marvel,PYRE II,23,8.713194382771474e-05,2.2107773644259883e-08,5,Regular
Marvel,VEEG,18,7.224869473321272e-05,0.0,5,Regular
Marvel,ARGOS,25,9.287615603287611e-05,2.2107773644259883e-08,5,Regular
Marvel,INFINITY,13,5.052105086054737e-05,0.0,7,Regular
Marvel,GRIFFIN,4,3.39149386715206e-05,0.0,2,Regular
Marvel,"PARETTI, TONY",5,3.538313549808688e-05,0.0,1,Regular
Marvel,RYDER,9,7.38203797362345e-05,1.8491322158931144e-05,11,Regular
Marvel,MOONSTOMP/,9,7.38203797362345e-05,1.8491322158931144e-05,11,Regular
Marvel,DICE/ROB FORTUNE,9,7.38203797362345e-05,1.8491322158931144e-05,11,Regular
Marvel,RIOT/HEIDI SLATKIN,9,7.38203797362345e-05,1.8491322158931144e-05,11,Regular
Marvel,"BARTON, SEN.",8,7.084480449629727e-05,0.0,11,Regular
Marvel,CATWALK/KIMBERLY DEE,9,7.38203797362345e-05,1.8491322158931144e-05,11,Regular
Marvel,"KUROV, WASSILY",9,7.38203797362345e-05,1.8491322158931144e-05,11,Regular
Marvel,WILLIS,4,3.8594290063119496e-05,0.0,13,Regular
Marvel,BENAZA,4,3.8594290063119496e-05,0.0,13,Regular
Marvel,WRECKER/DR. KARL KOR,8,4.123808819067289e-05,0.0,13,Regular
Marvel,ALPHA,11,4.8313283415423207e-05,0.0,13,Regular
Marvel,"RAKIM, SEN. KAMAL",20,7.018668182321935e-05,2.011176639489452e-06,1,Regular
Marvel,"TAYLOR, JACK",15,6.038117774308849e-05,0.0,1,Regular
Marvel,JIOMO,11,4.9592671457008574e-05,0.0,1,Regular
Marvel,"RAMOS, MANUEL",9,4.465374312090934e-05,0.0,1,Regular
Marvel,"RICHMOND, DELROY",8,4.4474485259399966e-05,0.0,1,Regular
Marvel,"MCPHAIL, NATALIE",8,4.4474485259399966e-05,0.0,1,Regular
Marvel,"LEOPOLD, ARCHER",11,4.96591551921252e-05,4.12523762461496e-08,2,Regular
Marvel,"VAZIR, DR.",6,4.3993366448308266e-05,0.0,2,Regular
Marvel,VISALIA,9,4.6316156244672136e-05,0.0,8,Regular
Marvel,"BECKLEY, BENNY",8,4.433295069977759e-05,0.0,8,Regular
Marvel,WENDIGO VI/LARRY,7,4.247803550098416e-05,0.0,2,Regular
Marvel,WENDIGO V/ANDRE,9,5.7843894638766696e-05,3.212875293737637e-06,2,Regular
Marvel,"JEFFRIES, MAGGIE ",19,6.757443927723979e-05,0.0,3,Regular
Marvel,VOLX,25,8.281023239398873e-05,1.4567632696486094e-06,3,Regular
Marvel,MOTHER OF PEARL/,15,5.59912837152006e-05,0.0,3,Regular
Marvel,STYGLUT/,11,4.615673980488216e-05,0.0,5,Regular
Marvel,AVATAR,14,5.282585839656114e-05,0.0,5,Regular
Marvel,BULLET BIKER,14,6.352434074465702e-05,0.0,0,Regular
Marvel,BOBCAT/,13,6.125573126784257e-05,0.0,0,Regular
Marvel,SHADOWKNIGHT/RANDALL,9,5.474494903987633e-05,9.753233657417319e-07,1,Regular
Marvel,PRINCESS NEPTHYS/SAN,7,4.885529670349833e-05,0.0,1,Regular
Marvel,BLOODHOUND/,8,6.338731228465076e-05,0.0,8,Regular
Marvel,MODEM/,8,6.338731228465076e-05,0.0,8,Regular
Marvel,"KRAFT, DONNA",8,6.338731228465076e-05,0.0,8,Regular
Marvel,"CACHES, FABIAN",7,4.310030295340645e-05,0.0,1,Regular
Marvel,BLACK TARANTULA/LAMU,11,5.3210709221674716e-05,0.0,1,Regular
Marvel,"GUTHRIE, LUCINDA",34,0.00010839422886613776,1.8136269381190441e-06,5,Regular
Marvel,"STACY, HELEN",8,4.5038357033538515e-05,0.0,1,Regular
Marvel,AZOR,5,3.47454554416921e-05,0.0,2,Regular
Marvel,PAINTER/WILHELM VON ,27,8.123743718340095e-05,3.767148494818453e-08,3,Regular
Marvel,BOGATYR/MIKULA GOLUB,13,5.5630209231570425e-05,0.0,0,Regular
Marvel,SVYATOGOR/SASHA POKR,13,5.5630209231570425e-05,0.0,0,Regular
Marvel,DR. VOLKH/VLADIMIR O,13,5.5630209231570425e-05,0.0,0,Regular
Marvel,MORNING STAR/ZVEZDA ,13,5.5630209231570425e-05,0.0,0,Regular
Marvel,ANTRO,45,0.00011988621289305359,8.087973556101173e-06,0,Regular
Marvel,ARACHNE,45,0.00011988621289305359,8.087973556101173e-06,0,Regular
Marvel,SCINTILLA,17,5.7894343758377177e-05,0.0,0,Regular
Marvel,"LAMBERT, WILSON",24,7.71531287067503e-05,1.03777501037775e-07,0,Regular
Marvel,MANIPULATOR II,23,7.42434001852268e-05,0.0,0,Regular
Marvel,"REILLY, MAVIS",23,7.42434001852268e-05,0.0,0,Regular
Marvel,P,6,4.5524749075189064e-05,0.0,1,Regular
Marvel,Q,6,4.5524749075189064e-05,0.0,1,Regular
Marvel,VOR/TEX,8,4.295234426966614e-05,5.8301966875154505e-09,0,Regular
Marvel,"BENNING, VERONICA",29,9.339157552747977e-05,1.7241169291686938e-05,0,Regular
Marvel,"GRANT, PHILLIP",26,8.638531699430238e-05,1.6922733608663133e-06,0,Regular
Marvel,RAVEN,5,3.5615904588159184e-05,0.0,0,Regular
Marvel,DRACCHISS,8,4.390118674653982e-05,0.0,2,Regular
Marvel,"WALKER, JILL",14,5.941306727292146e-05,0.0,2,Regular
Marvel,ESSEX,7,3.860368724579236e-05,0.0,5,Regular
Marvel,PILEDRIVER,11,4.697212384858441e-05,0.0,0,Regular
Marvel,COLOSSUS,3,2.9742452093881124e-05,0.0,0,Regular
Marvel,DR. MIME,14,6.180062216109556e-05,0.0,13,Regular
Marvel,ZANKOR/JAY STEVENSON,14,6.180062216109556e-05,0.0,13,Regular
Marvel,"INES, DR. DIDIER",4,3.4249233966611856e-05,0.0,13,Regular
Marvel,SNIPER/VON BURIAN,2,2.8841748797101876e-05,0.0,1,Regular
Marvel,RED SHIFT,19,6.510340863447195e-05,7.901840180541243e-09,13,Regular
Marvel,"HOARD, JOSH",11,5.198949522895078e-05,0.0,2,Regular
Marvel,"RIDGEWAY, DAWN",11,5.198949522895078e-05,0.0,2,Regular
Marvel,RAKKUS,14,5.3857279130621275e-05,9.383935061120304e-08,0,Regular
Marvel,"JONES, AUGUSTINE",17,6.0122091841922486e-05,7.942150829319567e-08,0,Regular
Marvel,K'RIN,9,4.187372561323502e-05,0.0,0,Regular
Marvel,GODWULF,2,4.260989356439289e-05,0.0,10,Regular
Marvel,INNOCENT,9,6.79891863607477e-05,0.0,5,Regular
Marvel,MERRIAN,10,7.186192894121954e-05,0.0,5,Regular
Marvel,FOLD,14,0.00010163757990087202,3.1342198299999165e-08,5,Regular
Marvel,"SHAW, SAMARRA",14,0.00010163757990087202,3.1342198299999165e-08,5,Regular
Marvel,"JERICHO, JUSTINA",11,8.80910958786051e-05,0.0,5,Regular
Marvel,KALIN KARTH KITH,11,8.80910958786051e-05,0.0,5,Regular
Marvel,"JERICHO, DUNCAN",11,8.80910958786051e-05,0.0,5,Regular
Marvel,TRICKSTER,10,7.437343331210376e-05,0.0,5,Regular
Marvel,TULL,8,6.249107569886349e-05,0.0,5,Regular
Marvel,WILLIAMS JOHN,8,6.249107569886349e-05,0.0,5,Regular
Marvel,WARHAWK III/TOM NAKA,17,6.952550092658124e-05,0.0,5,Regular
Marvel,RANGER II,17,6.952550092658124e-05,0.0,5,Regular
Marvel,PISTON/ANDREI SEMYAN,17,6.952550092658124e-05,0.0,5,Regular
Marvel,LIFELINE/DEACON,17,6.952550092658124e-05,0.0,5,Regular
Marvel,TIMEBOMB/LOUIS JOUBE,17,6.952550092658124e-05,0.0,5,Regular
Marvel,LONGBOW/AMELIA GREER,23,8.33182425274645e-05,8.582367178001645e-06,5,Regular
Marvel,BLINDSIDE II/BOBBI C,17,6.952550092658124e-05,0.0,5,Regular
Marvel,NAMELESS ONE II,5,3.5983805136885484e-05,0.0,2,Regular
Marvel,TIAMAT,10,5.143811229944415e-05,2.1382726862178917e-09,5,Regular
Marvel,BLACK CRANE/,17,7.01318055754784e-05,3.4657981683067628e-06,5,Regular
Marvel,"LIPTON, LAURA",18,7.222372201218584e-05,8.996924611897659e-07,0,Regular
Marvel,"LIPTON, MILES",12,5.1150495888352174e-05,0.0,0,Regular
Marvel,"DARROW, MARISSA II",12,5.1150495888352174e-05,0.0,0,Regular
Marvel,PAM,12,4.872101447554348e-05,0.0,5,Regular
Marvel,THAIS,10,4.9833053584149686e-05,0.0,5,Regular
Marvel,VARGAS,10,4.9833053584149686e-05,0.0,5,Regular
Marvel,"SANDOVAL, DIEGO",12,5.44324483860412e-05,3.537869353560512e-08,5,Regular
Marvel,"CORTES, MARIA PILAR",12,5.44324483860412e-05,3.537869353560512e-08,5,Regular
Marvel,"REYNOLDS, DR.",8,4.6111323478534506e-05,0.0,0,Regular
Marvel,"HANCOCK, CALISTA",11,5.3952241842089196e-05,3.3120479054609047e-08,0,Regular
Marvel,"DEPALMA, MR.",8,4.6111323478534506e-05,0.0,0,Regular
Marvel,KYSA,2,4.638998489935656e-05,0.0,5,Regular
Marvel,LORD YARU,2,4.638998489935656e-05,0.0,5,Regular
Marvel,ECCE [WATCHER],8,3.933356427057578e-05,0.0,7,Regular
Marvel,"BERNHARD, CLARICE",7,4.0607050093060924e-05,0.0,1,Regular
Marvel,"GILBERT, PROFESSOR G",16,5.9904026575112866e-05,6.68499522460201e-07,13,Regular
Marvel,VESTA,25,7.49631339542797e-05,0.0,7,Regular
Marvel,SPECTRA/SELENA SLATE,13,7.039858475687625e-05,9.661786919248568e-08,10,Regular
Marvel,"FONG, DR. CHARLES WA",22,9.34056223616665e-05,5.777758556774793e-05,10,Regular
Marvel,NIGHTSTICK/,16,8.30939643043179e-05,2.075951066790625e-07,10,Regular
Marvel,WIRETAP/,16,8.30939643043179e-05,2.075951066790625e-07,10,Regular
Marvel,CUFFS/,16,8.30939643043179e-05,2.0969202694854798e-07,10,Regular
Marvel,"SHERIDAN, LEAH",12,6.910510166039414e-05,2.55424950679005e-06,10,Regular
Marvel,COBWEB,13,7.6091143581477e-05,0.0,10,Regular
Marvel,KWANNON,6,3.73419337382461e-05,1.5884311383332908e-08,5,Regular
Marvel,HAZARD/CARTER RYKING,15,5.51303279945571e-05,0.0,5,Regular
Marvel,"RYKING, ALEXANDER",26,8.079934888128296e-05,7.750066878899828e-07,5,Regular
Marvel,PIXIE II/,12,5.8779050846936885e-05,0.0,5,Regular
Marvel,BERTRAM,12,5.8779050846936885e-05,0.0,5,Regular
Marvel,"MEAGHER, TYLER",15,9.373456989506649e-05,1.220911776915e-07,2,Regular
Marvel,"MCCORMICK, FIONA",9,6.689540598080937e-05,0.0,2,Regular
Marvel,"TREVANI, DANIKA",9,6.689540598080937e-05,0.0,2,Regular
Marvel,"DELGADO, LUZ",9,6.689540598080937e-05,0.0,2,Regular
Marvel,"LIN, MEI",9,6.689540598080937e-05,0.0,2,Regular
Marvel,"DEWOLFF, MEREDITH",3,3.114065806795304e-05,0.0,1,Regular
Marvel,FIREFLY II,1,2.5390346839483938e-05,0.0,2,Regular
Marvel,"B'KOSA, GEN. JONATHA",8,6.81690473793351e-05,0.0,1,Regular
Marvel,ARSENAL II,8,6.81690473793351e-05,0.0,1,Regular
Marvel,MONTANA II,8,6.81690473793351e-05,0.0,1,Regular
Marvel,"SIMMONS, ARCHIE",7,6.457859252838078e-05,0.0,1,Regular
Marvel,NZAGA,6,6.089935245420389e-05,0.0,1,Regular
Marvel,NAMELESS ONE,4,3.3247125406346686e-05,0.0,1,Regular
Marvel,SKUL/JOHN SKULINOWSK,6,6.663445362210349e-05,0.0,11,Regular
Marvel,SILICON/GERALD SIMMS,6,6.663445362210349e-05,0.0,11,Regular
Marvel,KID/E.B. FARRELL,6,6.663445362210349e-05,0.0,11,Regular
Marvel,NAILS II/JOANIE EATO,6,6.663445362210349e-05,0.0,11,Regular
Marvel,M-80/SAYURI KYOTO,6,6.663445362210349e-05,0.0,11,Regular
Marvel,"BURGOS, CARL",6,3.689472384447263e-05,0.0,13,Regular
Marvel,"TOFIELD, FRANCESCA",7,5.063018453798572e-05,0.0,2,Regular
Marvel,"SCHEELE, STEPHANIE",7,5.1468181795807645e-05,0.0,2,Regular
Marvel,CAT IV,3,2.9949918588736022e-05,0.0,0,Regular
Marvel,"SPARROW BEAR, MELLIS",1,2.5544478890035928e-05,0.0,2,Regular
Marvel,DAN-FARR,71,0.00017054023001335299,0.0,0,Regular
Marvel,DEMONSTAFF,19,6.493892930808688e-05,0.0,7,Regular
Marvel,TYRUS,19,6.493892930808688e-05,0.0,7,Regular
Marvel,HARDBALL,19,6.144944016586282e-05,0.0,0,Regular
Marvel,"KEMPLETON, PROFESSOR",7,7.594586983877279e-05,0.0,18,Regular
Marvel,SKARLET,7,7.594586983877279e-05,0.0,18,Regular
Marvel,MASTER TWELVE,7,7.594586983877279e-05,0.0,18,Regular
Marvel,ARROW,7,7.594586983877279e-05,0.0,18,Regular
Marvel,"THOMAS, JEANIE",8,4.300785382906992e-05,0.0,5,Regular
Marvel,WINDSTORM/,5,3.4688414971362954e-05,0.0,3,Regular
Marvel,SNAKE-EYES,17,5.8773566196394383e-05,1.829190797711164e-08,8,Regular
Marvel,"VERSCHLAGEN, FRAU",10,4.556459421788355e-05,0.0,5,Regular
Marvel,"COLE, PRISCILLA",18,6.312449672429996e-05,0.0,5,Regular
Marvel,"PIERSON, FRED",3,6.210067568021666e-05,0.0,5,Regular
Marvel,ANANASTASIA/ANNA,3,6.210067568021666e-05,0.0,5,Regular
Marvel,"BLOODVESSEL, BUSTA",3,6.210067568021666e-05,0.0,5,Regular
Marvel,"RASPUTIN, LUCIFER",7,4.165448824205519e-05,0.0,5,Regular
Marvel,MOSES,11,5.355786043021967e-05,0.0,13,Regular
Marvel,ZARATHUSTRA,18,7.674143873680152e-05,1.3641736606012434e-06,13,Regular
Marvel,"SANDOR, PROFESSOR IS",21,9.253335937730355e-05,2.320210421582032e-05,13,Regular
Marvel,VIBRAVORE,8,4.131140996608797e-05,0.0,13,Regular
Marvel,"ALVAREZ, PAUL",38,0.0001318897120299773,1.6730281336899077e-05,13,Regular
Marvel,"GRANT, SILAS II",12,5.9343691972673454e-05,0.0,13,Regular
Marvel,GO-DEVIL/GO ISHIMORI,20,8.333024814455403e-05,1.4805236262075061e-06,13,Regular
Marvel,"PO, KIM",12,5.934369197267345e-05,0.0,13,Regular
Marvel,"WOO, SONIA",12,5.934369197267345e-05,0.0,13,Regular
Marvel,TECH-NOIR/,54,0.00013319326482036224,7.199508188892538e-08,8,Regular
Marvel,WILD CHILD DOPPELGAN,47,0.00011935090841923206,0.0,8,Regular
Marvel,AURORA DOPPELGANGER,47,0.00011935090841923206,0.0,8,Regular
Marvel,BILE/,54,0.00013319326482036224,7.199508188892538e-08,8,Regular
Marvel,STRONGARM/,54,0.00013319326482036224,7.199508188892538e-08,8,Regular
Marvel,MISS MASS/,54,0.00013319326482036224,7.199508188892538e-08,8,Regular
Marvel,FIREBUG/,54,0.00013319326482036224,7.199508188892538e-08,8,Regular
Marvel,SINEW/,54,0.00013319326482036224,7.199508188892538e-08,8,Regular
Marvel,TRITON DOPPELGANGER ,47,0.00011935090841923206,0.0,8,Regular
Marvel,ROK,14,5.2606306121926965e-05,0.0,8,Regular
Marvel,WYRE/,16,5.8038015380347226e-05,0.0,8,Regular
Marvel,JACKAL II/WARREN,13,5.0332079884147425e-05,0.0,8,Regular
Marvel,"DIBBS, LIONEL",11,4.590905600801031e-05,0.0,13,Regular
Marvel,BLACK TALON III,2,2.9193655270545344e-05,0.0,5,Regular
Marvel,KILLER CLOWN,9,5.737986373189234e-05,0.0,2,Regular
Marvel,DEX,6,7.640013828597028e-05,0.0,1,Regular
Marvel,MORLUN,6,7.640013828597028e-05,0.0,1,Regular
Marvel,"SIMS, EZEKIEL",6,7.640013828597028e-05,0.0,1,Regular
Marvel,"JACOBY, KYLE",4,5.919313346186342e-05,0.0,1,Regular
Marvel,"HARRINGTON, PRINCIPA",4,5.919313346186342e-05,0.0,1,Regular
Marvel,"CANDLER, OWEN",8,4.1462327678643765e-05,0.0,0,Regular
Marvel,"PARKS, JUDITH",11,4.788623190374983e-05,9.643609814842692e-08,13,Regular
Marvel,"PARKS, JOE",14,5.481107377378484e-05,1.1220961815574623e-06,0,Regular
Marvel,"LITTLETREE, LINDA",7,5.704008021526725e-05,1.825637629333049e-07,2,Regular
Marvel,"DEVILLE, JENNIFER CR",7,4.429822930243901e-05,0.0,1,Regular
Marvel,DEADMAKER/GREGORI AN,7,4.429822930243901e-05,0.0,1,Regular
Marvel,"TOLLIVER, EMMA",7,3.967811262749469e-05,0.0,0,Regular
Marvel,SUNSET GRACE,3,2.9913337461489484e-05,0.0,5,Regular
Marvel,HARVEST II,13,5.344178607511857e-05,2.2590694134204518e-07,5,Regular
Marvel,"BLINK/FERGUSON, CLAR",10,4.674408013496257e-05,0.0,5,Regular
Marvel,"SUMMERS, DEBORAH",8,4.418301394393515e-05,0.0,5,Regular
Marvel,"SUMMERS, PHILIP",8,4.418301394393515e-05,0.0,5,Regular
Marvel,GARGOYLE/IGOR DRENKO,4,3.267837537630753e-05,0.0,2,Regular
Marvel,SCARLET SCARAB/DR. F,9,4.701501625163789e-05,0.0,2,Regular
Marvel,ASBESTOS LADY,12,5.7555182675570593e-05,0.0,2,Regular
Marvel,"RAYMOND, FRED",12,5.7555182675570593e-05,0.0,2,Regular
Marvel,"RAYMOND, NORA JONES",12,5.7555182675570593e-05,0.0,2,Regular
Marvel,"STRUNK, BELLA",2,2.9973610754490537e-05,0.0,2,Regular
Marvel,"SAINT, AMANDA",2,4.613851254958321e-05,0.0,1,Regular
Marvel,"BIGGERS, MELVIN",10,4.3944680013638225e-05,0.0,11,Regular
Marvel,ANTIQUARY/,2,2.8754233761537758e-05,0.0,5,Regular
Marvel,RED RONIN,19,8.154066585516176e-05,0.00015255041649816234,0,Regular
Marvel,"STANFORD, DWIGHT ROL",23,7.454929430691238e-05,8.27762597243226e-07,0,Regular
Marvel,"AGEE, DR. AUBREY",37,0.00010971637536707579,1.2921989450584717e-06,5,Regular
Marvel,MOON WOLF/,15,5.908338036226381e-05,1.6920244734419838e-08,5,Regular
Marvel,"MURPHY, MELISSA",15,5.908338036226381e-05,1.6920244734419838e-08,5,Regular
Marvel,"MILLER, CHRIS",27,8.875295536101509e-05,3.2244750338932498e-06,5,Regular
Marvel,"AGEE, REBECCA",17,6.294897431809449e-05,7.807968697504969e-08,5,Regular
Marvel,"MILLER, STACI MURPHY",24,8.125867909217914e-05,2.4069850598794223e-06,5,Regular
Marvel,"SOTO, BERNARD",10,4.6398342762208385e-05,0.0,5,Regular
Marvel,ERIC THE RED II,23,7.32251508560423e-05,0.0,5,Regular
Marvel,"STONE, MARGARET",17,5.964294903505562e-05,0.0,5,Regular
Marvel,ENTITY II,14,5.48389622378236e-05,0.0,5,Regular
Marvel,KAREL,8,4.2436252814277933e-05,0.0,5,Regular
Marvel,TU,8,4.2436252814277933e-05,0.0,5,Regular
Marvel,"AYALA, NESTOR",13,5.97834693288444e-05,0.0,1,Regular
Marvel,FAZE,7,4.849262613721846e-05,0.0,1,Regular
Marvel,SCAR THE STALKER/BRI,7,4.849262613721846e-05,0.0,1,Regular
Marvel,LOOP,15,8.310841807240694e-05,1.6329400766788363e-05,1,Regular
Marvel,BLOWTORCH/,1,2.5953716326239895e-05,0.0,1,Regular
Marvel,ARCHER/JUDE BLACK,25,0.0001029185628453069,1.918651947015806e-06,5,Regular
Marvel,GREYSTONE/BRIAN YOUN,25,0.0001029185628453069,1.918651947015806e-06,5,Regular
Marvel,"BLACK, RACHEL",13,7.045015355956997e-05,4.2600594532519664e-07,5,Regular
Marvel,"LEASH, MICAH",7,4.608684316296953e-05,0.0,5,Regular
Marvel,"STEWART, MARY",10,5.135004614327219e-05,0.0,5,Regular
Marvel,"YOUNG, AGNES",11,6.261621062429518e-05,0.0,5,Regular
Marvel,"BLACK, CAL",11,6.261621062429518e-05,0.0,5,Regular
Marvel,"YOUNG, MR.",11,6.261621062429518e-05,0.0,5,Regular
Marvel,"YOUNG, LOUISE",11,6.261621062429518e-05,0.0,5,Regular
Marvel,"DON, GAI NO",6,3.708463140763185e-05,0.0,3,Regular
Marvel,SEERESS,3,8.696975667197462e-05,0.0,2,Regular
Marvel,STORMER,3,8.696975667197462e-05,0.0,2,Regular
Marvel,DETHSTRYK,3,8.696975667197462e-05,0.0,2,Regular
Marvel,RAZORFIST,5,4.4098409606620456e-05,0.0,2,Regular
Marvel,"WATERS, SETH",20,9.230035587892262e-05,7.941025266493756e-06,5,Regular
Marvel,"BELGRADE, DR. HORATI",18,8.333622376604607e-05,6.0732792053038136e-06,5,Regular
Marvel,"GOYER, SAUL",15,6.847366397965516e-05,1.1518897306444383e-06,5,Regular
Marvel,"YOUNG, LAWRENCE",10,5.465183740200264e-05,0.0,5,Regular
Marvel,"KRYZEWSKI, LEONARD M",18,6.362719741782733e-05,0.0,3,Regular
Marvel,"ISLEY, LYNN",17,6.117608935095968e-05,0.0,3,Regular
Marvel,"MARTINEZ, CARMELLO",17,6.117608935095968e-05,0.0,3,Regular
Marvel,"EHMAN, HEIDI",7,4.1033010308571906e-05,0.0,0,Regular
Marvel,"BERDITCHEV, ITZHAK",7,4.1033010308571906e-05,0.0,0,Regular
Marvel,DEVOURER,22,0.00014854336692246382,6.690081963854222e-05,18,Regular
Marvel,WARR,5,6.58373022032033e-05,0.0,18,Regular
Marvel,BROTHER AXE,5,6.58373022032033e-05,0.0,18,Regular
Marvel,G'RATH,5,6.58373022032033e-05,0.0,18,Regular
Marvel,24-HOUR MAN/EMMANUEL,5,6.58373022032033e-05,0.0,18,Regular
Marvel,MOURNING PREY,4,5.445744374380332e-05,0.0,18,Regular
Marvel,KEERG,8,4.279322572147112e-05,2.173262602901457e-07,2,Regular
Marvel,"TILTON, ROLAND R.",11,4.881860731014822e-05,3.0496674164287487e-07,7,Regular
Marvel,"LOPEZ, JOSE",9,6.76303975400061e-05,0.0,1,Regular
Marvel,"GANNON, SGT. FRANK",9,6.76303975400061e-05,0.0,1,Regular
Marvel,"SAGE, HENRY",9,6.76303975400061e-05,0.0,1,Regular
Marvel,"LOPEZ, SALMA",9,6.76303975400061e-05,0.0,1,Regular
Marvel,"LOPEZ, ANTONIO",9,6.76303975400061e-05,0.0,1,Regular
Marvel,"LOPEZ, MARIA",9,6.76303975400061e-05,0.0,1,Regular
Marvel,AUTHORITY/,21,9.825466247636783e-05,3.560528942863047e-06,1,Regular
Marvel,DR. ZEUS,9,6.587724869196027e-05,0.0,1,Regular
Marvel,MEDUSA II,9,6.587724869196027e-05,0.0,1,Regular
Marvel,MINOTAUR III,9,6.587724869196027e-05,0.0,1,Regular
Marvel,SPHINX III,9,6.587724869196027e-05,0.0,1,Regular
Marvel,HARPY II,9,6.587724869196027e-05,0.0,1,Regular
Marvel,CERBERUS II,9,6.587724869196027e-05,0.0,1,Regular
Marvel,MAJOR LOVE,9,4.6750448498142634e-05,0.0,5,Regular
Marvel,"OGADA, DR.",18,6.676403730486482e-05,0.0,5,Regular
Marvel,"BEAUMONT, SPENCER",18,6.676403730486482e-05,0.0,5,Regular
Marvel,MINDMELD/,10,4.682000491645223e-05,0.0,5,Regular
Marvel,CLEARCUT/,10,4.682000491645223e-05,0.0,5,Regular
Marvel,"O'DONNELL, EAMON",25,7.9435751190214e-05,1.5901600862764553e-06,5,Regular
Marvel,"MUNROE, DAVID",14,5.415529904057784e-05,0.0,5,Regular
Marvel,BLOOD-TIDE,2,4.613851254958321e-05,0.0,1,Regular
Marvel,TANTRUM/,7,4.1812730642512406e-05,0.0,3,Regular
Marvel,"MADSDEN, TREVOR",7,4.1812730642512406e-05,0.0,3,Regular
Marvel,BALABAN/,12,5.041086082325477e-05,0.0,5,Regular
Marvel,INFERNO,4,3.5802945001273537e-05,0.0,2,Regular
Marvel,"PARSONS, DR. DEREK",20,7.879934505310686e-05,0.0,5,Regular
Marvel,"WYNDHAM, LUCAS",20,7.879934505310686e-05,0.0,5,Regular
Marvel,"LOMENZO, NICOLE",20,7.879934505310686e-05,0.0,5,Regular
Marvel,CARRION III/DR. WILL,6,3.761597975719145e-05,0.0,1,Regular
Marvel,KALI,8,4.013951342123275e-05,0.0,5,Regular
Marvel,"ST. CROIX, LOUIS",12,5.122064130090014e-05,0.0,5,Regular
Marvel,BLOCKBUSTER II,3,2.9979607106310657e-05,0.0,11,Regular
Marvel,"PRINCE, DIANA",16,6.51703576866397e-05,0.0,2,Regular
Marvel,"TREVOR, STEVE",16,6.51703576866397e-05,0.0,2,Regular
Marvel,MR. LUCK/RAMON GARCI,4,3.878407211491095e-05,0.0,2,Regular
Marvel,"POGUE, BARTON",14,5.720340771191485e-05,0.0,1,Regular
Marvel,BARONESS ZEMO/HEIKE,29,8.338648278856362e-05,1.537838501829607e-08,11,Regular
Marvel,"TOLLIVER, MELBA",6,4.094589799770728e-05,0.0,1,Regular
Marvel,BELLADONNA,11,5.4405818938715125e-05,3.891656288916563e-08,1,Regular
Marvel,"PARRISH, MAX",8,6.453578298624011e-05,0.0,13,Regular
Marvel,"BRANDEIS, CAMMY",8,6.453578298624011e-05,0.0,13,Regular
Marvel,"ST. GERMAINE, COMTE",8,6.453578298624011e-05,0.0,13,Regular
Marvel,KARYGMAX,12,4.900636744741122e-05,0.0,7,Regular
Marvel,GRENDEL'S MOTHER,6,3.8025991794852614e-05,0.0,2,Regular
Marvel,CAPTAIN RECTITUDE,6,4.174677923419546e-05,0.0,13,Regular
Marvel,ABOMINATRIX,6,4.174677923419546e-05,0.0,13,Regular
Marvel,THREE-FACE,3,4.756383093923252e-05,0.0,8,Regular
Marvel,SURGE,4,3.2606639830219764e-05,0.0,1,Regular
Marvel,SISTER SOPHIA,11,6.249431762357503e-05,0.0,5,Regular
Marvel,BROTHER CAESAR,11,6.249431762357503e-05,0.0,5,Regular
Marvel,KEATON,11,6.249431762357503e-05,0.0,5,Regular
Marvel,BLURRY,28,9.364259479451039e-05,2.4012749972768944e-08,5,Regular
Marvel,GREASY,28,9.364259479451039e-05,2.4255303002796914e-08,5,Regular
Marvel,"LANIEGE, BIANCA",28,9.364259479451039e-05,2.4012749972768944e-08,5,Regular
Marvel,BRAINY,28,9.364259479451039e-05,2.4012749972768944e-08,5,Regular
Marvel,WINDY,28,9.364259479451039e-05,2.4012749972768944e-08,5,Regular
Marvel,SPIKEY,28,9.364259479451039e-05,2.4012749972768944e-08,5,Regular
Marvel,WARPY,28,9.364259479451039e-05,2.4012749972768944e-08,5,Regular
Marvel,STINKY,28,9.364259479451039e-05,2.4012749972768944e-08,5,Regular
Marvel,PARADOX II,12,5.0146974827732903e-05,0.0,5,Regular
Marvel,"BANNERJEE, DR.",10,4.6944038607172e-05,0.0,5,Regular
Marvel,"SINGH, DR.",21,7.679022245783704e-05,0.0,5,Regular
Marvel,SLAUGHTER II/CONSTAN,14,5.56498126087892e-05,0.0,5,Regular
Marvel,"CAIRN, DET.",9,4.506575471985758e-05,9.609027873868057e-09,1,Regular
Marvel,THANADEMOS,1,2.5573269774887383e-05,0.0,2,Regular
Marvel,KERIVAK,11,4.657783619242202e-05,0.0,5,Regular
Marvel,ARIA,27,8.412841286008192e-05,4.160811539789293e-06,3,Regular
Marvel,MARIK,8,4.064162991481105e-05,0.0,5,Regular
Marvel,KHAN,2,2.7817526514704348e-05,0.0,11,Regular
Marvel,"HOSEK, BULL",4,7.462823982229819e-05,0.0,5,Regular
Marvel,VOLK/ILYA DUBROMOVIT,4,7.462823982229819e-05,0.0,5,Regular
Marvel,"SUKHAROV, DIMITRI",4,7.462823982229819e-05,0.0,5,Regular
Marvel,"SUKHAROV, VIKTORIA",4,7.462823982229819e-05,0.0,5,Regular
Marvel,POWERHOUSE IV/,2,2.7751648124458632e-05,0.0,0,Regular
Marvel,"KOLE, MICHELLE",5,8.547254564048344e-05,0.0,17,Regular
Marvel,"HIGGINS, LINDA",5,8.547254564048344e-05,0.0,17,Regular
Marvel,"KOLE, JOHN",5,8.547254564048344e-05,0.0,17,Regular
Marvel,"HIGGINS, RICHIE",5,8.547254564048344e-05,0.0,17,Regular
Marvel,"HIGGINS, JANE",5,8.547254564048344e-05,0.0,17,Regular
Marvel,"LOWELL, DR.",12,5.244698878760353e-05,0.0,3,Regular
Marvel,FIRESTRIKE/DALTON BE,32,0.00010843089463051381,1.5435199150000371e-06,3,Regular
Marvel,"SUTTON, JOHN",12,5.244698878760353e-05,0.0,3,Regular
Marvel,ASHUR,11,4.973088474637428e-05,0.0,3,Regular
Marvel,LOBO III,11,4.973088474637428e-05,0.0,3,Regular
Marvel,BARRACUDA/,19,7.263659947903702e-05,1.9455325189427835e-07,3,Regular
Marvel,"TRAYNOR, HARLEY",27,9.113695545328042e-05,2.97585224589504e-06,3,Regular
Marvel,STRONGHOLD/,19,7.263659947903702e-05,1.9455325189427835e-07,3,Regular
Marvel,"ROLLINS, MRS.",16,6.462568761451731e-05,0.0,3,Regular
Marvel,WARBOW/,19,7.263659947903702e-05,1.9455325189427835e-07,3,Regular
Marvel,RIOT II/,19,7.263659947903702e-05,1.9455325189427835e-07,3,Regular
Marvel,BLACKWING II/,19,7.263659947903702e-05,1.9455325189427835e-07,3,Regular
Marvel,BIOHAZARD II/FLETCHE,17,6.184921899673388e-05,0.0,3,Regular
Marvel,DECIBEL,15,6.163798684084059e-05,0.0,3,Regular
Marvel,FAHE,16,5.7515215547785974e-05,0.0,5,Regular
Marvel,"ROSELLINI, ROBERTA",15,5.702314329408368e-05,0.0,1,Regular
Marvel,SPARK,27,8.123743718340095e-05,3.767148494818453e-08,3,Regular
Marvel,ENT,29,9.318259295863711e-05,0.0,1,Regular
Marvel,PESTER,29,9.318259295863711e-05,0.0,1,Regular
Marvel,MOTHER INFERIOR,29,9.318259295863711e-05,0.0,1,Regular
Marvel,TWIT,5,5.941882177999339e-05,0.0,1,Regular
Marvel,PRETTY LARRY,5,5.941882177999339e-05,0.0,1,Regular
Marvel,SLAMBEAUX,5,5.941882177999339e-05,0.0,1,Regular
Marvel,RIPSTER,5,5.941882177999339e-05,0.0,1,Regular
Marvel,CLASS CLOWN/GLASS,1,2.5438097617669667e-05,0.0,3,Regular
Marvel,SIMBUS,25,7.942405238914205e-05,3.2235533293659095e-08,7,Regular
Marvel,URSON-WELLZ,16,5.910322684918095e-05,0.0,7,Regular
Marvel,JOVAN,23,7.414720649330175e-05,0.0,7,Regular
Marvel,"IGOE, MAX",6,5.1294443147750165e-05,0.0,1,Regular
Marvel,"SCARPETTI, ALPHONSE",6,5.1294443147750165e-05,0.0,1,Regular
Marvel,SILENCER,6,5.1294443147750165e-05,0.0,1,Regular
Marvel,STEEPLEJACK,2,2.884778436352292e-05,0.0,2,Regular
Marvel,LONKARR,15,6.0076370184369756e-05,0.0,7,Regular
Marvel,TSERRON,15,6.0076370184369756e-05,0.0,7,Regular
Marvel,SEDNA,10,4.648132045468307e-05,0.0,7,Regular
Marvel,ATLAS III,10,4.570803315995928e-05,0.0,7,Regular
Marvel,DEADLY DORIS,10,5.170505927960154e-05,0.0,13,Regular
Marvel,SEEKER III,13,6.598420438550644e-05,1.2496810743379285e-06,13,Regular
Marvel,BRANNEX,7,4.0969320479167476e-05,0.0,13,Regular
Marvel,"BARROWS, WALTER",8,4.91006223281443e-05,0.0,13,Regular
Marvel,"WU, SONIA",8,4.91006223281443e-05,0.0,13,Regular
Marvel,"LIN, PAULA",11,7.082595687948158e-05,0.0,0,Regular
Marvel,SNOWBIRD | MUTANT X-,15,7.99491726807754e-05,0.0,15,Regular
Marvel,SASQUATCH | MUTANT X,15,7.99491726807754e-05,0.0,15,Regular
Marvel,SHAMAN | MUTANT X-VE,15,7.99491726807754e-05,0.0,15,Regular
Marvel,PUCK | MUTANT X-VERS,15,7.99491726807754e-05,0.0,15,Regular
Marvel,NORTHSTAR | MUTANT X,15,7.99491726807754e-05,0.0,15,Regular
Marvel,GUARDIAN | MUTANT X-,15,7.99491726807754e-05,0.0,15,Regular
Marvel,AURORA | MUTANT X-VE,15,7.99491726807754e-05,0.0,15,Regular
Marvel,MOOT,11,5.685669149457061e-05,0.0,15,Regular
Marvel,BULLSEYE | MUTANT X-,11,5.639837209210964e-05,0.0,15,Regular
Marvel,DAREDEVIL | MUTANT X,52,0.00017671640475218375,1.4151477414242047e-07,15,Regular
Marvel,MAN-SPIDER CLONE | M,7,4.4727446338705586e-05,0.0,15,Regular
Marvel,SHREEVE,7,3.931634990619907e-05,0.0,2,Regular
Marvel,MORETTI,9,4.7573051531364354e-05,0.0,1,Regular
Marvel,AINET,14,5.4361753157418224e-05,0.0,5,Regular
Marvel,KIKO,19,6.41172301504147e-05,0.0,5,Regular
Marvel,"ARMSTRONG, MYRA",20,6.724052727790787e-05,1.145391460817165e-08,5,Regular
Marvel,PILGRIMM,10,4.507825141592961e-05,0.0,5,Regular
Marvel,"MCKENZIE, LEONARD",6,3.616771306629781e-05,0.0,2,Regular
Marvel,HYPNO-HUSTLER/,8,4.2872293378832335e-05,0.0,1,Regular
Marvel,MILLENIUS,9,4.2828919136406306e-05,0.0,0,Regular
Marvel,STONE-FACE,7,3.956041016744133e-05,0.0,1,Regular
Marvel,SAI/,14,5.6698226443770044e-05,0.0,2,Regular
Marvel,LIONMANE/GEN. LO CHI,14,5.6698226443770044e-05,0.0,2,Regular
Marvel,"PROSPERO, DR./HARPER",10,4.6374179219478695e-05,0.0,5,Regular
Marvel,MUSTANG/,11,4.889261578313136e-05,8.192960608245396e-09,5,Regular
Marvel,"MARTINEZ, MRS.",6,4.504305805181716e-05,0.0,1,Regular
Marvel,"HARRIGAN, CHESTER CH",3,3.912776846248564e-05,0.0,0,Regular
Marvel,SKULLCRASHER/,3,3.912776846248564e-05,0.0,0,Regular
Marvel,"BRANDEIS, LIZ PARRIS",6,5.659411076709585e-05,0.0,13,Regular
Marvel,"BRANDEIS, PROF. HENR",6,5.659411076709585e-05,0.0,13,Regular
Marvel,"ARGOSY, HERVE",3,3.0692163525831666e-05,0.0,11,Regular
Marvel,"FONG, KATY",1,2.5690615130943632e-05,0.0,11,Regular
Marvel,SUPER-NOVA,19,6.244250970493689e-05,0.0,0,Regular
Marvel,ABCISSA,15,5.898414312708098e-05,1.3105665904078194e-06,5,Regular
Marvel,PLASMA WRAITH,10,4.715326098310244e-05,0.0,5,Regular
Marvel,SHIVA,8,4.1696287202120134e-05,0.0,5,Regular
Marvel,KOJIRO,11,5.07589780217691e-05,0.0,5,Regular
Marvel,REIKO,14,6.30544025306181e-05,5.092783792683884e-07,5,Regular
Marvel,CUEBALL/,4,3.194195448285725e-05,0.0,5,Regular
Marvel,WORM,48,0.00012166832907269521,3.846593481017267e-07,5,Regular
Marvel,"LANGSTROM, LIEUTENAN",28,9.105787610274105e-05,3.143249997448134e-06,13,Regular
Marvel,REMORA,14,5.5002328923353635e-05,0.0,13,Regular
Marvel,RAMAN,9,4.4483598216950464e-05,0.0,13,Regular
Marvel,"MCKENZIE, LEON",12,5.11662359793978e-05,0.0,13,Regular
Marvel,BLACK MORAY,5,3.408450870475015e-05,0.0,2,Regular
Marvel,SILVER II,38,0.00010641317758824909,0.0,11,Regular
Marvel,PLUTONIUM,38,0.00010641317758824909,0.0,11,Regular
Marvel,CALIFORNIUM,38,0.00010641317758824909,0.0,11,Regular
Marvel,RADIUM,38,0.00010641317758824909,0.0,11,Regular
Marvel,GOLD,38,0.00010641317758824909,0.0,11,Regular
Marvel,NEPTUNIUM,38,0.00010641317758824909,0.0,11,Regular
Marvel,CESIUM,38,0.00010641317758824909,0.0,11,Regular
Marvel,URANIUM,38,0.00010641317758824909,0.0,11,Regular
Marvel,NAUTILUS,4,4.9248376002289525e-05,0.0,2,Regular
Marvel,SLIDE,4,4.9248376002289525e-05,0.0,2,Regular
Marvel,RAZORWIRE,4,4.9248376002289525e-05,0.0,2,Regular
Marvel,HO TI,1,2.536429139824471e-05,0.0,2,Regular
Marvel,MINISTER TOME,24,9.095084494849088e-05,6.864413980424858e-08,5,Regular
Marvel,MINSTER HOARD,24,9.095084494849088e-05,6.864413980424858e-08,5,Regular
Marvel,HETH'SA,8,4.46221225943044e-05,0.0,5,Regular
Marvel,"BOUDREAUX, MARIUS",22,8.613132022373149e-05,0.0,5,Regular
Marvel,MASTIFF,3,6.078378259271914e-05,0.0,5,Regular
Marvel,"MASTIFF, MINNIE",3,6.078378259271914e-05,0.0,5,Regular
Marvel,"DUCRESTE, ABRIAN",3,6.078378259271914e-05,0.0,5,Regular
Marvel,QUIET BILL,9,4.445379302349036e-05,2.0407499316620598e-07,5,Regular
Marvel,MICHELLE,9,6.017879167175839e-05,0.0,0,Regular
Marvel,CHAKA KHAN II,7,4.1618747437215704e-05,0.0,2,Regular
Marvel,"FROST, DEACON",6,5.0077324534771535e-05,0.0,2,Regular
Marvel,"CAULDER, SAFRON",6,5.0077324534771535e-05,0.0,2,Regular
Marvel,MOON KNIGHT | MUTANT,48,0.0001624256003282984,0.0,15,Regular
Marvel,DRAX | MUTANT X-VERS,48,0.0001624256003282984,0.0,15,Regular
Marvel,VOLSTAGG | MUTANT X-,48,0.0001624256003282984,0.0,15,Regular
Marvel,FIN FANG FOOM | MUTA,48,0.0001624256003282984,0.0,15,Regular
Marvel,NAMORITA | MUTANT X-,48,0.0001624256003282984,0.0,15,Regular
Marvel,HOGUN | MUTANT X-VER,48,0.0001624256003282984,0.0,15,Regular
Marvel,DEVIL DINOSAUR | MUT,48,0.0001624256003282984,0.0,15,Regular
Marvel,VALKYRIE II | MUTANT,48,0.0001624256003282984,0.0,15,Regular
Marvel,BROTHER VOODOO | MUT,48,0.0001624256003282984,0.0,15,Regular
Marvel,THOR | MUTANT X-VERS,48,0.0001624256003282984,0.0,15,Regular
Marvel,IRON FIST | MUTANT X,48,0.0001624256003282984,0.0,15,Regular
Marvel,ABSORBING MAN | MUTA,48,0.0001624256003282984,0.0,15,Regular
Marvel,ABOMINATION | MUTANT,48,0.0001624256003282984,0.0,15,Regular
Marvel,BLACK PANTHER | MUTA,48,0.0001624256003282984,0.0,15,Regular
Marvel,POWER MAN II | MUTAN,48,0.0001624256003282984,0.0,15,Regular
Marvel,DR. OCTOPUS | MUTANT,48,0.0001624256003282984,0.0,15,Regular
Marvel,STRONG GUY | MUTANT ,48,0.0001624256003282984,0.0,15,Regular
Marvel,GARGOYLE | MUTANT X-,48,0.0001624256003282984,0.0,15,Regular
Marvel,BETA RAY BILL | MUTA,48,0.0001624256003282984,0.0,15,Regular
Marvel,NOVA | MUTANT X-VERS,48,0.0001624256003282984,0.0,15,Regular
Marvel,FANDRAL | MUTANT X-V,48,0.0001624256003282984,0.0,15,Regular
Marvel,ANGEL II/THOMAS HALL,3,3.884412025361971e-05,0.0,1,Regular
Marvel,STINGER/,3,3.884412025361971e-05,0.0,1,Regular
Marvel,BLOOD SPIDER/,11,5.357046889185013e-05,0.0,1,Regular
Marvel,JAGGED BOW/,11,5.357046889185013e-05,0.0,1,Regular
Marvel,DEATHSHIELD/,11,5.357046889185013e-05,0.0,1,Regular
Marvel,"FITZGERALD, KENNY",8,4.8691858922663874e-05,0.0,1,Regular
Marvel,COPPERHEAD IV/,8,4.8691858922663874e-05,0.0,1,Regular
Marvel,"ABBOTT, JACK",8,4.8691858922663874e-05,0.0,1,Regular
Marvel,VOID-EATER,4,3.804590508962679e-05,0.0,2,Regular
Marvel,SHADOWOMAN/JILLIAN W,4,3.804590508962679e-05,0.0,2,Regular
Marvel,"CARMODY, MRS.",17,7.73918027792168e-05,0.0,5,Regular
Marvel,"CIRE, EYLA",28,0.00011730423394959368,3.83860233001624e-06,5,Regular
Marvel,"HAMID, SHEIK",28,0.00011730423394959368,3.83860233001624e-06,5,Regular
Marvel,AZAZEL,17,7.739180277921679e-05,0.0,5,Regular
Marvel,GAUNT II,23,0.00010107943335232867,1.0609429151703534e-06,5,Regular
Marvel,SECOND/ALECTO,6,4.216138651107554e-05,0.0,5,Regular
Marvel,SHIN,10,5.847914646903392e-05,5.432295137974919e-07,5,Regular
Marvel,"CIRE, MANUEL",24,0.00010506927279985663,6.948251498925933e-07,5,Regular
Marvel,"CIRE, EZRA",18,8.552696461533373e-05,0.0,5,Regular
Marvel,"GLEASON, KAREN",18,8.552696461533373e-05,0.0,5,Regular
Marvel,"CROSS, JASON",18,8.552696461533373e-05,0.0,5,Regular
Marvel,"KITAGOWA, DR. KITTY",8,4.590471082234281e-05,0.0,2,Regular
Marvel,"FRANKENSTEIN, BASIL",8,4.590471082234281e-05,0.0,2,Regular
Marvel,DRAGONHEAD,5,4.050625578279279e-05,0.0,5,Regular
Marvel,DAI-KUMO,6,4.4865163921985094e-05,0.0,5,Regular
Marvel,FRANKIE THE FISH,10,4.698318814654183e-05,0.0,1,Regular
Marvel,"GANNON, RICH",9,5.222053914121297e-05,0.0,1,Regular
Marvel,"CARR, DAN",8,4.9341121494279475e-05,0.0,1,Regular
Marvel,CARLY,8,4.9341121494279475e-05,0.0,1,Regular
Marvel,SCORPIA,21,7.810834999589388e-05,0.0,1,Regular
Marvel,PROTO-GOBLIN/VAN ADD,2,2.8868152797266222e-05,0.0,1,Regular
Marvel,"BECKFORD, NOEL",18,6.704287174924828e-05,0.0,2,Regular
Marvel,ANTORO,18,6.704287174924828e-05,0.0,2,Regular
Marvel,"MARLES, DR. THOMAS",18,6.704287174924828e-05,0.0,2,Regular
Marvel,"KELLEHER, MARY",7,4.628741079796494e-05,0.0,1,Regular
Marvel,"LOBO, LUCKY",7,4.628741079796494e-05,0.0,1,Regular
Marvel,"CARDENAS, PACO",6,4.937848746611344e-05,0.0,1,Regular
Marvel,BEAR/,8,5.827199509745005e-05,0.0,1,Regular
Marvel,REMIPED,16,5.741584459324124e-05,0.0,5,Regular
Marvel,BLUNT,23,7.347198730525765e-05,1.6859365505974232e-07,5,Regular
Marvel,"STUART, DR.",28,8.589237167785742e-05,1.461940418161367e-06,5,Regular
Marvel,EVILHAWK/DARGIN BOKK,16,6.546901208497733e-05,3.5925017519651587e-07,10,Regular
Marvel,"PARTRIDGE, STEVE",16,6.140698088899952e-05,6.534228091780128e-08,1,Regular
Marvel,"GOULDING, DR.",9,4.420228556723963e-05,0.0,1,Regular
Marvel,"JARMAN, TOMMY",2,3.120703763572706e-05,0.0,2,Regular
Marvel,SHRILL/,13,5.19956338870834e-05,0.0,5,Regular
Marvel,GRAVEMOSS,13,5.19956338870834e-05,0.0,5,Regular
Marvel,AUTOLYCUS,10,4.567088480467646e-05,0.0,8,Regular
Marvel,JUDGE KRAY-TOR,10,4.567088480467646e-05,0.0,8,Regular
Marvel,ZEAKLAR,2,2.7725921792103947e-05,0.0,8,Regular
Marvel,TELLIS,16,5.818141648777246e-05,0.0,0,Regular
Marvel,PRIMUS II,16,5.818141648777246e-05,0.0,0,Regular
Marvel,COMMANDO/M-NELL,16,5.818141648777246e-05,0.0,0,Regular
Marvel,BANSHEE 2013,13,5.066672697127062e-05,0.0,5,Regular
Marvel,"JARDINE, AMANDA",4,4.066333232233465e-05,0.0,5,Regular
Marvel,"WISDOM, HAROLD",4,4.066333232233465e-05,0.0,5,Regular
Marvel,GANTRY,17,6.831912547173937e-05,0.0,1,Regular
Marvel,VACUUM,17,6.831912547173937e-05,0.0,1,Regular
Marvel,SATELLITE,17,6.831912547173937e-05,0.0,1,Regular
Marvel,ORBIT,17,6.831912547173937e-05,0.0,1,Regular
Marvel,"BLISS, MISS",22,8.183086327814773e-05,0.0,0,Regular
Marvel,"DABOIA, RUSSELL",22,8.183086327814773e-05,0.0,0,Regular
Marvel,"GRANT, DONALD",22,8.183086327814773e-05,0.0,0,Regular
Marvel,"WOLFE, MR.",22,8.183086327814773e-05,0.0,0,Regular
Marvel,"HALE, TOM",22,8.183086327814773e-05,0.0,0,Regular
Marvel,"GRANT, MARY MEEKS",22,8.183086327814773e-05,0.0,0,Regular
Marvel,"HALE, NAN",22,8.183086327814773e-05,0.0,0,Regular
Marvel,"WALKER, MICKEY",22,8.183086327814773e-05,0.0,0,Regular
Marvel,TETHERBLOOD/,2,2.775954646056226e-05,0.0,5,Regular
Marvel,"VANDERGILL, GEORGE",22,8.160008578409736e-05,0.0,1,Regular
Marvel,NIGHTWATCH/,22,8.160008578409736e-05,0.0,1,Regular
Marvel,"MORELLE, NOLAN",22,8.160008578409736e-05,0.0,1,Regular
Marvel,"CROIX, ASHLEY",22,8.160008578409736e-05,0.0,1,Regular
Marvel,RAPTAR,3,3.078661886039159e-05,0.0,1,Regular
Marvel,"HOLKAR, DR. SHYAM",11,5.147987135536259e-05,0.0,1,Regular
Marvel,"HAVERSHAW, JASON",11,6.578517259841091e-05,0.0,1,Regular
Marvel,"HAVERSHAW, ANDREA",11,6.578517259841091e-05,0.0,1,Regular
Marvel,SKULL-JACKET,11,6.578517259841091e-05,0.0,1,Regular
Marvel,"MURPHY, SEAN",11,6.578517259841091e-05,0.0,1,Regular
Marvel,"CELLANOS, MARCELLA",11,6.578517259841091e-05,0.0,1,Regular
Marvel,"FROST, BYRON",29,9.240595528179406e-05,1.4864802181046872e-06,0,Regular
Marvel,"VANE, ROGER",8,4.4363183344200074e-05,0.0,0,Regular
Marvel,"KAZAKI, SHINJI",3,3.193534409741112e-05,0.0,5,Regular
Marvel,"KAISHEK, YOLYN",5,4.0745542048860716e-05,0.0,5,Regular
Marvel,"KAISHEK, GOM",7,5.392132487553207e-05,0.0,5,Regular
Marvel,"CURSON, LT. TARA",6,5.434585141150776e-05,0.0,8,Regular
Marvel,FUGUE,5,4.606419115857363e-05,0.0,8,Regular
Marvel,CARVER,5,4.606419115857363e-05,0.0,8,Regular
Marvel,"CHEN, JOANNA",4,3.820146131595154e-05,0.0,8,Regular
Marvel,"SAPIR, HERSCHEL",10,4.742610662295248e-05,0.0,1,Regular
Marvel,"WATSON, TOMMY",8,4.433566372836875e-05,0.0,1,Regular
Marvel,"DENNAGER, MICHAEL",10,4.861869645076758e-05,0.0,1,Regular
Marvel,"BRUKNER, DR. FRANK",4,3.68414484325205e-05,0.0,2,Regular
Marvel,SIR BENEDICT,12,5.454170103706171e-05,1.9212715726789526e-07,5,Regular
Marvel,MASTERMIND V,10,4.6905479481309704e-05,0.0,5,Regular
Marvel,"COLE, LYNETTE",2,2.7745767361459917e-05,0.0,8,Regular
Marvel,"CHIANG, PROF.",5,8.763884662196331e-05,0.0,2,Regular
Marvel,"WATKINS, MELODY",5,4.5114947207711275e-05,0.0,5,Regular
Marvel,"WATKINS, STEVIE",5,4.5114947207711275e-05,0.0,5,Regular
Marvel,"HURDLER, THOMAS",5,4.5114947207711275e-05,0.0,5,Regular
Marvel,HOO,4,3.195448343415903e-05,0.0,5,Regular
Marvel,"BERMAN, ADAM",5,3.8353390313335855e-05,0.0,5,Regular
Marvel,"MAHONEY, GINNY",5,3.8353390313335855e-05,0.0,5,Regular
Marvel,FREAK QUINCY,4,3.529768889475057e-05,0.0,0,Regular
Marvel,SAMURAI STEEL/YOSHID,2,2.802425225972974e-05,0.0,0,Regular
Marvel,ARIANE,5,3.899203665411995e-05,0.0,0,Regular
Marvel,MARVEL BOY/MARTIN BU,4,3.448857474435402e-05,0.0,11,Regular
Marvel,"CLEARWATER, JUDGE MA",14,5.5304249008828996e-05,0.0,2,Regular
Marvel,"KITCHENER, CHIEF INS",17,6.2220695521951e-05,0.0,2,Regular
Marvel,SHALAK,10,4.659445503076271e-05,0.0,2,Regular
Marvel,"PAYNE, EDWARD",11,5.094484735842338e-05,0.0,2,Regular
Marvel,"PAYNE, MICHAEL",11,5.094484735842338e-05,0.0,2,Regular
Marvel,"LEFLER, BOB",5,4.7329262601178975e-05,0.0,0,Regular
Marvel,"COWAN, EARL",5,4.7329262601178975e-05,0.0,0,Regular
Marvel,BUMPKIN,21,7.21063576695505e-05,0.0,5,Regular
Marvel,KO-GAR,10,6.459359846134089e-05,0.0,13,Regular
Marvel,"FISHER, PROF. FRANCE",10,6.459359846134089e-05,0.0,13,Regular
Marvel,"VAN NUYS, PROF. RODE",9,5.857405268216127e-05,0.0,13,Regular
Marvel,"LESTRADE, DR.",9,5.857405268216127e-05,0.0,13,Regular
Marvel,"LAO-TSE, GEN.",10,6.459359846134089e-05,0.0,13,Regular
Marvel,"RIFKIN, MARJORIE",10,4.829031833452097e-05,0.0,5,Regular
Marvel,CADAVER,10,4.829031833452097e-05,0.0,5,Regular
Marvel,"CORDOVA, JUAN",10,4.829031833452097e-05,0.0,5,Regular
Marvel,QUORUM/,11,5.592611417011297e-05,0.0,1,Regular
Marvel,MOSH/GLENN,11,5.592611417011297e-05,0.0,1,Regular
Marvel,GOLEM II,1,2.577309267556688e-05,0.0,2,Regular
Marvel,JASMINE,9,5.908255518008838e-05,0.0,2,Regular
Marvel,BELLE,9,5.908255518008838e-05,0.0,2,Regular
Marvel,SUNSPYRE/LEYU YOSHID,15,5.632674608203754e-05,0.0,5,Regular
Marvel,"PROVENZANO, PAULIE",15,5.632674608203754e-05,0.0,5,Regular
Marvel,WRAITH II/HECTOR REN,15,5.632674608203754e-05,0.0,5,Regular
Marvel,"MELLACE, TONY",6,5.477988417477774e-05,0.0,1,Regular
Marvel,OLIVIER,11,0.00010320695439022633,7.214858862556026e-06,1,Regular
Marvel,GADRIEL,11,0.00010320695439022633,7.214858862556026e-06,1,Regular
Marvel,EZEKEEL,7,7.957060335483894e-05,0.0,1,Regular
Marvel,AZAZEL II,7,7.957060335483894e-05,0.0,1,Regular
Marvel,ARMAROS,7,7.957060335483894e-05,0.0,1,Regular
Marvel,SARIEL,7,7.957060335483894e-05,0.0,1,Regular
Marvel,STALKER,5,5.235468114451733e-05,0.0,1,Regular
Marvel,"KRYPT, DR.",20,7.268001054669103e-05,0.0,8,Regular
Marvel,ECLIPTIC,21,7.543594011688886e-05,0.0,8,Regular
Marvel,"MOBIUS, DR.",20,7.268001054669103e-05,0.0,8,Regular
Marvel,DIRECTOR X,15,6.077056728679809e-05,0.0,8,Regular
Marvel,CHINOOK,19,6.957530473288352e-05,3.80647796383075e-08,8,Regular
Marvel,"RON, DAN",12,5.4212177320665816e-05,0.0,8,Regular
Marvel,"STARR, JACQUELINE",12,5.4212177320665816e-05,0.0,8,Regular
Marvel,"VIENNEAU, JACQUES",12,5.4212177320665816e-05,0.0,8,Regular
Marvel,BIOHAZARD,11,7.290723118345859e-05,0.0,10,Regular
Marvel,POWDERKEG/FRANK SKOR,7,5.269978976077576e-05,0.0,10,Regular
Marvel,"ANGSTROM, EARL",9,6.338933866995914e-05,0.0,10,Regular
Marvel,"KELLY, SARA",15,8.934799212215077e-05,0.0,10,Regular
Marvel,"KIMBLE, DR.",13,7.757213104341436e-05,0.0,10,Regular
Marvel,"KELLY, KAREN",15,8.934799212215077e-05,0.0,10,Regular
Marvel,DEATHLOK III DOPPELG,3,3.123195431575531e-05,0.0,10,Regular
Marvel,"WESTPHAL, SIMON",9,4.201502950813351e-05,0.0,5,Regular
Marvel,UGLY JOHN/STEVE,8,4.6038251364235174e-05,0.0,5,Regular
Marvel,MS. NOVA,8,4.6038251364235174e-05,0.0,5,Regular
Marvel,"TRASK, DR. DONALD TR",8,4.6038251364235174e-05,0.0,5,Regular
Marvel,IREZUMI/,19,6.913316050912611e-05,0.0,0,Regular
Marvel,CYBERTOOTH/YEN HSIEH,19,6.913316050912611e-05,0.0,0,Regular
Marvel,PELE/MICHI SASAKI,21,7.437306290042822e-05,4.207195988017906e-08,0,Regular
Marvel,BIG ONE/KENJIRO SASA,22,7.63952659453599e-05,4.207195988017906e-08,0,Regular
Marvel,SHIGARU,15,5.537495478641431e-05,0.0,0,Regular
Marvel,"ANAMI, HIROSHI",16,6.1029138824192066e-05,0.0,0,Regular
Marvel,"TITAN, TRISH",17,6.266445856264065e-05,0.0,0,Regular
Marvel,"HINKLEY, ADMIRAL",17,6.266445856264065e-05,0.0,0,Regular
Marvel,AVATAR II/PRINCESS A,4,3.2743275162249026e-05,0.0,8,Regular
Marvel,"CONRAD, LUTHER DUTCH",2,2.828988495395253e-05,0.0,11,Regular
Marvel,SPELLBINDER/ERICA FO,4,3.1371155479376276e-05,0.0,5,Regular
Marvel,FUTURIST,8,4.0389929804332346e-05,0.0,13,Regular
Marvel,SLASHER II,14,5.442324978590759e-05,0.0,0,Regular
Marvel,RAZORBLADE/,14,5.442324978590759e-05,0.0,0,Regular
Marvel,DORREK II,11,4.635012649286038e-05,0.0,0,Regular
Marvel,WATCHLORD/,2,2.794620310375143e-05,0.0,1,Regular
Marvel,STEEL SPIDER/OLLIE O,1,0.0001556178026766262,0.0,-1,Regular
Marvel,MASTER OF VENGEANCE,1,0.0001556178026766262,0.0,-1,Regular
Marvel,SHELL/,11,8.579486976675958e-05,0.0,1,Regular
Marvel,"ARMSTRONG, ?",11,8.579486976675958e-05,0.0,1,Regular
Marvel,FLARE/,11,8.579486976675958e-05,0.0,1,Regular
Marvel,SHOT/,11,8.579486976675958e-05,0.0,1,Regular
Marvel,STAMPEDE/,11,8.579486976675958e-05,0.0,1,Regular
Marvel,BOMBADIER/,11,8.579486976675958e-05,0.0,1,Regular
Marvel,CLASH/,11,8.579486976675958e-05,0.0,1,Regular
Marvel,CORDITE,11,8.579486976675958e-05,0.0,1,Regular
Marvel,HOTAMITANIO,7,5.973613377351903e-05,0.0,2,Regular
Marvel,CALUMET,7,5.973613377351903e-05,0.0,2,Regular
Marvel,NANABOZHO,7,5.973613377351903e-05,0.0,2,Regular
Marvel,OWAYODATA,7,5.973613377351903e-05,0.0,2,Regular
Marvel,VULTURE III/DR. CLIF,8,4.2702053113539085e-05,0.0,1,Regular
Marvel,SCOPE,1,2.582647776721925e-05,0.0,1,Regular
Marvel,BLACKBIRD/,41,0.00010834134908539251,7.826056563924181e-08,11,Regular
Marvel,"POMEROY, SYLVIA",19,6.4597942811785e-05,0.0,7,Regular
Marvel,VISARA,19,6.4597942811785e-05,0.0,7,Regular
Marvel,HAAG,19,6.4597942811785e-05,0.0,7,Regular
Marvel,LORD OF LIGHT/BOWEN,2,2.783178504823739e-05,0.0,1,Regular
Marvel,VERMIN II,3,3.0399694895190714e-05,0.0,1,Regular
Marvel,"SPENCER, TRACY",14,5.3072724002671654e-05,0.0,0,Regular
Marvel,PAGAN,30,8.890436159113353e-05,6.465881238513506e-07,0,Regular
Marvel,DOMINEX,16,5.612927676319765e-05,0.0,0,Regular
Marvel,"GATES, JUNIOR",14,5.261298626015967e-05,0.0,0,Regular
Marvel,"STORM, CHILI",40,0.00010823902879669034,0.0,0,Regular
Marvel,KHATYLIS,5,3.4564992436695354e-05,0.0,13,Regular
Marvel,ZAKKA,5,3.429967845948816e-05,0.0,7,Regular
Marvel,"PONG, WU",16,6.452264002545206e-05,3.0575883587119876e-06,0,Regular
Marvel,"WANG, LI",10,4.961023604959314e-05,2.3443674972488803e-07,0,Regular
Marvel,SHADOW KING | MUTANT,14,6.778825519937438e-05,0.0,15,Regular
Marvel,"MACTAGGART, MOIRA | ",14,6.778825519937438e-05,0.0,15,Regular
Marvel,JUGGERNAUT | MUTANT ,14,6.778825519937438e-05,0.0,15,Regular
Marvel,PANDEMONIA,24,8.67328236922192e-05,1.804006278114627e-06,5,Regular
Marvel,PELE II,11,5.40983982707057e-05,0.0,5,Regular
Marvel,STYRAK,11,5.40983982707057e-05,0.0,5,Regular
Marvel,BORAKU,11,5.40983982707057e-05,0.0,5,Regular
Marvel,KROTOK,11,5.40983982707057e-05,0.0,5,Regular
Marvel,"WEAVER, ZEKE",9,4.46102769035286e-05,0.0,5,Regular
Marvel,"CISCERNOS, SELENA",15,6.23598404079565e-05,0.0,5,Regular
Marvel,KRUELLA,15,6.23598404079565e-05,0.0,5,Regular
Marvel,BENCHLEY,15,6.23598404079565e-05,0.0,5,Regular
Marvel,"LEONARD, DR.",15,6.23598404079565e-05,0.0,5,Regular
Marvel,"SAUNDERS, DABNEY",18,6.718823599043217e-05,0.0,5,Regular
Marvel,"SMITH, WANDA JO BIAL",18,6.718823599043217e-05,0.0,5,Regular
Marvel,"SILVERCLOUD, SAM",5,4.2862155760267535e-05,0.0,2,Regular
Marvel,TASHA,16,6.308985552597505e-05,0.0,5,Regular
Marvel,ROULETTE/DUDE JENSEN,4,4.035516764600717e-05,0.0,2,Regular
Marvel,COACH,20,0.00012008656387486945,3.608690524489259e-06,5,Regular
Marvel,ORPHAN II/GUY SMITH,13,7.510525276511562e-05,0.0,5,Regular
Marvel,BLOKE/MICKEY TORK,13,7.510525276511562e-05,0.0,5,Regular
Marvel,SAINT ANNA,13,7.510525276511562e-05,0.0,5,Regular
Marvel,U-GO GIRL/EDIE,20,0.00012008656387486945,3.608690524489259e-06,5,Regular
Marvel,PHAT/BILLY BOB REILL,13,7.510525276511562e-05,0.0,5,Regular
Marvel,VIVISECTOR/MYLES ALF,13,7.510525276511562e-05,0.0,5,Regular
Marvel,ANARCHIST/TIKE ALICA,20,0.00012008656387486945,3.608690524489259e-06,5,Regular
Marvel,DOOP,20,0.00012008656387486945,3.608690524489259e-06,5,Regular
Marvel,PLAZM,10,8.221870147289619e-05,0.0,5,Regular
Marvel,GIN GENIE/BECKAH,10,8.221870147289619e-05,0.0,5,Regular
Marvel,BATTERING RAM,10,8.221870147289619e-05,0.0,5,Regular
Marvel,ZEITGEIST II/AXEL CL,10,8.221870147289619e-05,0.0,5,Regular
Marvel,LA NUIT,10,8.221870147289619e-05,0.0,5,Regular
Marvel,SLUK,10,8.221870147289619e-05,0.0,5,Regular
Marvel,"RYCHENKO, MAJ. VALEN",7,4.421228700804651e-05,0.0,5,Regular
Marvel,"RACAL, CONSTANTIN",10,5.666749831501886e-05,0.0,5,Regular
Marvel,PROGENITOR,8,4.7208339324677554e-05,0.0,5,Regular
Marvel,"WENTWORTH, JENNIFER",8,4.7208339324677554e-05,0.0,5,Regular
Marvel,TALISMAN III/NAHITA,8,4.0245853686808126e-05,0.0,8,Regular
Marvel,LLAN,19,6.508595507932093e-05,4.3742922822051314e-07,8,Regular
Marvel,DREAM QUEEN,18,6.006923736763095e-05,0.0,8,Regular
Marvel,"FIDDLER, BARNEY",12,5.038739747918721e-05,0.0,1,Regular
Marvel,D'WON,13,5.5406939099946384e-05,0.0,1,Regular
Marvel,KONO,10,4.78090030365177e-05,0.0,1,Regular
Marvel,BOSHLOVOR,9,4.474304171056201e-05,0.0,0,Regular
Marvel,TABULA RASA,8,4.661350227794953e-05,0.0,0,Regular
Marvel,ANTI-VISION,8,4.661350227794953e-05,0.0,0,Regular
Marvel,JOCASTA II,9,4.900243474320687e-05,6.118545110279694e-07,0,Regular
Marvel,QUASAR,1,2.5632633259933726e-05,0.0,0,Regular
Marvel,"MANNING, ERIKA",7,3.9306816429967e-05,0.0,2,Regular
Marvel,"ALBUQUERQUE, JEREMIA",6,3.8567242202452334e-05,0.0,1,Regular
Marvel,LEGS/,21,8.124975268074834e-05,8.394900579995745e-07,1,Regular
Marvel,"JUSTIN, GLORIA",6,4.048063687305685e-05,0.0,1,Regular
Marvel,"EPURER, GISCARD",11,5.6608164413581454e-05,2.6203235875251433e-06,1,Regular
Marvel,GAMBIT DOPPELGANGER ,1,2.5548881216371456e-05,0.0,11,Regular
Marvel,"MITCHELL, ROBERT",4,4.960648428777275e-05,0.0,2,Regular
Marvel,"SLAVINSKI, SALLY",4,4.960648428777275e-05,0.0,2,Regular
Marvel,DOGGEREL,4,4.960648428777275e-05,0.0,2,Regular
Marvel,FAWKES,29,8.673703842046717e-05,7.049312045283036e-08,0,Regular
Marvel,QUISLING,29,8.673703842046717e-05,7.049312045283036e-08,0,Regular
Marvel,MONMOUTH,29,8.673703842046717e-05,7.049312045283036e-08,0,Regular
Marvel,BRUTUS II,29,8.673703842046717e-05,7.049312045283036e-08,0,Regular
Marvel,"HAMILTON, MICKY",25,0.00011149664615432164,2.7160890809518138e-05,2,Regular
Marvel,POWER MAN III/STEELE,26,0.00011313121060959282,2.6123746414312815e-05,2,Regular
Marvel,"PACE, MICHAEL",9,4.981429224291702e-05,0.0,2,Regular
Marvel,CINDER/,10,5.175937808349118e-05,0.0,2,Regular
Marvel,ANIMATOR II/,10,5.175937808349118e-05,0.0,2,Regular
Marvel,"ANDERS, JOSHUA RICHI",18,8.43832159619281e-05,1.9022283827799966e-05,2,Regular
Marvel,KICKBACK/RICHARD,12,6.23097187093251e-05,0.0,2,Regular
Marvel,RAZOR/,11,6.552440221110742e-05,0.0,2,Regular
Marvel,GOLDIELOCKS/,11,6.552440221110742e-05,0.0,2,Regular
Marvel,BLASTING CAP/,11,6.552440221110742e-05,0.0,2,Regular
Marvel,LEGS II/,11,6.552440221110742e-05,0.0,2,Regular
Marvel,"LUCAS, JAMES",11,5.8387960858153874e-05,0.0,2,Regular
Marvel,"ANGELOPOULOS, ANGEL ",6,4.192235977916166e-05,0.0,2,Regular
Marvel,"BLOTT, BRIGADIER INK",29,8.701327413088741e-05,2.569800468708657e-07,5,Regular
Marvel,SA'TNEEN,24,7.5607029447044e-05,0.0,5,Regular
Marvel,DAMBALLAH II,17,6.249096868594825e-05,5.328471002981529e-07,0,Regular
Marvel,"STERNBERG, DR. BERTH",5,3.810486475540561e-05,0.0,2,Regular
Marvel,"JOSTEN, LINDY",24,7.446806119446443e-05,0.0,11,Regular
Marvel,"JZEMLICO, WARDEN",23,7.18900911048319e-05,0.0,11,Regular
Marvel,SHADOW QUEEN/SHIALMA,5,4.0307124054737896e-05,0.0,2,Regular
Marvel,SILVER FOX/BAYAN,5,4.0307124054737896e-05,0.0,2,Regular
Marvel,PHARAOH KHAFRE,7,4.8958646699045526e-05,0.0,13,Regular
Marvel,BURNING PUDDLE,10,5.974922839231367e-05,0.0,5,Regular
Marvel,"KANE, SUGAR",10,5.974922839231367e-05,0.0,5,Regular
Marvel,MISTER CLEAN,10,5.974922839231367e-05,0.0,5,Regular
Marvel,MISS SACCHARINE,10,5.974922839231367e-05,0.0,5,Regular
Marvel,CYCLOPS II,10,5.974922839231367e-05,0.0,5,Regular
Marvel,HARMONY,10,5.974922839231367e-05,0.0,5,Regular
Marvel,WARP SAVANT,4,3.193897114961791e-05,0.0,5,Regular
Marvel,SVAROG,49,0.00012644335697143175,0.0,7,Regular
Marvel,ITZAMNA,49,0.00012644335697143175,0.0,7,Regular
Marvel,TEZCATLIPOCA,49,0.00012644335697143175,0.0,7,Regular
Marvel,MANITOU,49,0.00012644335697143175,0.0,7,Regular
Marvel,NUADA,49,0.00012644335697143175,0.0,7,Regular
Marvel,TERRAXIA,46,0.0001207823578895281,3.3408585895583183e-08,8,Regular
Marvel,KEREM,22,6.804637044703852e-05,0.0,0,Regular
Marvel,"CHANDLER, PEGGY",30,8.76471182868196e-05,2.437936207838439e-07,0,Regular
Marvel,BLOODWRAITH/SEAN DOL,18,6.261826696843968e-05,0.0,0,Regular
Marvel,TEN-THIRTIFOR,18,6.261826696843968e-05,0.0,0,Regular
Marvel,"BARRANCO, MARIA ESME",11,4.8012677645197877e-05,0.0,0,Regular
Marvel,"SMITHSON, T.B.",18,6.292967613214117e-05,0.0,0,Regular
Marvel,MADAME MASQUE VI,18,6.292967613214117e-05,0.0,0,Regular
Marvel,"ICHIHARA, SHIGERU",18,6.292967613214117e-05,0.0,0,Regular
Marvel,ICE WORM,7,3.865601142038064e-05,0.0,11,Regular
Marvel,ULTRA-MAX,3,3.005468699023517e-05,0.0,0,Regular
Marvel,STEEL COLLAR,18,8.052200539975673e-05,1.7254268679150527e-05,1,Regular
Marvel,KILLOBYTE,18,8.052200539975673e-05,1.7254268679150527e-05,1,Regular
Marvel,BITMAP/,18,8.052200539975673e-05,1.7254268679150527e-05,1,Regular
Marvel,SIEGE/JOHN KELLY,11,5.6560759449961225e-05,0.0,1,Regular
Marvel,"SPECTRUM, SINCLAIR",22,0.00010369035305795232,2.323207251776758e-05,1,Regular
Marvel,TECHNOSPIKE,13,6.467133881454084e-05,5.837783946543743e-09,1,Regular
Marvel,INFOMORPH,13,6.467133881454084e-05,5.837783946543743e-09,1,Regular
Marvel,WIREHEAD,13,6.467133881454084e-05,5.8967514611552965e-09,1,Regular
Marvel,PEACEKEEPER/JOSHUA,11,6.616309968702782e-05,0.0,1,Regular
Marvel,BLACKWULF,11,6.616309968702782e-05,0.0,1,Regular
Marvel,"JILLETE, RANDI",10,6.325243458589467e-05,0.0,1,Regular
Marvel,"JENKINS, WALTER",10,6.325243458589467e-05,0.0,1,Regular
Marvel,"WAGNER, ERNIE WHACK ",11,6.199856686102863e-05,1.6510056983282385e-07,1,Regular
Marvel,"DENNEHY, ROBERT",10,5.6148430958280664e-05,0.0,1,Regular
StarWars,NUTE GUNRAY,23,0.010092238458030109,0.02417852264559301,0,Top Node
StarWars,QUI-GON,32,0.026831111533262977,0.012269829925224733,0,Top Node
StarWars,PK-4,2,0.0017706137014780047,0.0,0,Regular
StarWars,TC-14,6,0.003103590914831029,0.003271626975712537,0,Regular
StarWars,OBI-WAN,60,0.05951213950243495,0.13177676434913627,0,Top Node
StarWars,YODA,36,0.017490601648584837,0.02713434069362065,0,Top Node
StarWars,DOFINE,3,0.0021537986773148957,0.0001126126126126126,0,Regular
StarWars,RUNE,17,0.006802861936914656,0.004176019280709978,0,Top Node
StarWars,TEY HOW,4,0.0024341466504125726,0.0002577241247387357,0,Regular
StarWars,VALORUM,9,0.0028402666727103134,0.0,0,Regular
StarWars,RABE,19,0.007305659328015155,0.008198668401109705,0,Top Node
StarWars,CAPTAIN PANAKA,18,0.012251974633848191,0.0008314175609493909,0,Top Node
StarWars,EMPEROR,49,0.03163447943348137,0.07749154665280958,0,Top Node
StarWars,SIO BIBBLE,17,0.005493256412908831,0.0005517623988662006,0,Top Node
StarWars,JAR JAR,36,0.024809934327046684,0.028631099453114404,0,Top Node
StarWars,TARPALS,1,0.001467563041626933,0.0,0,Regular
StarWars,BOSS NASS,13,0.0037587473934577766,8.153445653445653e-05,0,Top Node
StarWars,PADME,51,0.041019264318297104,0.06540341817019706,0,Top Node
StarWars,RIC OLIE,12,0.005101609135893343,0.0016319502732546206,0,Top Node
StarWars,R2-D2,60,0.05038917231904247,0.12155398407326098,2,Top Node
StarWars,ANAKIN,57,0.05293236023420026,0.10195300988886925,0,Top Node
StarWars,WATTO,16,0.006867063611250121,0.002296982036457248,0,Top Node
StarWars,SEBULBA,12,0.0050790170754669095,5.054388287500573e-05,0,Top Node
StarWars,JIRA,4,0.0017431805301025502,0.0,0,Regular
StarWars,C-3PO,52,0.046229378011232794,0.07848491132995239,2,Top Node
StarWars,SHMI,17,0.007940235578566416,0.0012910215985528506,0,Top Node
StarWars,DARTH MAUL,12,0.004142799335573767,0.0002730281774628065,0,Top Node
StarWars,KITSTER,14,0.006153175745889253,0.0005590107253754617,0,Top Node
StarWars,WALD,7,0.002238659530837521,0.0,0,Regular
StarWars,GREEDO,10,0.00262552902333459,0.0009425510854470597,0,Regular
StarWars,FODE/BEED,11,0.0036292749484673993,1.4625014625014625e-05,0,Regular
StarWars,JABBA,22,0.008545420962169622,0.006527787813688866,2,Top Node
StarWars,MACE WINDU,25,0.01115648778449871,0.003980840567871836,0,Top Node
StarWars,KI-ADI-MUNDI,19,0.006511905585721662,0.001216216078489649,0,Top Node
StarWars,BAIL ORGANA,26,0.009336156782678205,0.00877688067295053,0,Top Node
StarWars,GENERAL CEEL,11,0.0024973086127259916,0.0001969316727948733,0,Regular
StarWars,BRAVO TWO,4,0.0026312401653276985,0.0,0,Regular
StarWars,BRAVO THREE,4,0.002125533985185855,0.0,0,Regular
StarWars,CAPTAIN TYPHO,14,0.004810074214396574,0.0005566406302092269,0,Top Node
StarWars,SENATOR ASK AAK,12,0.0024379681191030638,3.071253071253071e-05,0,Top Node
StarWars,ORN FREE TAA,11,0.0025821032171802353,0.0,0,Regular
StarWars,COUNT DOOKU,25,0.011399364529731185,0.007206229228217571,0,Top Node
StarWars,RUWEE,4,0.002265640468932497,0.0,0,Regular
StarWars,JOBAL,4,0.0024732007166300635,0.0,0,Regular
StarWars,SOLA,4,0.0024732007166300635,0.0,0,Regular
StarWars,TAUN WE,4,0.0033148999406216522,6.825006825006825e-05,0,Regular
StarWars,LAMA SU,4,0.0027223788540189212,4.021879021879022e-05,0,Regular
StarWars,JANGO FETT,17,0.005816247448636617,0.003623616320780426,0,Top Node
StarWars,BOBA FETT,24,0.0076511647394439265,0.01581774424208288,2,Top Node
StarWars,SNAP,24,0.005376601287889748,0.01864675076568598,1,Top Node
StarWars,BERU,13,0.004655368401896298,0.000882094716743205,3,Top Node
StarWars,OWEN,14,0.0054091370081027264,0.0010948289343757113,3,Top Node
StarWars,CLIEGG,7,0.0026138633423265726,0.0,3,Regular
StarWars,POGGLE,11,0.0032849807772168246,0.00019814444847616005,0,Regular
StarWars,SUN RIT,8,0.0024434441843289383,0.0,0,Regular
StarWars,PLO KOON,7,0.0027300819402303104,0.0,0,Regular
StarWars,GENERAL GRIEVOUS,19,0.008721952645556124,0.00583178329117773,0,Top Node
StarWars,RED LEADER,16,0.0064361018677439605,0.004666067220952259,2,Top Node
StarWars,ODD BALL,4,0.0018446044073677993,0.0,2,Regular
StarWars,MON MOTHMA,14,0.0031929825345540586,0.0019104256819789825,0,Top Node
StarWars,FANG ZAR,7,0.002630532739441282,8.677508677508677e-05,0,Regular
StarWars,GIDDEAN DANU,6,0.0023659827746385278,0.0,0,Regular
StarWars,CLONE COMMANDER GREE,3,0.0015979845849190127,0.0,0,Regular
StarWars,CLONE COMMANDER CODY,7,0.0019743363583394047,0.0,0,Regular
StarWars,TION MEDON,2,0.0015566756796567434,0.0,0,Regular
StarWars,DARTH VADER,35,0.02157105197665433,0.0532146088739358,2,Top Node
StarWars,CHEWBACCA,37,0.04322346744671014,0.04434425795970771,2,Top Node
StarWars,CAPTAIN ANTILLES,9,0.0022106264322122506,6.952856217562099e-05,2,Regular
StarWars,LUKE,46,0.0503727060089349,0.09704921599369244,2,Top Node
StarWars,LEIA,44,0.04204431384001682,0.05024881578153231,2,Top Node
StarWars,TARKIN,5,0.0031358502200691417,0.00022956131523921966,2,Regular
StarWars,YOUNG GIRL,7,0.0018315883438988537,0.0,2,Regular
StarWars,BIGGS,16,0.00642041695361338,0.004672207116543037,2,Top Node
StarWars,CAMIE,2,0.0016367409675346796,0.0,2,Regular
StarWars,MOTTI,4,0.001954773822336767,0.0,2,Regular
StarWars,HAN,41,0.049417040703921174,0.06568760964847291,2,Top Node
StarWars,WEDGE,16,0.00786749625982213,0.018283389515808747,2,Top Node
StarWars,GOLD LEADER,14,0.003955670136934361,0.0007841786882729154,2,Top Node
StarWars,DODONNA,11,0.004540232730157852,0.0002669497789855291,2,Regular
StarWars,RED TEN,4,0.001845998274135538,0.0,2,Regular
StarWars,GOLD FIVE,5,0.001924462335534755,0.0,2,Regular
StarWars,RIEEKAN,7,0.002430121067987882,0.0,2,Regular
StarWars,DERLIN,5,0.001692292481992392,0.0,2,Regular
StarWars,ZEV,2,0.001576065994358264,0.0,2,Regular
StarWars,PIETT,7,0.003656923487102938,0.0029903333239799405,2,Regular
StarWars,OZZEL,2,0.0018301760574392942,0.0,2,Regular
StarWars,DACK,1,0.001582269304385707,0.0,2,Regular
StarWars,JANSON,1,0.0016099582771234664,0.0,2,Regular
StarWars,NEEDA,3,0.0020588796242931333,0.0,2,Regular
StarWars,LANDO,20,0.016095128749035213,0.0025182410453765164,2,Top Node
StarWars,JERJERROD,4,0.001911424210256178,0.0,2,Regular
StarWars,BIB FORTUNA,11,0.003405979785273066,0.00028752999997698887,2,Regular
StarWars,BOUSHH,8,0.002222650182167068,0.0,2,Regular
StarWars,ADMIRAL ACKBAR,15,0.0036437088506643955,0.0017706273887209984,2,Top Node
StarWars,LOR SAN TEKKA,9,0.0025691598757733324,0.000706601768141763,1,Regular
StarWars,POE,20,0.010802683472892493,0.04656159709904477,1,Top Node
StarWars,BB-8,15,0.012960289336763148,0.0018187165439221614,1,Top Node
StarWars,KYLO REN,17,0.007926403874889364,0.013104325113577602,1,Top Node
StarWars,CAPTAIN PHASMA,8,0.0025335328195419385,0.0005142409816779565,1,Regular
StarWars,FINN,20,0.01777452185710869,0.012224260397953253,1,Top Node
StarWars,REY,17,0.016810618291346356,0.003812866105433282,1,Top Node
StarWars,UNKAR PLUTT,9,0.0032033256761587812,7.662579323063396e-05,1,Regular
StarWars,GENERAL HUX,8,0.004749033719600847,0.01938787667139066,1,Regular
StarWars,LIEUTENANT MITAKA,3,0.001850750891947149,0.0,1,Regular
StarWars,SNOKE,9,0.00420129588441494,0.0006542929293026963,1,Regular
StarWars,BALA-TIK,5,0.0019093469150162428,0.0,1,Regular
StarWars,MAZ,8,0.0035571696774029686,0.0,1,Regular
StarWars,JESS,8,0.004652026695624288,0.008364946475259465,1,Regular
StarWars,ADMIRAL STATURA,7,0.00219516901303621,0.0,1,Regular
StarWars,COLONEL DATOO,1,0.0018023589978883002,0.0,1,Regular
StarWars,ELLO ASTY,4,0.0037111940382365764,0.0,1,Regular
StarWars,NIV LEK,4,0.0032619956574940915,0.0,1,Regular
StarWars,YOLO ZIFF,4,0.0024324777379436434,0.0,1,Regular
US_Election,#Florida,343,0.0008422857733320058,0.00059665620698423,0,Regular
US_Election,#DonaldTrump,1691,0.009712288334786117,0.030754631637452113,1,Top Node
US_Election,#JoeBiden,2545,0.02339177462720659,0.10390332219624282,1,Top Node
US_Election,#Elecciones2020,49,0.0002811024985085417,1.227095768199019e-05,2,Regular
US_Election,#donaldtrump,341,0.001529910365698853,0.0019502891106146023,3,Regular
US_Election,Twitter,771,0.0038605934478510343,0.0038228343392217833,1,Top Node
US_Election,Usa,11,6.902787731455289e-05,3.5073382019953555e-06,3,Regular
US_Election,Facebook,391,0.001446188275537226,0.0008765597745839398,1,Regular
US_Election,Trump,2179,0.016325221126323057,0.051974359249523525,13,Top Node
US_Election,Biden,1926,0.014808098159220306,0.04137261929599116,1,Top Node
US_Election,#Trump,3374,0.05097207637895227,0.2215462575401769,13,Top Node
US_Election,What,724,0.002379753615697909,0.0029703695614695,13,Top Node
US_Election,But,582,0.0016001182456043363,0.0018092627404841946,13,Top Node
US_Election,China,415,0.0014059972220142754,0.0004762345802565272,1,Regular
US_Election,Like,206,0.0004297628159687543,0.00011442527890339531,13,Regular
US_Election,Maybe,161,0.0003672140884157276,5.8735338068480915e-06,13,Regular
US_Election,You,1004,0.00443129564555967,0.0049067745426389945,2,Top Node
US_Election,#Iowa,207,0.0005132558709881934,0.00019010973932791748,13,Regular
US_Election,She,274,0.0006847476214230176,0.0001336760528760535,13,Regular
US_Election,Her,91,0.0002111622727242582,2.3674891951221288e-05,13,Regular
US_Election,Glad,14,6.300149675810031e-05,0.0,2,Regular
US_Election,#trump,2013,0.01239718913905483,0.056667344767783616,3,Top Node
US_Election,There,332,0.0008919457099768591,0.0006658208379329924,13,Regular
US_Election,@realDonaldTrump,1879,0.012702885835264471,0.04027433596421609,13,Top Node
US_Election,@nypost,577,0.001978410233539165,0.0027174945671753254,1,Top Node
US_Election,Your,288,0.000708871518494094,0.00015530710610830886,13,Regular
US_Election,They,706,0.002197613996564204,0.002053630009971517,13,Top Node
US_Election,God,166,0.0003809091730656026,4.419238424284242e-05,13,Regular
US_Election,Unless,8,4.834986982587004e-05,0.0,13,Regular
US_Election,President,946,0.004028410798985119,0.005838168623649948,13,Top Node
US_Election,One,192,0.00039477823776184903,7.201091456841858e-05,13,Regular
US_Election,#WhiteHouse,185,0.0004188654287442657,0.00025202519117349664,13,Regular
US_Election,#Election2020,1188,0.00623435196736549,0.013605814103771006,2,Top Node
US_Election,#FreedomOfSpeech,47,0.00012134300113842915,2.5696569384016e-06,1,Regular
US_Election,#AmyConeyBarrett,370,0.0014299383183384701,0.0010649437609212503,0,Regular
US_Election,Booker,21,7.335943319946622e-05,3.3410205693512157e-07,13,Regular
US_Election,#SCOTUS,233,0.0006244432678777277,0.00020040629095802238,5,Regular
US_Election,Final,19,6.549722515536703e-05,4.0025391434848043e-07,13,Regular
US_Election,Barrett,174,0.0004524781819491593,0.00011747671613165609,13,Regular
US_Election,Nominee,24,6.651134962190773e-05,1.4628967269529755e-07,13,Regular
US_Election,Coney,78,0.00023981168947115718,3.093136747314437e-05,13,Regular
US_Election,#KamalaHarris,682,0.0027681979713508353,0.0027573570327543173,0,Top Node
US_Election,#Barrett,37,0.00010149134780383206,1.8915981664348085e-07,13,Regular
US_Election,Cory,16,6.918834231181462e-05,1.4628967269529755e-07,13,Regular
US_Election,#SupremeCourtConfirmation,51,0.00014019672465157267,2.558957832518038e-06,2,Regular
US_Election,Amy,133,0.0003550169594740995,7.15507373781138e-05,13,Regular
US_Election,#censorship,373,0.0013873278279731,0.0008121811384276632,1,Regular
US_Election,@vijaya,19,6.101178270049331e-05,0.0,1,Regular
US_Election,#CENSORED,38,8.453224092233713e-05,2.3856156107356326e-07,1,Regular
US_Election,#China,513,0.0016785357121611073,0.0007696753351624401,1,Regular
US_Election,That,639,0.0020449073935924294,0.0015541903672368562,13,Top Node
US_Election,@jack,273,0.000886644763255816,0.00030201266705246605,1,Regular
US_Election,#NYPost,295,0.000923542622221955,5.4061299559381196e-05,1,Regular
US_Election,#KAG,214,0.0006102671478952762,0.00011952404600942118,1,Regular
US_Election,#PresidentTrump,169,0.0004801111432933063,9.390601496497408e-05,1,Regular
US_Election,#4MoreYears,95,0.0002171806015210222,2.2909674779407083e-06,1,Regular
US_Election,#AllLivesMatter,34,0.00010091725458154748,7.152601895536372e-06,3,Regular
US_Election,#VoteInPerson,48,0.00021757721682284998,1.407449677632884e-06,2,Regular
US_Election,#AmericaFirst,197,0.0004329651840860263,5.2153048000161944e-05,1,Regular
US_Election,#America,584,0.0020491850591700983,0.0023372244508241117,6,Top Node
US_Election,#VoteTrump,52,0.00012158128690834254,1.3702462738440466e-06,1,Regular
US_Election,#Winning,17,7.325834487674284e-05,4.703005220335794e-08,1,Regular
US_Election,#Trump2020LandslideVictory,205,0.0005408392302881154,8.927374656284367e-05,1,Regular
US_Election,#Vote,520,0.0020833451645914697,0.0038996178917715682,9,Top Node
US_Election,#MAGA,887,0.003757223380309379,0.0038419802804099006,1,Top Node
US_Election,#Trump2020,985,0.00497226965590935,0.0034123463173330354,1,Top Node
US_Election,#Ukraine,361,0.0013100079845538347,0.0010178802654937757,1,Regular
US_Election,@GOP,364,0.0009313509656698534,0.00042208100036387753,13,Regular
US_Election,@RealDonaldTrump,24,9.05349903979756e-05,1.8875254025515043e-07,13,Regular
US_Election,#FactCheck,73,0.0001597436384703401,3.182120846259675e-06,1,Regular
US_Election,@JoeBiden,1348,0.007663577405341112,0.014322955576176284,2,Top Node
US_Election,#Biden,3159,0.03981270924261256,0.19317599812641983,2,Top Node
US_Election,Politicians,39,8.860119328586984e-05,1.170856952554329e-06,13,Regular
US_Election,#2020,112,0.00031649758276239596,1.973579206363948e-05,0,Regular
US_Election,#Election,237,0.0006748175224399501,0.00035849349193208473,5,Regular
US_Election,#Politics,255,0.0006929597637712075,0.00028542081871828814,13,Regular
US_Election,#VPDebate,26,8.059190610653234e-05,5.82380234905353e-08,2,Regular
US_Election,Tell,64,0.00013964198938443994,6.617011415325582e-07,13,Regular
US_Election,#Republican,281,0.000995998385610147,0.00019191557058174173,0,Regular
US_Election,#President,187,0.0003882538289607893,0.0001045222018416066,13,Regular
US_Election,#VoteHimOut,252,0.0007199024884234924,0.00030495329550444834,2,Regular
US_Election,November,184,0.00045676457119230354,4.352600266972768e-05,13,Regular
US_Election,#TrumpCovid19,332,0.001297429790624082,0.00029482924500390175,13,Regular
US_Election,#TrumpIsALoser,208,0.0006297465631862224,0.00014067094366451336,13,Regular
US_Election,@meiselasb,15,5.5386771706406596e-05,0.0,13,Regular
US_Election,#TrumpIsALaughingStock,330,0.0013543118167355548,0.0006063610004085205,13,Regular
US_Election,#VoteBlueToEndThisNightmare,173,0.0004192902787906848,8.843884537721948e-05,2,Regular
US_Election,Open,48,0.0001452534040495104,3.926736465698e-06,13,Regular
US_Election,Now,425,0.0011274335650519323,0.000937097295322592,13,Regular
US_Election,Create,20,0.00010520249513707929,7.099621102018463e-08,13,Regular
US_Election,#MAGA2020,377,0.0010882818201678995,0.00023312696116541522,1,Regular
US_Election,Add,17,9.578921397151309e-05,5.055811618586625e-07,13,Regular
US_Election,States,219,0.0007104484368453311,0.00010542662113757042,13,Regular
US_Election,#USElection2020,273,0.000786857872638801,0.00032058358464864497,1,Regular
US_Election,Pick,14,9.260040465879104e-05,0.0,13,Regular
US_Election,Election,352,0.0008748355905606412,0.0005162990229500476,13,Regular
US_Election,Swing,23,0.00010743451328453235,5.0028118353454356e-08,13,Regular
US_Election,Pool,18,0.0001034630347241216,3.47224800624207e-08,13,Regular
US_Election,@cnnbrk,40,8.69213965188073e-05,1.3454421300647601e-06,2,Regular
US_Election,#TrumpLiedPeopleDied,42,0.00010427804095415762,6.137091451190547e-07,13,Regular
US_Election,#jobs,47,0.00012293104301864426,5.617248185746095e-06,3,Regular
US_Election,#TRUMP,387,0.0010012184517469095,0.0018292039591402288,13,Regular
US_Election,#Democrats,730,0.002666426634132875,0.0016353131153388596,0,Top Node
US_Election,#USA,819,0.004410846482886869,0.007040813923036224,0,Top Node
US_Election,#tax,52,0.00010038456001046596,2.1126951167927582e-06,3,Regular
US_Election,#money,52,0.00017284103553293767,3.501493363444777e-05,3,Regular
US_Election,#TrumpRallyDesMoines,12,5.584699113036191e-05,0.0,13,Regular
US_Election,#pandemic,84,0.00017510356425945673,1.56897913133961e-05,3,Regular
US_Election,#SuperSpreader,64,0.00016899879707561396,1.19017555604221e-05,2,Regular
US_Election,When,268,0.0006162545548129437,0.00028291481389342314,13,Regular
US_Election,#TrumpRally,163,0.0004999711014744854,1.4281022774540294e-05,1,Regular
US_Election,#COVID19,841,0.004064440223560664,0.004962040428103533,2,Top Node
US_Election,Nobody,30,8.510865195237536e-05,1.0400510468488796e-05,13,Regular
US_Election,Don,380,0.0010098194798490606,0.0006547323385907095,13,Regular
US_Election,#IlhanOmar,23,0.00019056492421474526,0.0,0,Regular
US_Election,#BidenHarris2020,890,0.003953111143993202,0.004319791501896598,2,Top Node
US_Election,#VoteRed,94,0.0003205259359275025,2.4118414684184833e-05,0,Regular
US_Election,#KamalaHarrisVP,51,0.00023807398259855243,7.872421872759312e-06,0,Regular
US_Election,#hunterbidden,23,0.00018899002709805366,0.0,0,Regular
US_Election,#biden,1265,0.005944984073087323,0.01463830409859998,3,Top Node
US_Election,#tedwheeler,36,0.00021867002090495736,1.169512987087707e-06,0,Regular
US_Election,#obama,127,0.0004174191731414987,0.00039474893272789524,3,Regular
US_Election,#riots,56,0.00035765795118253383,3.1837773586626357e-06,0,Regular
US_Election,#BLM,326,0.0012908208413100358,0.0006828172830282089,0,Regular
US_Election,#gavinnewsom,23,0.00018899002709805366,0.0,0,Regular
US_Election,@tedcruz,113,0.0002338657450999278,1.7978093730923566e-05,1,Regular
US_Election,#mikepence,38,0.0002062969234714431,1.2843525684802739e-06,0,Regular
US_Election,#GretchenWhitmer,25,0.0001929380302544492,7.117300946205424e-07,0,Regular
US_Election,#AOC,59,0.000255251715120839,4.894479445757657e-06,0,Regular
US_Election,#Debates2020,255,0.0008014075832590278,0.00011688177489678901,2,Regular
US_Election,This,989,0.003919283084818977,0.008290926697217059,13,Top Node
US_Election,#Blacklivesmatter,35,0.00020053172728456812,0.0,0,Regular
US_Election,#Covid19,297,0.001279871815772969,0.0003829344896664699,0,Regular
US_Election,#herdimmunity,24,0.00010586401103863149,1.5535796907111126e-06,13,Regular
US_Election,#TrumpLiesAmericansDie,93,0.00030335642011787757,1.975447520484934e-05,13,Regular
US_Election,@RudyGiuliani,205,0.00043640494861421105,2.7057249208729436e-05,13,Regular
US_Election,Impeachment,30,7.94745636269363e-05,7.609430247922433e-08,1,Regular
US_Election,@Twitter,399,0.0013428904392743495,0.000372060983257028,1,Regular
US_Election,@PressSec,189,0.0003860727958641481,8.999967471135533e-05,2,Regular
US_Election,Censorship,99,0.0001828457801563106,2.9372270129312225e-05,1,Regular
US_Election,American,533,0.001506665782707633,0.0018015082003764512,13,Top Node
US_Election,Not,535,0.0013252796424194318,0.0007001994673305089,13,Top Node
US_Election,#BidenHarris2020ToSaveAmerica,201,0.0005759282902416212,0.00011293256355951123,2,Regular
US_Election,#BidenWillCrushCovid,70,0.00015205415324500053,1.464026538978036e-06,2,Regular
US_Election,#BidenCares,205,0.0006185646756505737,1.3995643570855835e-05,2,Regular
US_Election,North,116,0.0003609996844242099,8.793268803678129e-05,1,Regular
US_Election,@CNN,359,0.0010295587853540696,0.0005817063389125831,2,Regular
US_Election,#TrumpIsUnfitForOffice,21,7.058365222004548e-05,0.0,13,Regular
US_Election,Russia,220,0.0005795204779105211,0.0001633641006783802,1,Regular
US_Election,Korea,29,7.967804200394568e-05,1.1476422462814525e-06,1,Regular
US_Election,@andersoncooper,53,0.00010941317307480461,2.320086113815631e-06,2,Regular
US_Election,Kim,32,0.0001064980782037114,9.412708435735897e-08,13,Regular
US_Election,Putin,112,0.0002878074808026437,4.498635911438509e-05,13,Regular
US_Election,#TrumpPence2020,415,0.001308935471348218,0.0004919111256180792,1,Regular
US_Election,Democrats,350,0.0010318800782471978,0.0006609646518382578,1,Regular
US_Election,#coronavirus,629,0.002351097459545954,0.0038294489201977835,3,Top Node
US_Election,#HunterBiden,1058,0.006313849258811705,0.007272052757674197,1,Top Node
US_Election,#BidenHarris,658,0.002874710355339604,0.004959829040640952,9,Top Node
US_Election,#realDonaldTrump,195,0.0006470631206926643,0.00019684081742327186,2,Regular
US_Election,Understand,26,0.00016991751537024264,1.6513253291738663e-06,8,Regular
US_Election,#trade,27,7.221143160280919e-05,2.237379678681189e-05,0,Regular
US_Election,#SouthCarolina,41,9.984892979590814e-05,2.904411916866922e-07,9,Regular
US_Election,Lady,56,0.00013343548748409167,9.036292350313411e-06,13,Regular
US_Election,@LindseyGrahamSC,134,0.0003553506884228969,5.34233585243042e-05,3,Regular
US_Election,#SC,31,9.290906064118244e-05,1.6204854121496653e-05,9,Regular
US_Election,#BidenHarrisToSaveAmerica,448,0.001753076493267143,0.00034998258745176295,2,Regular
US_Election,Grab,44,0.0001318697772608592,1.5133025245968199e-06,3,Regular
US_Election,Please,339,0.0011673561776722843,0.0003311836600162258,2,Regular
US_Election,Pdt,17,7.53660629804722e-05,5.36480199016927e-07,13,Regular
US_Election,Nous,13,5.724592827863194e-05,5.333304889040592e-08,13,Regular
US_Election,Washington,97,0.0003882731828254615,2.046018916584819e-05,1,Regular
US_Election,Cube,105,0.00026732765930587214,7.121806034471178e-05,13,Regular
US_Election,#USnews,26,7.992774689082963e-05,1.3785456193329244e-07,1,Regular
US_Election,#2020election,89,0.00032936093097228917,3.0998669260232564e-05,8,Regular
US_Election,#politics,406,0.0016008794979699352,0.0010243274159825707,3,Regular
US_Election,Ice,85,0.00023949638077402203,6.165816130939813e-05,13,Regular
US_Election,Platinum,21,8.22474130599136e-05,1.7838985318515083e-08,13,Regular
US_Election,Plan,94,0.00021465851108724745,1.5038439061011658e-05,13,Regular
US_Election,#ClintonCrimeFamily,21,6.959128940296731e-05,2.509120641959922e-07,2,Regular
US_Election,#Obama,501,0.0018218118051802907,0.0014218879666473522,0,Regular
US_Election,Did,262,0.0006177739878084978,0.0005951146726709369,13,Regular
US_Election,#tRump,151,0.0002574237508358825,0.00014765680320913803,13,Regular
US_Election,#BlackVoicesForTrump,74,0.00016254486892045586,7.540004556246812e-06,3,Regular
US_Election,#DemocratsAreDestroyingAmerica,97,0.00025024163088729,2.5423201122839124e-05,1,Regular
US_Election,Vote,473,0.0015838569628800342,0.0008410452691001828,13,Regular
US_Election,#BlacksForTrump,47,0.0001127340228166434,4.276693205753248e-06,2,Regular
US_Election,New,451,0.0017589611713129587,0.0012751227794568372,1,Regular
US_Election,@Scaramucci,31,7.626648028033455e-05,4.321073150258409e-05,13,Regular
US_Election,#LawAndOrder,30,7.159680935605323e-05,9.146909994962969e-07,13,Regular
US_Election,#TrumpTaxCheat,14,5.982459990495354e-05,2.164923631123076e-05,13,Regular
US_Election,#TrumpTaxFraud,26,8.37124003923162e-05,5.809769396035981e-06,13,Regular
US_Election,Who,462,0.0011796016093075707,0.0009063783658361559,13,Regular
US_Election,Liar,61,0.0001384379638738343,2.568818941707552e-06,1,Regular
US_Election,General,38,0.00010395313065037729,6.709872323238694e-07,13,Regular
US_Election,Flynn,39,0.0001350753448379707,1.4918521784103375e-06,13,Regular
US_Election,#American,128,0.0002504299996091589,4.8198375767891204e-05,13,Regular
US_Election,#BillBarr,27,8.577575614059649e-05,4.611725377697033e-07,13,Regular
US_Election,@icecube,169,0.0004785225100746827,4.534361304298661e-05,13,Regular
US_Election,@TheDemocrats,115,0.0003065875687594166,3.5820119034266855e-06,2,Regular
US_Election,#FourMoreYears,64,0.00015645527953096836,1.8549037687063468e-06,1,Regular
US_Election,Obama,299,0.0007852057981186907,0.000278521483671656,13,Regular
US_Election,Pennsylvania,71,0.00018302916533276796,2.2040961582721786e-05,2,Regular
US_Election,@JoyAnnReid,59,0.0001480349143386971,1.7808114598624874e-05,2,Regular
US_Election,Sorry,72,0.00014420449887767736,1.1071841512977636e-05,13,Regular
US_Election,Donald,691,0.0026096465448442628,0.002148240733418417,13,Top Node
US_Election,Isn,57,0.00011413090491719801,0.00014148393987083193,13,Regular
US_Election,#HunterBidenEmails,681,0.003348802402915673,0.002961898041168156,1,Top Node
US_Election,#USElection,61,0.00014537724148992742,3.8045937183319605e-06,1,Regular
US_Election,#Harris,458,0.0016417000272517931,0.0004308008598591043,0,Regular
US_Election,#Pence,228,0.001049524835504188,9.537853412913583e-05,0,Regular
US_Election,#VoteJoeBiden,41,0.00012464497054387694,6.188025591789228e-06,3,Regular
US_Election,#Clinton,151,0.00037566191451533917,8.499603234872541e-05,1,Regular
US_Election,#WearAMask,44,0.00010786169745721644,4.0875498174594375e-06,2,Regular
US_Election,#MaskUp,7,5.059292962693241e-05,0.0,13,Regular
US_Election,How,654,0.0018800588268091398,0.0015215226833838746,13,Top Node
US_Election,United,155,0.0005264944917717267,4.999558659752758e-05,13,Regular
US_Election,Show,127,0.0003301964952114703,3.441390650041969e-05,0,Regular
US_Election,#2020Election,328,0.0008318643774728928,0.00029343064025924787,1,Regular
US_Election,#uspoli,57,0.00013467437809711372,6.820592224530667e-06,13,Regular
US_Election,#TrumpCrimeFamily,493,0.0020721241182578027,0.0010851997949994125,13,Regular
US_Election,#COVIDIOTS,110,0.0006775073080844739,1.583410531303483e-05,2,Regular
US_Election,#DumpTrump,166,0.00041405572503628733,5.978292164955286e-05,2,Regular
US_Election,#Trump2020Landslide,291,0.0008981021164404864,0.000147369517289354,1,Regular
US_Election,#CNN,471,0.0016747723689016238,0.0009646859496554376,5,Regular
US_Election,#DonaldTrumpJr,99,0.0003226466251255161,1.4575641885662993e-05,1,Regular
US_Election,#FoxNews,423,0.0012888547975961314,0.0004108269056588224,5,Regular
US_Election,@DonaldJTrumpJr,305,0.0008706166610505499,0.0010777225216793077,13,Regular
US_Election,#Debate2020,237,0.0006141374670982045,2.692682739016052e-05,2,Regular
US_Election,#votes,10,5.514032276232639e-05,0.0,13,Regular
US_Election,#dumptrump,143,0.000820180374224029,0.00021284506748124054,3,Regular
US_Election,Suburban,12,6.236271618276663e-05,0.0,13,Regular
US_Election,#berniesanders,55,0.00021406274035466483,1.783542178805783e-06,3,Regular
US_Election,#election,382,0.001490412447080312,0.0012346041234857909,3,Regular
US_Election,#election2020,256,0.0007116125565529827,0.00019133586004172506,3,Regular
US_Election,#bidenharris2020,105,0.00026285865940873913,9.18060636357243e-05,3,Regular
US_Election,#biden2020,184,0.0009989371159717158,0.00047535447859213694,3,Regular
US_Election,Thoughts,22,6.211007346882049e-05,8.561522153634784e-07,3,Regular
US_Election,#IceCube,116,0.0003456447790034989,1.724577758008053e-05,13,Regular
US_Election,Coronavirus,95,0.000273719862901828,1.3418678326448672e-05,0,Regular
US_Election,#trump2020,259,0.0007813713339996357,0.0003691571575382028,3,Regular
US_Election,#hunterbiden,130,0.00037554702531027254,1.7126211327791778e-05,1,Regular
US_Election,#cnn,233,0.000523323956831177,5.559976297856496e-05,3,Regular
US_Election,#VoteBidenHarris2020,399,0.0015441529156916046,0.00015201460857020788,2,Regular
US_Election,@POTUS,448,0.00131133211164377,0.0006190738041324797,13,Regular
US_Election,Remember,193,0.00038460129438484765,5.633979691291679e-05,13,Regular
US_Election,#america,213,0.0009683331619149403,0.000404059267854011,3,Regular
US_Election,#covid19,183,0.0004911564749640889,9.359706468242338e-05,3,Regular
US_Election,#covid,221,0.0008351924712843768,0.0003158534803459496,3,Regular
US_Election,#trumptrain,36,0.0002561419697451107,8.877880247104008e-07,3,Regular
US_Election,News,413,0.001182960107564683,0.0008111616838878212,13,Regular
US_Election,Texas,69,0.00017125729578776518,9.869091110446475e-06,2,Regular
US_Election,Hunter,805,0.004097956029827092,0.006985127741633933,1,Top Node
US_Election,Story,170,0.0004285235692013261,0.00011111399856557354,1,Regular
US_Election,#TrumpTrain,33,9.038102607073891e-05,9.186818054510625e-07,1,Regular
US_Election,#NorthCarolina,137,0.0003623806502210034,0.00011484764280735363,9,Regular
US_Election,#ncpol,9,8.875420560315126e-05,5.2664655310460446e-08,9,Regular
US_Election,Sounds,41,9.823842370531975e-05,9.345326502344676e-08,13,Regular
US_Election,@newsmax,17,5.9816410738587617e-05,3.070923141636407e-07,1,Regular
US_Election,#SleepyJoe,160,0.0004816259116346438,6.9422867892313025e-06,1,Regular
US_Election,#VoteBiden,282,0.0008546277614588971,6.894985701489433e-05,9,Regular
US_Election,#corruption,163,0.0005950186522367273,3.105853820301624e-05,1,Regular
US_Election,#fraud,52,9.59673528674317e-05,1.2440396771760457e-06,3,Regular
US_Election,#propaganda,19,6.999349119238712e-05,1.5237761767338362e-06,3,Regular
US_Election,#NewJersey,29,7.329079416126276e-05,1.9887147932370035e-06,0,Regular
US_Election,Americans,554,0.0017605414693539353,0.0020712336649445734,13,Top Node
US_Election,#TrumpIsANationalDisgrace,260,0.0010903033549903988,0.00025437489396027216,13,Regular
US_Election,#lies,92,0.00027116529785581604,1.1507586399052766e-05,1,Regular
US_Election,Common,20,0.00011688847910401746,8.00919013897892e-06,3,Regular
US_Election,#kag,104,0.00037237142277133517,2.236301928566961e-05,3,Regular
US_Election,#maga,409,0.0017341268409720896,0.0006422426394447762,3,Regular
US_Election,#USPS,95,0.00031033171729367287,2.2780361880307952e-05,0,Regular
US_Election,@thehill,166,0.0003137156435871381,0.00012527447180455808,2,Regular
US_Election,Millions,66,0.0005442253174896621,6.390275004135452e-06,13,Regular
US_Election,Million,104,0.0002759062794457996,0.00011921289719000307,1,Regular
US_Election,Voter,57,0.00011417086096641521,1.7246304301780362e-06,13,Regular
US_Election,Small,23,6.45111397819218e-05,7.730226971356535e-08,0,Regular
US_Election,Taxes,21,6.769891990741882e-05,4.728068141572245e-07,13,Regular
US_Election,Give,87,0.00017380124775630463,1.1494520198402002e-06,13,Regular
US_Election,Things,14,5.657510488882612e-05,0.0,2,Regular
US_Election,Where,169,0.0003826555651010246,9.800865804999309e-05,13,Regular
US_Election,Good,175,0.00042683316649843076,0.00017329269238630172,13,Regular
US_Election,Thank,213,0.00048815954071710694,7.032774628233695e-05,13,Regular
US_Election,#TRUMP2020,68,0.00014196215288295785,8.260247300116607e-06,1,Regular
US_Election,#vote,561,0.002284145765737349,0.0008972398104687321,3,Top Node
US_Election,#freedom,110,0.00028062567299772103,4.272842154095331e-05,3,Regular
US_Election,#KAG2020,151,0.0003996328377340823,1.4327946884081844e-06,1,Regular
US_Election,@maddow,233,0.0006994944368357687,0.0003256173295749717,2,Regular
US_Election,@chrislhayes,52,0.00017430675969545687,1.1935577818236555e-05,2,Regular
US_Election,Wonder,27,7.652302680475359e-05,1.0510069593006517e-07,2,Regular
US_Election,Fox,132,0.0004120373807319865,1.202281965843728e-05,13,Regular
US_Election,@Lawrence,70,0.000213306241737582,9.292612383742916e-05,2,Regular
US_Election,@WhiteHouse,123,0.0002667330421513428,5.2047520922804273e-05,13,Regular
US_Election,Master,18,5.800497157056536e-05,1.8455275827236508e-07,3,Regular
US_Election,#DesMoines,38,0.00011386411062170775,5.058073993636055e-07,1,Regular
US_Election,Check,197,0.0005631233151979151,0.0003165355301235492,6,Regular
US_Election,For,512,0.0014655201751388141,0.001134434006218917,13,Regular
US_Election,#Dexter,11,5.593571298334597e-05,3.0415339141017634e-06,1,Regular
US_Election,Hello,66,0.0001228571739601367,4.775575456422713e-06,9,Regular
US_Election,Gig,15,0.00012606102395613052,5.9697035182719425e-06,3,Regular
US_Election,Fiverr,17,0.0001280407522996336,1.8914802744659552e-05,3,Regular
US_Election,#news,311,0.001059577936645513,0.0007189905032175656,3,Regular
US_Election,@TwitterSafety,49,0.00012660015443245447,1.0535590689939456e-07,1,Regular
US_Election,#Corruption,240,0.0006590263142200848,0.0002933301302830062,1,Regular
US_Election,#Republicans,487,0.0013139829947838696,0.0008751733802799625,0,Regular
US_Election,Because,187,0.0006848717236230271,8.009238268706542e-05,13,Regular
US_Election,#GOP,678,0.0026904289746641683,0.002043614832633081,2,Top Node
US_Election,#Russia,262,0.0006493996693731433,0.00023694837336178074,1,Regular
US_Election,#Giuliani,127,0.0003171568325341482,5.748392336798592e-05,1,Regular
US_Election,@NYPost,33,8.747194666803708e-05,2.8050627151762663e-06,1,Regular
US_Election,#TruthMatters,63,0.00011449543225838313,2.951429339372732e-06,1,Regular
US_Election,@charliekirk11,72,0.0001519523349761437,1.2649656545416686e-05,1,Regular
US_Election,#potus,96,0.000279071969242908,0.00023300676611029842,3,Regular
US_Election,@KamalaHarris,357,0.0010085726912727052,0.0005175435678787698,2,Regular
US_Election,Polling,13,0.00044418397163350327,0.0,2,Regular
US_Election,#ElectionTwitter,37,0.0004811071755039845,1.04369090834716e-06,2,Regular
US_Election,State,113,0.0006064654944952091,0.0001309296226172598,2,Regular
US_Election,Win,121,0.0006653322066693522,1.2626380180636288e-05,2,Regular
US_Election,Source,34,0.0004760887197935684,7.626117842938973e-07,2,Regular
US_Election,Average,11,0.0004399058207677126,0.0,2,Regular
US_Election,#TrumpCoupPlot,30,7.439050043901694e-05,1.2510220168933745e-06,13,Regular
US_Election,#KAG2020LandslideVictory,43,0.00012795346567506593,3.5574399537082766e-07,2,Regular
US_Election,Conservatives,8,4.783973979999065e-05,0.0,1,Regular
US_Election,#kayleighmcenany,41,0.00010631193462669175,1.0385557320293644e-05,1,Regular
US_Election,Retweet,70,0.0003669712183123974,5.792781686976727e-06,13,Regular
US_Election,#donaldtrump2020,30,7.853372251639067e-05,1.730884369885058e-07,1,Regular
US_Election,Well,238,0.0005191255109351292,0.00018540017234838698,13,Regular
US_Election,Hoax,10,5.349620974676214e-05,1.8387928701783974e-07,13,Regular
US_Election,Then,165,0.0004797433172922708,0.00015486726480221848,2,Regular
US_Election,Dems,120,0.0002704509524137844,5.197394582308007e-05,13,Regular
US_Election,#VoteHimOut2020,167,0.00046413970258576634,9.314815121496016e-06,2,Regular
US_Election,#DoubleStandards,13,5.488430406811743e-05,6.0044449605746976e-06,1,Regular
US_Election,@HillaryClinton,59,0.00013524320057370587,6.301697035599454e-07,2,Regular
US_Election,California,42,0.00011409329240394525,2.8895849506315246e-06,13,Regular
US_Election,@Yahoo,13,5.390260765359345e-05,1.181717015588753e-07,13,Regular
US_Election,Got,88,0.00018914830737978204,1.3601458410379128e-06,13,Regular
US_Election,#MAGA2020Landslide,17,6.818558381850309e-05,2.113942180102203e-07,1,Regular
US_Election,@senatemajldr,116,0.0003360956468492523,2.350513861792971e-05,13,Regular
US_Election,#EddieVanHalen,31,0.00010491284870625046,5.142273099525447e-06,0,Regular
US_Election,Son,125,0.0002565185451473294,7.83882011693407e-06,13,Regular
US_Election,#TommyLee,19,7.639236245925016e-05,3.1237992822797976e-06,13,Regular
US_Election,#Google,93,0.0002923199137443947,5.053697707335583e-05,0,Regular
US_Election,#IvankaTrump,43,0.0001736925491863614,7.346374746207696e-06,1,Regular
US_Election,#twitter,208,0.000599961728183745,0.0002843300934258347,3,Regular
US_Election,#ChuckSchumer,36,0.00018360422145131461,2.148780286562134e-06,5,Regular
US_Election,#WashingtonPost,102,0.00019759986360581497,2.9634545188738773e-05,0,Regular
US_Election,#DNC,125,0.00026152906745601303,7.045922887780947e-06,5,Regular
US_Election,#POTUS,388,0.0012777300231787882,0.001469353596407761,13,Regular
US_Election,#NancyPelosi,102,0.00039406751767372583,1.2192136027538225e-05,5,Regular
US_Election,#facebook,108,0.00029804409639475033,4.176587835940947e-05,1,Regular
US_Election,#CSPAN,46,0.0001023000632856763,8.312816500717218e-07,5,Regular
US_Election,#MSNBC,231,0.000557855839054999,6.58360689284309e-05,5,Regular
US_Election,#Resist,242,0.0010757301089782093,0.0006869017812084042,9,Regular
US_Election,#NYTimes,64,0.0001326832023613399,1.2818307475544532e-06,5,Regular
US_Election,#Louisiana,38,8.473490892955688e-05,1.031468372527699e-05,5,Regular
US_Election,#TheView,28,7.752776200124814e-05,9.459744905694867e-08,5,Regular
US_Election,#RNC,57,0.00016855158498715205,6.280687126387562e-05,5,Regular
US_Election,#TrumpAdministration,27,9.041086599149588e-05,8.63232643898185e-07,13,Regular
US_Election,#auspol,26,8.257867121956929e-05,1.930453056858714e-06,13,Regular
US_Election,#Twitter,614,0.002587062594179087,0.001751116936968162,1,Top Node
US_Election,Pres,64,0.00018452675255266148,2.827170107068895e-06,13,Regular
US_Election,@kayleighmcenany,89,0.00021566637252529343,1.7372812518361085e-06,1,Regular
US_Election,#Facebook,400,0.0014386665770499119,0.0008705329076347709,1,Regular
US_Election,#Elections2020,323,0.0008160790704224787,0.00027437841348834077,2,Regular
US_Election,#ElectionDay,225,0.0005718307697181193,7.780364080948366e-05,2,Regular
US_Election,#USPresidentialElections2020,43,0.00010644091128743689,4.025981188284438e-07,1,Regular
US_Election,Follow,93,0.0001789234366350139,4.10845947316908e-06,13,Regular
US_Election,Totally,36,0.00012616399498398089,1.7286675776530447e-06,13,Regular
US_Election,Covid,282,0.0007470857748347868,0.00011554343540135327,13,Regular
US_Election,@BarackObama,119,0.0002762147436875604,6.559865132329688e-05,2,Regular
US_Election,Candidates,19,6.0174428265897745e-05,1.1212034368185402e-07,13,Regular
US_Election,Presidential,207,0.0004913290309181812,5.7436847604162296e-05,13,Regular
US_Election,Guess,36,9.788704678363009e-05,9.522749226222474e-07,1,Regular
US_Election,#VoteThemAllOut,330,0.0010843334050119615,0.0005455928282592036,2,Regular
US_Election,Obamacare,19,6.186642108194715e-05,1.847609193703348e-08,13,Regular
US_Election,Christian,75,0.0001835976501158002,1.1740281296779689e-05,13,Regular
US_Election,#TrumpIsNotAmerica,150,0.0004305034119464794,6.132671396812441e-05,13,Regular
US_Election,@donwinslow,31,8.644738855121214e-05,3.08509569222652e-07,2,Regular
US_Election,All,402,0.0009599918663432792,0.0003315431202644386,13,Regular
US_Election,Answer,25,7.356799267605564e-05,1.238213564764894e-07,13,Regular
US_Election,@thereidout,19,7.001328124966875e-05,1.1075577426172566e-06,2,Regular
US_Election,@DrDenaGrayson,17,6.047742654648759e-05,3.4441046688034786e-07,2,Regular
US_Election,@Women4Biden,10,7.491750160321646e-05,2.910252998900329e-06,2,Regular
US_Election,#TrumpToll,8,7.331891135483393e-05,0.0,2,Regular
US_Election,@womensmarch,8,7.083263128433264e-05,0.0,2,Regular
US_Election,#Greenville,57,0.0001500737465215615,2.900337575994871e-06,13,Regular
US_Election,#2020Elections,65,0.00017240830355274482,3.367494883535632e-05,13,Regular
US_Election,@CNNPolitics,91,0.00017595457978851053,2.1791860478356234e-05,2,Regular
US_Election,#BidenTownHall,818,0.00558140689218208,0.005596176936509462,2,Top Node
US_Election,#BoycottMSNBC,102,0.00032618613504278366,6.466941333487754e-05,2,Regular
US_Election,@business,33,8.354808416240683e-05,2.2758789420350705e-05,2,Regular
US_Election,@nbc,209,0.0008030610253034187,0.0001655066096196626,2,Regular
US_Election,#BidenHarrisLandslide2020,430,0.002172610801268832,0.0004276667664883573,2,Regular
US_Election,Here,259,0.00055120343655655,0.0005006998943375085,13,Regular
US_Election,@NBCNews,547,0.0025657688072521336,0.001943191100078134,2,Top Node
US_Election,@CNBC,49,0.00011181141831187412,7.915772952857864e-07,2,Regular
US_Election,@MSNBC,331,0.0011094084651325456,0.0006764730186498208,2,Regular
US_Election,@ABCNetwork,76,0.00031031046745119033,6.67965814685957e-05,2,Regular
US_Election,@ABCPolitics,116,0.00033602926610477656,3.246901627517872e-05,2,Regular
US_Election,@CBSNews,130,0.0003942280985638567,0.00013873694823384565,2,Regular
US_Election,@ABC,456,0.0020364566379981507,0.0009862539590740772,2,Regular
US_Election,@bpolitics,36,9.009696768031084e-05,6.136301538549936e-06,2,Regular
US_Election,#DonaldJHoofForPresident,1,4.351105012847979e-05,0.0,3,Regular
US_Election,Post,470,0.0022653709114699144,0.0016915514895286612,1,Regular
US_Election,Let,347,0.0009338944688702509,0.00025495306952237477,13,Regular
US_Election,#October,24,8.313113984864358e-05,2.0990164103534638e-07,3,Regular
US_Election,Iowa,185,0.0004708504855958546,0.00012675689904654032,13,Regular
US_Election,#FakePresident,27,7.618899141426469e-05,6.680297925412088e-07,13,Regular
US_Election,Fake,69,0.00016050318451487603,3.3355449286531395e-06,13,Regular
US_Election,#TrumpSupporters,39,0.00010453470495101961,1.1788347319395052e-06,13,Regular
US_Election,#SuperSpreaderEvent,26,7.348207585049907e-05,1.826317825696789e-06,2,Regular
US_Election,#Suckers,17,0.00018859136706288497,0.0,11,Regular
US_Election,#PhotoShop,17,0.00018859136706288497,0.0,11,Regular
US_Election,#Disabled,17,0.00018923391410528498,0.0,11,Regular
US_Election,#KIA,17,0.00018859136706288497,0.0,11,Regular
US_Election,#Veterans,59,0.00026244609181411713,0.00038559714597604077,11,Regular
US_Election,Protected,17,0.00018859136706288497,0.0,11,Regular
US_Election,#ADA,17,0.00018859136706288497,0.0,11,Regular
US_Election,#People,53,0.00030062763412918924,0.0002553688699588242,11,Regular
US_Election,#POW,17,0.00018859136706288497,0.0,11,Regular
US_Election,#Elderly,17,0.00018923391410528492,0.0,11,Regular
US_Election,#NotFit,17,0.00018859136706288497,0.0,11,Regular
US_Election,#Persons,17,0.00018859136706288497,0.0,11,Regular
US_Election,#Deceptive,17,0.00018859136706288497,0.0,11,Regular
US_Election,#Ops,17,0.00018859136706288497,0.0,11,Regular
US_Election,#WheelChairs,17,0.00018859136706288497,0.0,11,Regular
US_Election,#MIA,17,0.00018859136706288497,0.0,11,Regular
US_Election,@usatoday,9,5.198938284333016e-05,1.0539658201697979e-07,13,Regular
US_Election,#TrumpVirusDeathToll215K,69,0.0002593064835132905,8.650632527794836e-06,13,Regular
US_Election,#TrumpVirus,214,0.0008507509199278967,0.00017993860051782488,9,Regular
US_Election,Article,86,0.00019414035062944294,2.3730544983336598e-05,1,Regular
US_Election,Day,110,0.0003105025965587415,6.736191535469031e-05,0,Regular
US_Election,Today,100,0.0001881859935224123,9.05150318197566e-06,13,Regular
US_Election,@FLOTUS,116,0.0003600226431862771,0.00014637982485933953,13,Regular
US_Election,#Dems,94,0.00016440145573672998,6.862789564881677e-06,13,Regular
US_Election,Every,129,0.0004125542977194573,7.196249018193546e-06,13,Regular
US_Election,Must,75,0.00015222321510887965,4.533960468631825e-06,13,Regular
US_Election,#Johnson,11,6.379219073742993e-05,2.0897390207557954e-06,13,Regular
US_Election,Herd,39,0.0001177020001585202,9.268727437999699e-06,5,Regular
US_Election,Immunity,27,9.569474423666272e-05,2.9139116293039623e-06,5,Regular
US_Election,#MitchMcConnell,90,0.00039438229056338567,2.814618448410478e-05,5,Regular
US_Election,Defund,16,0.00010736658098331033,0.0,5,Regular
US_Election,Dance,16,0.00010736658098331033,0.0,5,Regular
US_Election,Deny,16,0.00010691421808074603,0.0,5,Regular
US_Election,#MorningJoe,85,0.00022129705331763418,3.523573525877612e-05,5,Regular
US_Election,Super,39,9.095385584066717e-05,3.618352644815963e-06,2,Regular
US_Election,Graves,16,0.00010736658098331035,0.0,5,Regular
US_Election,Downplay,16,0.00010691421808074603,0.0,5,Regular
US_Election,Police,24,8.537399012583516e-05,5.61944540267016e-06,5,Regular
US_Election,Everything,46,0.00010461855731797712,3.803294154669596e-07,13,Regular
US_Election,Over,249,0.0004975823655474401,7.681783099548361e-05,13,Regular
US_Election,@JohnCornyn,66,0.0001750908989457929,6.828011866883836e-06,1,Regular
US_Election,@marcorubio,9,4.773678925909069e-05,0.0,13,Regular
US_Election,Just,412,0.0011479812920575298,0.00037139822232073425,13,Regular
US_Election,@thebradfordfile,14,5.350256833479098e-05,5.7064990904890875e-08,1,Regular
US_Election,Face,34,7.34356414350197e-05,1.5233021656208057e-06,2,Regular
US_Election,Need,51,0.0001670074527198006,1.4341652778267039e-05,13,Regular
US_Election,Response,62,0.0001211978022923669,1.1169292992513337e-05,13,Regular
US_Election,Kamala,174,0.0004975910822855152,5.3733940677414755e-05,1,Regular
US_Election,Pence,84,0.0002482957826094857,7.845820290388168e-06,13,Regular
US_Election,Hillary,103,0.00027266336303134454,1.1057437355657491e-05,13,Regular
US_Election,Yes,179,0.0004046515449896739,1.1340650727918595e-05,13,Regular
US_Election,Clinton,84,0.0002241952813309446,0.00017200625572965438,13,Regular
US_Election,Believe,14,5.3027229531944354e-05,0.0,13,Regular
US_Election,#LindseyMustGo,51,0.00022654989660059448,3.048059462213776e-05,2,Regular
US_Election,#MoscowMitch,60,0.00012951486364081322,9.227315127031519e-07,13,Regular
US_Election,#LindseyGraham,59,0.00013955563158116332,1.9441418963676492e-06,1,Regular
US_Election,#TrumpIsNotWell,86,0.00023667873283742175,3.014637113718341e-06,2,Regular
US_Election,Las,7,4.8937801037598986e-05,1.5582246211955945e-08,13,Regular
US_Election,Anyone,85,0.00019526255454161253,1.086146094975416e-06,13,Regular
US_Election,#MSM,113,0.0002287296595358105,7.040993613079394e-06,1,Regular
US_Election,@votevets,20,8.088232788871221e-05,1.669553986379617e-06,2,Regular
US_Election,Had,72,0.00013899831770740657,4.2284956439632636e-05,1,Regular
US_Election,Also,99,0.00019999171003819545,8.851262638152798e-07,13,Regular
US_Election,Thought,28,6.76449415649249e-05,1.2317394624688988e-08,13,Regular
US_Election,Which,125,0.0002479013916736057,8.062704380752768e-06,13,Regular
US_Election,Vous,13,6.104767797779401e-05,1.3715012333713688e-07,13,Regular
US_Election,@SudRadio,15,7.139926999651687e-05,0.0,3,Regular
US_Election,Administration,95,0.00029168675932381513,1.9659537839020664e-05,13,Regular
US_Election,#pathetic,4,4.443258180354795e-05,0.0,13,Regular
US_Election,@Acosta,49,0.00013192546284798674,7.150764611895112e-06,2,Regular
US_Election,Hey,229,0.0011925776302058877,2.4051214439348674e-05,2,Regular
US_Election,#Patriot,25,8.132102746872305e-05,1.9815899209482776e-06,13,Regular
US_Election,#immigrants,21,6.270071647507799e-05,1.140333585206239e-07,2,Regular
US_Election,#superspreader,6,5.046808638316063e-05,0.0,13,Regular
US_Election,#rally,7,5.493453608300618e-05,8.257751604122935e-07,13,Regular
US_Election,#Conservatives,44,0.00010336743162515101,3.332243806041914e-06,1,Regular
US_Election,#fakenews,71,0.00014662783321231623,1.0711824505387653e-06,3,Regular
US_Election,#media,154,0.0003861936750773734,0.00011361673243341174,5,Regular
US_Election,Once,45,0.00011703718807007313,1.7017873983353726e-07,13,Regular
US_Election,#SocialMedia,53,0.00011777473400127036,1.0673756535342637e-06,1,Regular
US_Election,Stop,117,0.00024525880855794915,8.24572783133345e-06,13,Regular
US_Election,#democracy,163,0.00042989551979810784,4.057911194461267e-05,3,Regular
US_Election,#PUTIN,38,0.0001193093710853635,7.544072779997925e-06,2,Regular
US_Election,#PlatinumPlan,28,9.946554676841564e-05,4.316396379785823e-07,13,Regular
US_Election,Black,218,0.0006034196461740265,0.00015332705538046782,13,Regular
US_Election,#VoteBlueDownBallot,157,0.0007262692598677921,6.188895034997351e-05,2,Regular
US_Election,October,206,0.000442102413450158,0.00024069256354566505,13,Regular
US_Election,@YouTube,368,0.000965940957404543,0.0004512858986590402,1,Regular
US_Election,Watch,293,0.0009216217581172916,0.00010115814230386301,13,Regular
US_Election,With,349,0.0008586384573510442,0.00041477464955805884,13,Regular
US_Election,#TrumpLandslideVictory2020,10,4.9782456981091896e-05,0.0,1,Regular
US_Election,@weijia,19,9.044251103964077e-05,3.94288831129431e-08,2,Regular
US_Election,@kaitlancollins,10,5.731329324513755e-05,2.574239207330105e-07,13,Regular
US_Election,@NicolleDWallace,105,0.00023301646938535085,3.935077999455098e-05,2,Regular
US_Election,#EnemyOfThePeople,31,7.438710473359664e-05,6.410448183762318e-08,1,Regular
US_Election,@wolfblitzer,40,9.850348938435126e-05,7.179637659104211e-06,2,Regular
US_Election,@Facebook,130,0.0003767325154412982,1.0740136605641252e-05,1,Regular
US_Election,Most,139,0.0002652266739292585,5.218709180544738e-05,13,Regular
US_Election,Are,353,0.0008976629373806637,0.00019116368404950663,13,Regular
US_Election,#icecube,45,0.00012201869499511498,2.4529823817001363e-06,3,Regular
US_Election,@TNSociallyMissy,3,4.352303020572641e-05,0.0,13,Regular
US_Election,#Americans,250,0.0007059925087217081,0.0005608692427192275,5,Regular
US_Election,#VoteBidenHarris,157,0.0006005403508384985,8.154182623469897e-05,5,Regular
US_Election,#TrumpVirusDeathToll275K,14,0.00017746589695616133,1.5885868657346848e-06,5,Regular
US_Election,#Covid,380,0.0023263767831322494,0.001059420515831328,0,Regular
US_Election,#VoteBlue,216,0.0008327981143710229,0.0001805056559968845,5,Regular
US_Election,#GOPDeathCult,8,0.00017291889521221684,0.0,5,Regular
US_Election,#ProsecuteThemAll,8,0.0001721002877842885,0.0,5,Regular
US_Election,#TrumpProjection,31,0.0002510909641611262,1.8052024696803115e-06,13,Regular
US_Election,#AmericaNeedsPennsylvania,23,0.0001950402484361042,1.6798019576217563e-06,13,Regular
US_Election,#BoycottNBCTownHall,87,0.00029112084529268325,3.7310560176910224e-06,13,Regular
US_Election,#Dump,17,0.00015235421528800376,1.2221822824723015e-07,13,Regular
US_Election,#AmericaOrTrump,104,0.00032791116896279716,2.2582119723390996e-05,13,Regular
US_Election,#TrumpTaxes,61,0.00039863248042175257,6.939961363161158e-06,13,Regular
US_Election,Des,72,0.00027283428560615576,1.0765370994252157e-05,12,Regular
US_Election,Moines,55,0.00016893565895687886,1.61128504630212e-06,13,Regular
US_Election,@AP,114,0.0002073696168076799,2.541126001539456e-05,2,Regular
US_Election,#justice,50,9.446829586195609e-05,4.7008407076976235e-06,3,Regular
US_Election,Shut,21,6.469310293815041e-05,5.0152590243399246e-08,13,Regular
US_Election,Joe,1238,0.006476347267857846,0.009366497622083038,1,Top Node
US_Election,#TrumpAttacksBlackWomen,32,0.0002612346791580462,8.981433580502386e-09,2,Regular
US_Election,Help,41,9.685590756323736e-05,2.4186316873279355e-06,13,Regular
US_Election,Federal,54,0.00020485691677071214,7.203644217700551e-05,9,Regular
US_Election,Court,145,0.00037907938296184425,0.0001308923692221736,13,Regular
US_Election,Iraq,25,0.0001277604355102056,2.644697337344608e-07,2,Regular
US_Election,Wall,71,0.0001917271742017992,2.1947186826992017e-06,3,Regular
US_Election,@NBCPolitics,95,0.00022643594116435775,5.104674958477154e-06,2,Regular
US_Election,@KatyTurNBC,38,0.00011301058762668424,1.787450713452535e-05,2,Regular
US_Election,@npratc,29,0.00012042348647885321,3.94288831129431e-08,2,Regular
US_Election,@jaketapper,78,0.00016840687941916706,1.6092987008700456e-05,2,Regular
US_Election,#PromisesMadePromisesKept,17,5.631497806905884e-05,6.435239060638904e-07,1,Regular
US_Election,@JasonMillerinDC,16,6.086354460638342e-05,2.478496393604115e-07,13,Regular
US_Election,@MeidasTouch,77,0.0001837724291647187,2.0051211690889623e-06,2,Regular
US_Election,However,22,7.613092427619897e-05,1.199416108421944e-07,13,Regular
US_Election,#putin,11,5.00024046936868e-05,0.0,3,Regular
US_Election,#usa,324,0.001357610113694018,0.001572286495339474,3,Regular
US_Election,#UnitedStates,140,0.0003787389628405393,8.947273186164099e-06,0,Regular
US_Election,#us,52,9.529500620102801e-05,6.151718557437661e-06,0,Regular
US_Election,#TrumpIsACompleteFailure,25,8.904082844522567e-05,8.760877052487047e-07,2,Regular
US_Election,#COVID,353,0.0012955150071770282,0.0005271727517708954,2,Regular
US_Election,Mid,16,0.00010528601476408452,2.3425682985804867e-06,2,Regular
US_Election,#ClimateCrisis,28,9.78604564940858e-05,8.884616975477975e-06,2,Regular
US_Election,Look,112,0.0002629823508357147,6.020590584292555e-05,13,Regular
US_Election,African,41,0.00011759046864099806,5.276480943908436e-07,13,Regular
US_Election,Read,161,0.0005777718488693935,7.755651503876903e-05,13,Regular
US_Election,Note,11,5.3526431965428944e-05,2.210814419815972e-08,1,Regular
US_Election,Its,98,0.00019053763647979097,8.533839876271385e-05,1,Regular
US_Election,Ivanka,42,0.00018153348903917352,1.0250168894141394e-05,13,Regular
US_Election,Some,73,0.00015547233258184645,3.87446137191629e-06,13,Regular
US_Election,#VoteRED2020RemoveEveryDemocrat,23,6.608736651340793e-05,0.0,13,Regular
US_Election,#Vote2020,260,0.0007572387166753323,0.00014524119916607738,2,Regular
US_Election,#Democrat,409,0.0014083682419770483,0.0004571810138795025,0,Regular
US_Election,#VoteEarly,347,0.0013046300001772503,0.00022684524521413295,2,Regular
US_Election,#TrumpRallyIowa,20,7.354245376684588e-05,1.3341858781094455e-07,13,Regular
US_Election,Inside,20,7.457682341646025e-05,2.0186841190462505e-07,1,Regular
US_Election,Dream,13,4.991624475564267e-05,0.0,13,Regular
US_Election,Nov,100,0.00020144129953818046,5.26030794161637e-05,13,Regular
US_Election,@morningmika,43,0.00010553049847069604,4.255602727616098e-06,2,Regular
US_Election,Great,247,0.0005334481896467829,0.0004548829281269069,13,Regular
US_Election,#DumpTrump2020,91,0.00019153477395171396,8.783924989781795e-06,2,Regular
US_Election,#News,236,0.0005901087564728008,0.0003873382254876509,0,Regular
US_Election,@SavannahGuthrie,354,0.001333231149999377,0.00026362479844434103,13,Regular
US_Election,Regeneron,10,5.014834846398497e-05,6.534055739705322e-08,13,Regular
US_Election,#2A,37,8.335004761804595e-05,5.059550274122198e-06,13,Regular
US_Election,#1A,32,7.607798589748341e-05,6.784429701329912e-06,1,Regular
US_Election,#WWG1GWA,15,7.529541553572927e-05,0.0,1,Regular
US_Election,France,18,8.176786746712509e-05,1.0545830085752987e-06,2,Regular
US_Election,These,129,0.000250683129323512,2.7931030865094152e-05,13,Regular
US_Election,#collusion,15,5.843213216383121e-05,1.2401152232049414e-05,3,Regular
US_Election,Why,595,0.0018241596471921153,0.0018273772782435038,13,Top Node
US_Election,@RSBNetwork,22,7.719119062810778e-05,4.757751116848803e-08,13,Regular
US_Election,Turn,30,8.450274526794778e-05,3.5705957232675674e-08,13,Regular
US_Election,Lol,47,0.00011460695651084254,1.456872764329274e-06,2,Regular
US_Election,#LatinosForTrump,45,0.00010929081077645829,3.1091986773505607e-06,2,Regular
US_Election,#ProudBoys,28,7.501527547466493e-05,2.4236234887628957e-07,13,Regular
US_Election,@Yamiche,45,0.00013143572473116655,4.535481717886377e-06,2,Regular
US_Election,#Putin,227,0.0006756952153607911,0.0006308879813882384,0,Regular
US_Election,#WomenForTrump,33,8.96197765678924e-05,1.8006485309846335e-06,2,Regular
US_Election,@funder,69,0.00017795206007256107,3.1761849178503474e-06,13,Regular
US_Election,#voting,122,0.0003487280017999661,3.879663341752578e-05,3,Regular
US_Election,#Potus,43,8.638868373498893e-05,3.476994903858927e-05,0,Regular
US_Election,Share,40,8.544244919551068e-05,4.908092258393389e-07,1,Regular
US_Election,#DonaldJTrump,38,0.00010614574242714585,1.9802524042839797e-06,1,Regular
US_Election,York,260,0.0011825651491162417,0.00040250482432836407,1,Regular
US_Election,#DrainTheSwamp,95,0.0002355299421021013,3.1887822719114714e-06,1,Regular
US_Election,Everyone,149,0.0010872870663629992,5.827107493237971e-06,2,Regular
US_Election,#miami,37,0.0001407770885294036,1.3471640500389463e-05,3,Regular
US_Election,@RawStory,11,8.764688313014376e-05,3.233316088980859e-08,3,Regular
US_Election,Via,43,0.000154248246491111,2.2691257293117234e-06,3,Regular
US_Election,Chuck,32,9.245248717558468e-05,2.879692190788209e-07,2,Regular
US_Election,Crowd,25,6.242988798424128e-05,3.512520873919177e-07,13,Regular
US_Election,Disgusting,32,7.900266480297841e-05,0.0,13,Regular
US_Election,#NBC,519,0.0026273879033014043,0.0006317390035913633,2,Regular
US_Election,#SanctionTurkey,39,0.00015495649768982174,6.848781209389418e-06,6,Regular
US_Election,#TuckerCarlson,44,9.520363903081197e-05,3.3769005666540894e-06,1,Regular
US_Election,Turkey,23,8.471741572968017e-05,2.379248489837826e-06,13,Regular
US_Election,#SanctionErdogan,14,9.504527087992004e-05,6.105525060110334e-07,6,Regular
US_Election,#CBS,62,0.00013689511554771413,8.003875716607754e-07,5,Regular
US_Election,#HumanRights,66,0.0001838492852810929,9.955613259679577e-06,13,Regular
US_Election,#SpeakerPelosi,9,5.2591579185880556e-05,5.124031927692253e-07,5,Regular
US_Election,#stimulus,100,0.0002134641282008175,1.7432352123841856e-05,3,Regular
US_Election,#WolfBlitzer,6,4.9629105274687156e-05,5.906038865816406e-07,5,Regular
US_Election,Going,56,0.00012018783605073245,8.030248773211274e-07,13,Regular
US_Election,Sad,53,0.0001115497965769336,3.7511774629406758e-06,13,Regular
US_Election,Unbelievable,7,4.597185482365897e-05,0.0,2,Regular
US_Election,@ProjectLincoln,181,0.0004250133630505663,9.743791349139892e-05,2,Regular
US_Election,#BlueLivesMatter,22,7.12596899449873e-05,2.8998133510222113e-06,3,Regular
US_Election,Taking,19,5.813737939423116e-05,6.907863408936732e-07,13,Regular
US_Election,#Evangelicals,30,8.06927549418828e-05,1.4076777583058696e-05,13,Regular
US_Election,Sen,78,0.00020462921139400376,1.6190857938495687e-05,13,Regular
US_Election,Kennedy,34,9.301109147503739e-05,1.8995089726187683e-06,13,Regular
US_Election,John,61,0.00015647812549422822,2.35253155900039e-06,13,Regular
US_Election,Una,14,5.783762118307267e-05,6.142534263925964e-07,2,Regular
US_Election,#pandemia,20,6.480281739635514e-05,3.7359189236958577e-06,3,Regular
US_Election,Presidente,16,5.941355533682811e-05,0.0,13,Regular
US_Election,#US,325,0.0007539662208557761,0.001001859916585057,13,Regular
US_Election,#people,20,7.466006752144554e-05,8.999740908346702e-07,13,Regular
US_Election,#SuperSpreaderTrump,85,0.0004354123807680777,2.3786926380019333e-06,2,Regular
US_Election,Trying,10,4.94092473785944e-05,0.0,1,Regular
US_Election,#FactsMatter,102,0.00021362190325698114,6.020553917877874e-05,1,Regular
US_Election,#Facts,31,8.313152746770713e-05,2.4694547511025343e-06,13,Regular
US_Election,Any,99,0.00019690853094877353,2.510920617376424e-05,13,Regular
US_Election,#BarronTrump,71,0.00036065422854622727,4.738201104117313e-06,2,Regular
US_Election,#MelaniaTrump,61,0.00018241600571723834,1.2618002146960097e-05,13,Regular
US_Election,#townhall,119,0.0003399545178047752,0.00010372511835187022,3,Regular
US_Election,#WTF,27,7.270386865674775e-05,6.23787749965338e-07,13,Regular
US_Election,#ABCNews,113,0.00022329206213057053,5.48449476440695e-06,5,Regular
US_Election,#SNL,19,6.42710262760095e-05,0.0,13,Regular
US_Election,#NBCNews,100,0.00035014274790286817,0.00011779437352371081,2,Regular
US_Election,Mask,14,5.3895878319345495e-05,0.0,13,Regular
US_Election,#IVotedEarly,14,5.893550466242301e-05,0.0,2,Regular
US_Election,Trust,49,0.00010445550888632395,1.269915656237633e-06,13,Regular
US_Election,#VP,49,0.00016702284170893672,4.249666189665307e-06,5,Regular
US_Election,#World,15,5.325511598703129e-05,1.469151310113447e-07,0,Regular
US_Election,@chipfranklin,19,7.094025891957272e-05,1.847609193703348e-08,2,Regular
US_Election,Ohio,40,0.00010098761965725368,4.6049039474740214e-07,2,Regular
US_Election,Get,178,0.0003962415343067231,8.085495809926882e-05,13,Regular
US_Election,#LiberalismIsAMentalDisorder,67,0.0001349669885200277,5.969681362973547e-07,1,Regular
US_Election,Their,64,0.00013330854168395198,6.88990970034177e-07,1,Regular
US_Election,#FakeNews,248,0.0005379630743323613,5.302446785485712e-05,1,Regular
US_Election,#BidenGate,91,0.0002365321723531321,2.5917180912988093e-06,1,Regular
US_Election,#BidenCrimeFamily,606,0.002744276361921432,0.0020136038044089467,1,Top Node
US_Election,#AntifaTerrorists,26,7.138929812810582e-05,1.39650339209031e-07,1,Regular
US_Election,#ANTIFA,5,4.332329863565985e-05,0.0,13,Regular
US_Election,#CrookedJoeBiden,389,0.0015110944505956517,0.0009716033780605116,1,Regular
US_Election,#BidenEmails,202,0.0006352308835163908,3.261499699077876e-05,1,Regular
US_Election,Vice,135,0.0003663857936718169,2.7025837109395172e-05,1,Regular
US_Election,#TrumpNowMoreThanEver,25,6.794023466967119e-05,0.0,13,Regular
US_Election,Ukrainian,176,0.0006604935549372608,0.000142443917895227,1,Regular
US_Election,#Barron,26,8.59757357711375e-05,4.000306293590014e-07,13,Regular
US_Election,#TrumpLandslide2020,19,6.751382711936611e-05,2.268993746653234e-08,1,Regular
US_Election,Someone,40,9.842324480175525e-05,4.5508494142574544e-07,13,Regular
US_Election,#FirstAmendment,59,0.00011520953510072918,5.7442109721393865e-06,1,Regular
US_Election,Rally,113,0.0003509038959054915,7.705833129409575e-06,13,Regular
US_Election,Desperate,22,6.115406762878952e-05,2.2306455281838924e-07,13,Regular
US_Election,Oct,102,0.00027378393273770537,4.899005302003803e-06,2,Regular
US_Election,Rudy,170,0.0005524934563404719,9.483530478527017e-05,1,Regular
US_Election,#RudyColludy,13,5.9169675173563314e-05,8.851822577742593e-08,13,Regular
US_Election,#DOJ,95,0.00018544231264309259,1.6070002623740797e-05,2,Regular
US_Election,#BTC,21,0.00011832898351352303,1.8925902476765854e-05,3,Regular
US_Election,Looking,20,6.362512184090583e-05,1.6725894710600485e-07,2,Regular
US_Election,#Bitcoin,33,0.0001418316481272515,3.0038558871669196e-06,0,Regular
US_Election,#VOTE,835,0.003456957524834657,0.002744802681507065,2,Top Node
US_Election,Drug,13,5.755218769765213e-05,0.0,13,Regular
US_Election,Orange,42,0.00010332881959002769,3.283000633768461e-05,13,Regular
US_Election,Clown,15,5.7898253925503576e-05,2.945450543518426e-07,13,Regular
US_Election,Everybody,40,9.95257135827116e-05,4.882854101976268e-07,1,Regular
US_Election,Might,15,5.430847347672866e-05,0.0,2,Regular
US_Election,#TownHall,557,0.002462117602098871,0.0008981495809811324,13,Top Node
US_Election,#DonTheCon,70,0.00014405160512764414,5.1017137709267154e-06,13,Regular
US_Election,@newyorkpost,48,0.00014021123656783577,6.4315535474585046e-06,1,Regular
US_Election,Murdoch,55,0.00021288966405863535,4.431541970056815e-06,2,Regular
US_Election,Rupert,63,0.00022925327088233968,1.0291121467150213e-05,2,Regular
US_Election,#UkraineJoe,34,8.700060775749785e-05,8.047364488130137e-08,1,Regular
US_Election,Blanche,8,7.696047552781211e-05,0.0,13,Regular
US_Election,Maison,8,7.696047552781211e-05,0.0,13,Regular
US_Election,Kayleigh,50,0.0001331225672432559,5.538283988349309e-06,1,Regular
US_Election,@DanRather,73,0.00019144973376721182,1.0990711895723216e-05,2,Regular
US_Election,Should,100,0.0001974977408230863,2.683298577891149e-06,13,Regular
US_Election,@yashar,5,4.711946311853415e-05,0.0,13,Regular
US_Election,Harris,251,0.0006563142236296498,0.0001428921540856126,1,Regular
US_Election,Giuliani,186,0.0007169211083724217,0.00019212728065793298,1,Regular
US_Election,Under,99,0.00019683046140862983,7.005270442262563e-05,13,Regular
US_Election,Section,44,0.00012924295614467356,8.447709336403436e-06,1,Regular
US_Election,#MakeAmericaGreatAgain,74,0.00017973179319002725,3.0409448614791413e-05,1,Regular
US_Election,#music,69,0.0002770522141779341,2.1848960011924612e-05,0,Regular
US_Election,Demi,34,0.00013600052342883294,1.139590360214651e-06,13,Regular
US_Election,Lovato,34,0.00013760480254997617,1.139590360214651e-06,13,Regular
US_Election,#DemiLovato,42,0.00015360437513296484,6.428288954330063e-06,13,Regular
US_Election,#CommanderInChief,34,0.00011061143590427379,1.3031379639980983e-06,13,Regular
US_Election,@ddlovato,20,7.173565082818959e-05,0.0,13,Regular
US_Election,#Maga,27,7.14548551085861e-05,4.79211479293163e-08,1,Regular
US_Election,#TrumpSupporter,27,7.780243062388644e-05,1.4251919427108093e-07,1,Regular
US_Election,#TikTok,88,0.00024030918083850532,8.23213761657661e-05,0,Regular
US_Election,Hahaha,8,4.651600989112489e-05,0.0,2,Regular
US_Election,Nothing,131,0.00036176669625271533,8.064003669325954e-06,1,Regular
US_Election,Against,53,0.00012939059928968586,1.6283890166800758e-05,13,Regular
US_Election,Take,94,0.0002261203017941454,3.278072193978724e-05,13,Regular
US_Election,Les,33,0.00010583669770386272,1.5470094714495476e-06,1,Regular
US_Election,Part,38,0.00010784380940274104,4.970555030932446e-06,1,Regular
US_Election,Aid,26,8.797063332712837e-05,3.0535650556149856e-06,1,Regular
US_Election,#joebiden,583,0.0021351242397221037,0.0034796283340433566,3,Top Node
US_Election,#censors,13,6.452449592590644e-05,3.1614646203368397e-07,1,Regular
US_Election,#ukraine,76,0.00018173946509942066,1.3712594132244239e-05,1,Regular
US_Election,@JenniferJJacobs,4,4.586615231199761e-05,0.0,13,Regular
US_Election,Attorney,23,7.446888291284264e-05,2.0713457645093925e-07,13,Regular
US_Election,Voice,19,5.8805205786149626e-05,3.5083337793079664e-08,13,Regular
US_Election,While,111,0.0002522077502244972,1.4709034689282624e-05,13,Regular
US_Election,#BidenIsALiar,11,4.9662821252173796e-05,1.2905051755904095e-07,3,Regular
US_Election,#TwitterCensorship,424,0.0018080836044867903,0.0005034884784867975,1,Regular
US_Election,#WalkAway,94,0.00017834611001643402,4.6403147982146745e-06,1,Regular
US_Election,@TeamTrump,169,0.00044386221941562266,4.059678706444601e-05,1,Regular
US_Election,@SpeakerPelosi,191,0.00039757279572341306,7.755201424027363e-05,2,Regular
US_Election,Low,9,4.9422079038859105e-05,0.0,13,Regular
US_Election,High,25,7.304232820489818e-05,3.2402236812718664e-06,13,Regular
US_Election,@MeetThePress,17,6.675685428482124e-05,0.0,2,Regular
US_Election,#UniteBlue,11,0.00011966791081209712,0.0,1,Regular
US_Election,#UniteBlueNoMatterWho,11,0.00011920717268526684,0.0,1,Regular
US_Election,#tcot,41,0.00015938764400702125,7.978702014719113e-05,1,Regular
US_Election,Fascism,9,9.596769223411432e-05,0.0,1,Regular
US_Election,Leftism,9,0.00010197763136608335,0.0,1,Regular
US_Election,#wiright,11,0.00011920717268526684,0.0,1,Regular
US_Election,#wipolitics,11,0.00011920717268526684,0.0,1,Regular
US_Election,Thursday,115,0.0003004195356209989,4.976750398919226e-05,13,Regular
US_Election,Town,396,0.0015512532924863189,0.0009159911417713537,13,Regular
US_Election,Hall,355,0.0013116726192723277,0.0008199151494980775,13,Regular
US_Election,Another,131,0.00026543503189311457,1.2669573430503632e-05,13,Regular
US_Election,#Murdoch,78,0.0002778659824359499,1.155490302171795e-05,1,Regular
US_Election,@FoxNews,216,0.0004751746904905092,0.00034550966320476663,2,Regular
US_Election,Estados,46,0.00028262577249696017,4.994857385292793e-06,2,Regular
US_Election,Florida,138,0.00036084119278771454,6.085831829421752e-05,2,Regular
US_Election,Unidos,45,0.0002804065442293676,4.110965424316993e-06,2,Regular
US_Election,#FoxAndFriends,14,5.6140303431971106e-05,0.0,13,Regular
US_Election,Those,57,0.00015439903769989572,1.9553771812853634e-06,13,Regular
US_Election,Wake,28,7.896813695540212e-05,2.3148829574001258e-07,13,Regular
US_Election,#Covid_19,95,0.0002139504530668789,3.046745577146566e-05,2,Regular
US_Election,Congrats,8,4.859824020800046e-05,0.0,2,Regular
US_Election,Corruption,117,0.0002786696849669654,5.915546530860556e-05,1,Regular
US_Election,#TrumpCovid,77,0.0003465626118853431,4.401185786337929e-05,4,Regular
US_Election,#VoteTrump2020,52,0.00013282868199262588,5.0064249119703623e-08,1,Regular
US_Election,#Truth,95,0.0002705299626180912,1.9340305196417473e-05,13,Regular
US_Election,Want,81,0.0001741368372807028,8.511711293937154e-05,13,Regular
US_Election,Rick,20,7.871094838516726e-05,6.660594546627236e-08,13,Regular
US_Election,Makes,23,7.712660084287958e-05,1.4098572761506229e-07,1,Regular
US_Election,Full,67,0.00013072424367896435,3.1667586927631373e-06,1,Regular
US_Election,Positive,64,0.00013867041245768506,9.65291438466966e-07,13,Regular
US_Election,@kwinews1,7,5.091445057113836e-05,5.388458508389241e-08,13,Regular
US_Election,Testing,13,5.145828456988771e-05,0.0,13,Regular
US_Election,After,239,0.0005363889575348215,0.00015311532463211855,13,Regular
US_Election,Sure,49,0.00010254569850757379,2.430101369573692e-07,13,Regular
US_Election,Muslim,21,6.604798213172844e-05,0.0,13,Regular
US_Election,#Conservative,42,0.00010125740627658598,2.4990138125214215e-05,0,Regular
US_Election,White,363,0.0009638604886164547,0.0006126436802135581,13,Regular
US_Election,House,351,0.0009455314533911679,0.0005928939622927481,13,Regular
US_Election,Bring,10,4.789919473941176e-05,0.0,2,Regular
US_Election,Surprise,45,0.0001029547412188134,1.7547683024559137e-06,13,Regular
US_Election,#gop,172,0.0005242141775508042,3.759031180204662e-05,3,Regular
US_Election,#science,37,8.568112083546809e-05,2.3877400330077083e-06,3,Regular
US_Election,#VoteBlue2020,124,0.00036930724521059687,6.1293696773181635e-06,2,Regular
US_Election,#RememberinNovember,23,0.0001443534540586146,0.0,3,Regular
US_Election,#Arizona,150,0.0006013488990926389,0.00042675308155628217,9,Regular
US_Election,#BlueTsunami,5,4.355907364825174e-05,0.0,13,Regular
US_Election,#SupremeCourt,125,0.0003360172974005887,4.177469180117903e-05,0,Regular
US_Election,#BoycottNBC,278,0.0020113957676552406,0.0002594287623454681,2,Regular
US_Election,Come,64,0.00012691383862817806,1.3918918508604275e-06,13,Regular
US_Election,@CoryBooker,14,5.678976901444864e-05,1.7492972271829857e-07,2,Regular
US_Election,Oval,11,5.4887117484474485e-05,0.0,13,Regular
US_Election,Office,59,0.00013416811299908285,2.303730301866834e-06,13,Regular
US_Election,Apprentice,28,7.455158720274742e-05,0.0,13,Regular
US_Election,Massachusetts,24,7.121151964836926e-05,3.895524707897414e-07,13,Regular
US_Election,Can,304,0.0006716031639784436,0.00021116698006757418,13,Regular
US_Election,#Pompeo,9,5.314461965493723e-05,0.0,13,Regular
US_Election,Only,153,0.00034714169437537326,4.6625162195348964e-05,13,Regular
US_Election,@Amy_Siskind,8,5.1218447857970446e-05,0.0,2,Regular
US_Election,#Ohio,124,0.00027176184690562135,2.8797300414252857e-05,9,Regular
US_Election,Four,9,4.968736522844442e-05,0.0,13,Regular
US_Election,Cohen,20,8.472496335927389e-05,0.0,13,Regular
US_Election,Michael,50,0.00015715746727025293,6.715693915573251e-06,13,Regular
US_Election,Right,104,0.00020633430695597254,8.682729477063933e-06,13,Regular
US_Election,Gov,28,8.369641536799909e-05,5.808707289955993e-06,13,Regular
US_Election,Freedom,25,6.781519783296205e-05,1.665836879654863e-06,13,Regular
US_Election,Speech,52,0.00011156814360186202,7.006455811532035e-07,1,Regular
US_Election,Press,72,0.00017298114503909342,5.361946446710454e-05,1,Regular
US_Election,Tells,34,8.625125510901361e-05,7.445537306379626e-07,13,Regular
US_Election,Reporting,11,5.366852741250762e-05,0.0,1,Regular
US_Election,Bidens,86,0.00021834106564087185,4.271342570882699e-06,1,Regular
US_Election,Matt,14,5.6150170019532696e-05,6.255953735970932e-08,13,Regular
US_Election,#Kavanaugh,15,5.8346496589500356e-05,0.0,13,Regular
US_Election,#Bush,12,6.034882052580924e-05,1.4738762798773147e-07,13,Regular
US_Election,#bigtech,25,8.494647194416303e-05,7.820373607396448e-07,1,Regular
US_Election,Internet,14,5.2735574801508293e-05,0.0,1,Regular
US_Election,Service,17,6.82575913967137e-05,0.0,1,Regular
US_Election,Big,266,0.0008045583286753836,0.00027049259886440023,1,Regular
US_Election,#hunterscrackpipe,103,0.00031590729043731914,1.6838544560777545e-05,1,Regular
US_Election,#Hunterbidenlaptop,122,0.0004261544627122402,9.07015253048492e-06,1,Regular
US_Election,Life,34,8.198598559678982e-05,1.6391527907771546e-06,3,Regular
US_Election,Italy,16,7.457864973820028e-05,4.799614508324865e-07,2,Regular
US_Election,Corona,69,0.0001560599406226294,6.447010606153355e-06,13,Regular
US_Election,Barron,82,0.00029796903052011295,2.669242767859866e-05,13,Regular
US_Election,Know,76,0.00015051504323306404,1.4148480677190172e-05,13,Regular
US_Election,Already,27,6.999733869899295e-05,3.472017276757969e-08,13,Regular
US_Election,Hollywood,33,9.077098715021639e-05,1.7304931101805346e-05,13,Regular
US_Election,@MailOnline,59,0.00016450985063585615,9.732672088981878e-06,1,Regular
US_Election,Looks,49,0.00012155800100952964,2.2849262661666725e-06,1,Regular
US_Election,Kids,9,4.992234750266294e-05,3.43649391678114e-06,13,Regular
US_Election,@DevinNunes,31,0.00014188641259599858,1.7328145250460987e-06,3,Regular
US_Election,Middle,45,0.00012937209427889043,1.995742407096833e-06,13,Regular
US_Election,#TrumpRallyFlorida,7,4.8329539777113886e-05,5.873223578101701e-08,13,Regular
US_Election,#StopTrumpsTerror,31,7.672470201497975e-05,0.0,13,Regular
US_Election,@w_terrence,24,7.159035442279462e-05,1.7356871661720637e-07,13,Regular
US_Election,#WakeUpAmerica,51,0.00010831833916943424,4.6747114466483935e-07,1,Regular
US_Election,Number,17,5.772425864795391e-05,1.8089150478498151e-07,13,Regular
US_Election,Was,197,0.0003825023529492064,0.00024466735911486134,13,Regular
US_Election,Translation,3,4.3827043285692534e-05,0.0,2,Regular
US_Election,Make,156,0.0003921235497704367,1.9026459768802156e-05,13,Regular
US_Election,#VoteReady,148,0.000360294872974809,0.00025918143183010107,2,Regular
US_Election,Have,170,0.0004719182563122876,0.00026004296618434145,7,Regular
US_Election,Would,135,0.0002697350299682126,5.776552323515614e-06,13,Regular
US_Election,Stand,40,0.00011345086153768685,2.286506529792093e-06,13,Regular
US_Election,#CDC,40,9.527301231321719e-05,3.9429764632724355e-06,3,Regular
US_Election,Both,105,0.00022340372290019847,2.601710802398545e-05,13,Regular
US_Election,#UkraineGate,104,0.00032191659238072114,3.303338504627167e-05,1,Regular
US_Election,#November3rd,58,0.00011685793096376506,3.789008370124827e-06,2,Regular
US_Election,#Biden2020,462,0.0018871711701997807,0.001443175294169319,9,Regular
US_Election,#VoteBlueToSaveAmerica,240,0.0009668121748989851,0.0004741619770191693,2,Regular
US_Election,Poland,12,6.577551224776248e-05,2.1498613316963496e-06,13,Regular
US_Election,#ImpeachedForever,33,7.704003101908298e-05,9.475037018040986e-07,13,Regular
US_Election,#Senate,104,0.00024323052239301376,1.1410964971508204e-05,5,Regular
US_Election,Vadym,11,5.7149594489416046e-05,0.0,1,Regular
US_Election,@tteribul,11,8.36689770290765e-05,0.0,2,Regular
US_Election,#BoycottTrumpTownHall,127,0.0010459012366660534,1.6934614552519575e-05,2,Regular
US_Election,Anything,112,0.0008990440902058645,3.727371254010937e-06,2,Regular
US_Election,Less,30,8.660815663881304e-05,3.864608170097812e-07,13,Regular
US_Election,#RupertMurdoch,57,0.00016041975394746302,4.672810891763248e-06,2,Regular
US_Election,#Rudy,33,8.248532141696811e-05,1.3073633350725352e-07,1,Regular
US_Election,Judge,57,0.00012115183364316426,1.0726340453616259e-05,13,Regular
US_Election,#AmyComeyBarrett,36,7.705046409271698e-05,1.2859662929446253e-06,3,Regular
US_Election,Senate,256,0.0005689814739829994,0.00013146861960543451,1,Regular
US_Election,#civilrights,35,0.000127605254009338,6.524965802944302e-07,3,Regular
US_Election,@TheRickWilson,19,6.639483505156995e-05,4.6351334116917126e-08,13,Regular
US_Election,Early,31,9.06727867114523e-05,2.159482045633031e-06,13,Regular
US_Election,#vote2020,59,0.00016632264716295582,5.920489186441693e-06,3,Regular
US_Election,Jack,124,0.0003397918865675743,9.05628038220673e-05,1,Regular
US_Election,Locks,29,9.794649023580337e-05,1.2959405848602066e-07,1,Regular
US_Election,Tweet,66,0.00014614475475349477,1.2306236261005369e-05,3,Regular
US_Election,Out,182,0.00037403910410812506,5.1549636575235765e-05,1,Regular
US_Election,Something,27,7.251364035758929e-05,1.2554125852581287e-06,13,Regular
US_Election,Yeah,89,0.00017708300592297638,4.222257489567211e-06,13,Regular
US_Election,Trumps,142,0.0003072636008323966,4.22990498113361e-05,13,Regular
US_Election,Tonight,119,0.00026812276828830096,3.8126075271908715e-05,13,Regular
US_Election,Collins,10,5.1220785066830556e-05,0.0,13,Regular
US_Election,Air,42,0.00011065556139481879,3.636109651450592e-05,13,Regular
US_Election,#Noticias,12,5.514327031612195e-05,3.2529842946940237e-07,1,Regular
US_Election,Pretty,10,5.301851273395108e-05,0.0,13,Regular
US_Election,#FreeSpeech,51,0.00011822616658496337,4.261118506168165e-07,1,Regular
US_Election,Stock,20,8.13765240004079e-05,0.0,13,Regular
US_Election,Market,71,0.0001362244850661577,1.6076765401080535e-05,13,Regular
US_Election,Two,50,0.00011069820523547685,4.763479376373971e-08,13,Regular
US_Election,#email,33,7.958314786874503e-05,4.432293192222939e-06,1,Regular
US_Election,Russian,190,0.00046028170433003206,0.0003242392597909888,13,Regular
US_Election,#PutinsPuppet,70,0.00017583901199007203,2.61873735804632e-06,13,Regular
US_Election,#BountyGate,35,7.49298540682848e-05,3.452357724938106e-08,13,Regular
US_Election,@MarshaBlackburn,76,0.00018431322973653142,2.1336730363373083e-05,5,Regular
US_Election,Azerbaijan,18,7.344664610355842e-05,4.879367916098387e-07,13,Regular
US_Election,@kanyewest,7,4.560227204834395e-05,0.0,13,Regular
US_Election,#Artsakh,22,0.00022549915683721405,8.460883731175292e-06,4,Regular
US_Election,#Armenia,74,0.00033638872563720757,4.7352190142076824e-05,4,Regular
US_Election,Hitler,39,0.0001119395076224356,3.6213092235247357e-06,13,Regular
US_Election,Mexico,41,0.00010470924511065628,8.233320303312346e-07,13,Regular
US_Election,Republicans,242,0.0007353216106110297,0.0004437655204950782,12,Regular
US_Election,Anti,101,0.0007216045687690772,0.00024120218958880574,3,Regular
US_Election,Will,383,0.0009372448846479034,0.0003088253673843684,13,Regular
US_Election,Lincoln,42,0.00012003427079634712,2.0811457804226376e-06,13,Regular
US_Election,Many,86,0.00016272490630006955,1.8259644951109724e-06,13,Regular
US_Election,Best,57,0.00025643238027319614,7.171062170149514e-05,7,Regular
US_Election,Project,23,7.413017325414893e-05,4.628546992676177e-07,13,Regular
US_Election,#BIDEN,179,0.0004139915100739384,0.0007119240439907193,13,Regular
US_Election,#BlackLivesMatter,247,0.0007562236528588579,0.0002696722655897677,0,Regular
US_Election,West,17,6.189564597503177e-05,1.3196523956137243e-06,2,Regular
US_Election,Back,72,0.00016514975423013886,1.3872746670955336e-06,13,Regular
US_Election,Johnson,36,0.00010402354784960211,2.309743360844394e-05,13,Regular
US_Election,Build,34,9.373598344252347e-05,2.366887390167266e-07,13,Regular
US_Election,Better,82,0.00017402651795880603,1.15095378523196e-06,13,Regular
US_Election,Boris,14,6.641239785943503e-05,1.132330476847197e-07,13,Regular
US_Election,Think,87,0.00017968666890009186,3.345985636422912e-05,13,Regular
US_Election,Shouldn,34,8.101085417848302e-05,1.4851616901488132e-05,13,Regular
US_Election,#right,21,5.995167776285701e-05,1.3081742971409485e-07,3,Regular
US_Election,@GeorgeTakei,33,7.750479806371457e-05,8.129599281362748e-08,2,Regular
US_Election,Melania,80,0.00025999996104284764,1.8030281473317265e-05,13,Regular
US_Election,#25thAmendment,63,0.00011930652166002396,2.333866851625924e-06,2,Regular
US_Election,#COVID__19,286,0.000895318595888195,0.00037156610930700934,2,Regular
US_Election,@kylegriffin1,50,0.00011921733898151673,2.6944300741507157e-08,13,Regular
US_Election,Locked,37,9.221950950664291e-05,6.836222886990761e-08,1,Regular
US_Election,@gatewaypundit,67,0.00016154995478518796,1.0148988904657118e-05,1,Regular
US_Election,Secretary,57,0.00014792515749953311,1.108118357716114e-05,1,Regular
US_Election,Sharing,29,7.276983017386789e-05,1.7955605116068208e-06,1,Regular
US_Election,Turns,18,6.449969790359411e-05,2.2530646888733104e-07,13,Regular
US_Election,Really,104,0.0002098452751915648,8.47250627037897e-06,13,Regular
US_Election,@mmpadellan,70,0.00015906083614743006,1.2957509138449013e-05,2,Regular
US_Election,Perhaps,11,5.439935905107954e-05,3.4569046045077987e-08,13,Regular
US_Election,#BigTech,140,0.0003148552041325015,1.4222087782968085e-05,1,Regular
US_Election,#socialmedia,59,0.00013311344931977526,2.841960207852632e-05,3,Regular
US_Election,#impeachment,49,0.00010774684020807913,2.6016509454841966e-07,1,Regular
US_Election,Thats,18,6.256720203242632e-05,8.329038143022772e-06,13,Regular
US_Election,Trillion,12,6.128614292246569e-05,3.466416165284393e-07,13,Regular
US_Election,@atrupar,54,0.00012703359329650576,6.11684026664277e-07,13,Regular
US_Election,@cnn,92,0.0001973273071212463,8.173867275449622e-05,3,Regular
US_Election,Democrat,177,0.00048070726091041413,3.3377624239534354e-05,1,Regular
US_Election,Mary,28,7.955363670450512e-05,1.0733945295040876e-06,13,Regular
US_Election,Poll,70,0.00015015587097907073,1.0172908847904484e-05,13,Regular
US_Election,Voters,120,0.0002506004528191485,4.74552235039226e-05,13,Regular
US_Election,Blame,14,5.289588525862166e-05,1.0906742943569575e-07,13,Regular
US_Election,#Pelosi,125,0.00025311109646483377,2.7097902282312834e-05,13,Regular
US_Election,#Stimulus,22,6.789800301571682e-05,5.004919619882536e-06,13,Regular
US_Election,#Barr,47,0.00013798153420670743,3.0373430066419176e-06,13,Regular
US_Election,@NBC,167,0.0004414855077729898,2.3090352425356013e-05,2,Regular
US_Election,@ddale8,64,0.00017293593767808897,1.161769676233789e-05,13,Regular
US_Election,Military,10,5.327894080038889e-05,3.5547568697567335e-07,13,Regular
US_Election,@DrBiden,60,0.00013341328999955034,1.2269115699610817e-06,2,Regular
US_Election,Says,191,0.000376129969134608,0.0001001984069087792,13,Regular
US_Election,#BDS,23,0.00012566035494719616,7.313664377796626e-06,1,Regular
US_Election,#Jerusalem,42,0.0001170423109678864,1.0508416236754582e-05,0,Regular
US_Election,@MZHemingway,35,8.521081004633557e-05,3.806793708299214e-06,8,Regular
US_Election,#RudyGiuliani,132,0.00032648080665238674,4.756217752504641e-05,1,Regular
US_Election,Mayor,32,7.70337454605071e-05,2.1360130332685557e-06,3,Regular
US_Election,@DebraMessing,26,7.233601040144347e-05,1.2191025482870441e-05,2,Regular
US_Election,Watching,129,0.00037114712664934217,1.0939769376621198e-05,2,Regular
US_Election,#iowa,37,0.00010336629824537063,4.718924030812048e-06,3,Regular
US_Election,#TrumpsTheBiggestLiarEver,109,0.00046333181522862765,5.8344356665091595e-05,13,Regular
US_Election,Ukraine,364,0.0012603170202656188,0.000894880811231,1,Regular
US_Election,#Kentucky,25,7.424086150186103e-05,5.472083599370919e-07,13,Regular
US_Election,Dear,114,0.0002440247211209277,7.6949079439105e-06,13,Regular
US_Election,#energy,10,5.410040040021731e-05,6.184068558808121e-07,3,Regular
US_Election,#fracking,14,5.951469122117609e-05,1.1127947642419865e-06,3,Regular
US_Election,#oil,26,9.15738328498874e-05,4.495497643602937e-06,3,Regular
US_Election,Fracking,25,7.456818971017623e-05,4.441766135610407e-06,13,Regular
US_Election,Hits,50,0.00014143975554940704,3.955835675353701e-06,13,Regular
US_Election,Hands,18,7.997504100961928e-05,0.0,2,Regular
US_Election,His,410,0.001048445531019247,0.0009322204320337635,13,Regular
US_Election,#Melania,19,7.473612881445587e-05,2.320846500913984e-07,13,Regular
US_Election,Family,145,0.0003605498378016225,4.870737533190421e-05,1,Regular
US_Election,Reveals,49,0.0001230307808222763,1.4434848646603397e-06,1,Regular
US_Election,Men,32,8.046215045252764e-05,9.102862597695483e-07,13,Regular
US_Election,Much,35,0.00011274084313740516,2.4940775432674552e-06,2,Regular
US_Election,Very,83,0.0001709736823617965,1.301679674218045e-06,13,Regular
US_Election,Tested,21,6.897364755286173e-05,0.0,13,Regular
US_Election,Our,221,0.000515693670896628,0.0002455340461917845,13,Regular
US_Election,Bless,29,7.61768873346794e-05,9.77763200114009e-07,13,Regular
US_Election,First,135,0.0003689329439527826,0.00014162829512459762,13,Regular
US_Election,Young,16,6.432379493412146e-05,2.423738597351358e-07,2,Regular
US_Election,#IowaRally,35,9.141139916649644e-05,1.941588114768239e-06,13,Regular
US_Election,#resist,72,0.00021435809603691203,8.659250818419302e-06,3,Regular
US_Election,#USPolitics,77,0.00017906029445913344,9.997908992356016e-06,13,Regular
US_Election,Barr,70,0.0001795292856332607,2.941189563411953e-06,13,Regular
US_Election,#maddow,58,0.0002336190684832262,4.079871373322506e-05,5,Regular
US_Election,#TrumpIsACoward,72,0.00014916582196244953,3.857410019419653e-05,13,Regular
US_Election,Rachel,32,8.907254473116216e-05,1.2101198473439472e-06,1,Regular
US_Election,Dollar,12,6.425171344678957e-05,3.806765227282378e-07,13,Regular
US_Election,Support,79,0.00015092387998576345,1.9834980224092414e-06,13,Regular
US_Election,Five,18,6.63719130665044e-05,2.834287270368785e-06,13,Regular
US_Election,Bill,110,0.00024179362480245307,1.714868076859141e-05,13,Regular
US_Election,Donate,9,4.917310957730177e-05,0.0,2,Regular
US_Election,@katiecouric,43,0.00012171190782821053,5.195711188096127e-07,2,Regular
US_Election,Nope,27,7.718032309317551e-05,1.4154127644115636e-07,13,Regular
US_Election,#Elecciones,16,6.325118276049902e-05,5.070011244487823e-07,2,Regular
US_Election,Republican,170,0.00042827741172887806,0.00011958772143065222,13,Regular
US_Election,#Voting,48,9.752732230285937e-05,2.4862029322726795e-06,2,Regular
US_Election,#VoterSuppression,141,0.00043719706177180843,2.239972174910895e-05,2,Regular
US_Election,Security,75,0.00019352476365632094,1.1072906385943383e-06,13,Regular
US_Election,#Medicare,44,0.0001376193702686575,2.8876060424803352e-06,13,Regular
US_Election,Medicare,38,0.00012000451958828185,1.0480155405696612e-06,13,Regular
US_Election,Link,83,0.0002068477242769356,2.9291947010836846e-05,1,Regular
US_Election,#SocialSecurity,65,0.00016211806284088364,2.715057364307884e-06,13,Regular
US_Election,Social,126,0.0003027080045243779,6.246178161672998e-05,13,Regular
US_Election,Wrong,24,6.675318003588537e-05,5.687296305725298e-08,13,Regular
US_Election,#PreExistingConditions,12,5.397454365962164e-05,6.95336793329217e-09,13,Regular
US_Election,Does,116,0.00027324865602259066,1.3881104856779284e-05,13,Regular
US_Election,#MentalHealth,18,7.452649747608768e-05,1.2742452663245725e-06,1,Regular
US_Election,Fuck,49,0.0001227788498103489,4.481131757423227e-07,1,Regular
US_Election,#Azerbaijan,34,9.15440608032283e-05,1.8060559260971021e-06,13,Regular
US_Election,#Turkey,53,0.00012928621193259002,2.926906301427603e-06,13,Regular
US_Election,Hill,40,7.745859740858612e-05,1.9818300308525307e-06,3,Regular
US_Election,#RBG,148,0.0006666672394063687,0.00015344259499956698,0,Regular
US_Election,Sohnes,21,7.241675646918911e-05,1.3661012084094499e-06,1,Regular
US_Election,Der,51,0.00016876037954022298,2.6364312299651997e-05,0,Regular
US_Election,#Usa2020,34,0.000115920869194976,1.8627277508417704e-05,2,Regular
US_Election,#EstadosUnidos,36,0.00010993233593401191,5.418150502865348e-06,1,Regular
US_Election,#Georgia,49,0.0001284157273516017,9.622572264549282e-07,9,Regular
US_Election,Navy,26,8.829131818163023e-05,0.0,13,Regular
US_Election,#AmyConeyBarrettSCOTUS,14,5.425792984859571e-05,0.0,0,Regular
US_Election,#protest,51,0.0002191341116499134,2.2339480092468683e-05,0,Regular
US_Election,#TrumpGraveDancer,21,6.352061758704467e-05,9.449283899762306e-07,13,Regular
US_Election,#GOPHypocrisy,128,0.0005610494099340647,2.071277636285629e-05,2,Regular
US_Election,@abcnews,55,0.00016298995794056313,5.1177182947140376e-06,2,Regular
US_Election,Holds,50,0.0001606371509343304,7.642912681506328e-07,13,Regular
US_Election,Points,29,9.30600506595471e-05,8.729264371033256e-08,13,Regular
US_Election,Still,75,0.0001466866305943369,4.317928638644316e-07,13,Regular
US_Election,@CaslerNoel,14,5.2045182778593795e-05,0.0,2,Regular
US_Election,Excellent,22,6.289819995392536e-05,0.0,2,Regular
US_Election,#cdnpoli,38,0.00010060701200055315,6.403839874687051e-07,13,Regular
US_Election,#FBR,56,0.0002609223141110035,2.7068973620092428e-05,9,Regular
US_Election,#Resistance,43,9.904109841208224e-05,5.62509772081803e-07,2,Regular
US_Election,Message,45,0.0001382620922639472,1.558012668430686e-06,3,Regular
US_Election,#censored,23,6.402116307914414e-05,9.847963392896074e-07,1,Regular
US_Election,@RealJamesWoods,129,0.00037487113226298044,4.772866805769812e-06,1,Regular
US_Election,@JamesOKeefeIII,11,5.6227528563188866e-05,9.193549618867606e-07,1,Regular
US_Election,@DearAuntCrabby,10,4.855510956656585e-05,0.0,13,Regular
US_Election,Neither,39,8.655474015355113e-05,4.839945264224475e-06,13,Regular
US_Election,#campaign,106,0.000310363810671498,5.604633935053063e-06,13,Regular
US_Election,Campaign,223,0.0004827478292774119,0.000257597676436107,1,Regular
US_Election,Email,109,0.000364703350186207,0.00017200841651952243,1,Regular
US_Election,Call,57,0.00021875964929726522,6.175586113162131e-05,2,Regular
US_Election,Policy,61,0.00015434588743719276,1.2867887912603862e-05,1,Regular
US_Election,#ObamaBidenGate,86,0.00034442454536257836,8.384503177913896e-06,1,Regular
US_Election,Leaked,20,6.494394902427047e-05,2.396367509283187e-07,1,Regular
US_Election,Bombshell,88,0.00019708306424554988,3.917762825042804e-05,1,Regular
US_Election,Burisma,179,0.0004933711202483571,0.00012532698623744752,1,Regular
US_Election,@msnbc,40,0.00012785890575798804,1.0439521809395747e-06,2,Regular
US_Election,#HerdImmunity,30,0.00010526577272912913,7.052366287986196e-07,13,Regular
US_Election,#healthcare,89,0.0002210631906615874,3.7305133499157677e-06,13,Regular
US_Election,Making,40,9.578367211937688e-05,3.2804444370790073e-07,13,Regular
US_Election,Cancel,21,6.722767685686388e-05,3.695218387406696e-08,13,Regular
US_Election,#EricTrump,27,7.468591600356664e-05,7.524808352537271e-08,1,Regular
US_Election,#TrumpTaxReturns,135,0.00043402072784072294,2.544193125139494e-05,9,Regular
US_Election,Dump,30,0.00017857939721643173,1.2561730529871542e-06,13,Regular
US_Election,#TeamTrump,72,0.0002804578299401695,8.556124292315827e-06,1,Regular
US_Election,@CDCgov,9,5.061626334010868e-05,0.0,3,Regular
US_Election,#DrFauci,10,5.2946298737597035e-05,0.0,13,Regular
US_Election,@potus,38,8.51697986903885e-05,3.928993500698241e-08,13,Regular
US_Election,@nytimes,184,0.0003667097016175384,0.000335481843435247,2,Regular
US_Election,Donny,17,6.168043947264638e-05,1.4705482969054687e-07,13,Regular
US_Election,#swamp,16,5.442478313413667e-05,0.0,13,Regular
US_Election,#ThursdayThoughts,163,0.0003871604974133695,4.632907174107046e-05,6,Regular
US_Election,#BLACKPINK,23,7.360684312250378e-05,1.1559631212270529e-06,0,Regular
US_Election,#BlueWave,180,0.0005897609161074037,5.6818047854992705e-05,9,Regular
US_Election,#NYC,109,0.0003199644902105008,5.613631327140697e-05,0,Regular
US_Election,@MrTommyLand,10,4.966815801102327e-05,0.0,13,Regular
US_Election,Man,119,0.00026286863540964746,6.237576033706233e-05,13,Regular
US_Election,#QuidProJoe,43,0.00010398864433224531,2.495177271223744e-06,1,Regular
US_Election,#OctoberSurprise,53,0.00011070315504473366,1.020204303251369e-06,1,Regular
US_Election,Throw,29,7.224123935726239e-05,3.2865381359560105e-07,0,Regular
US_Election,Honestly,25,6.990341630426073e-05,0.0,13,Regular
US_Election,Lichtman,7,5.518669981004258e-05,0.0,2,Regular
US_Election,Politics,80,0.00022485463968282995,2.836669266687528e-06,1,Regular
US_Election,Embarrassing,13,5.8684850420154804e-05,5.748117491521527e-08,1,Regular
US_Election,#TrumperyResistance,6,5.221776956222498e-05,0.0,3,Regular
US_Election,Predicts,30,0.0001394562773912122,5.48995728964466e-07,2,Regular
US_Election,Ready,35,8.387271712967605e-05,1.3455990816201958e-07,13,Regular
US_Election,#whitehouse,84,0.0001548588529862412,7.974037214423159e-05,3,Regular
US_Election,#NewYorkPost,199,0.0006372702082945695,0.00010107962005521254,1,Regular
US_Election,Jordan,14,5.8574309339559995e-05,2.0250064532437053e-07,13,Regular
US_Election,Jim,30,0.00010001970035626519,3.3769417024658585e-06,13,Regular
US_Election,@BreitbartNews,155,0.0003046148509656659,0.0001290997535889592,1,Regular
US_Election,Thanks,121,0.0002393752882580729,3.894471614232161e-05,2,Regular
US_Election,@dbongino,130,0.0002617791046190414,2.5696260479293922e-05,1,Regular
US_Election,#ACA,95,0.00020762842214482947,2.8590943953321937e-05,0,Regular
US_Election,#FAIL,4,5.327880179357368e-05,0.0,13,Regular
US_Election,@gop,56,0.0001243546877394598,1.9412297543603217e-05,13,Regular
US_Election,Night,10,4.9889010638377545e-05,0.0,13,Regular
US_Election,#abc,69,0.00017486044237949191,1.3049441770429626e-06,3,Regular
US_Election,#NBCIsTrumpsAccomplice,112,0.0002949374291902646,4.0188780237860705e-05,2,Regular
US_Election,Live,101,0.00019065831005315846,8.024495545779703e-05,13,Regular
US_Election,#comedy,19,6.0365058635827614e-05,2.70719028292464e-07,3,Regular
US_Election,Song,20,8.164791510923376e-05,3.764128773215678e-07,3,Regular
US_Election,#NHS,2,7.349119009262566e-05,0.0,13,Regular
US_Election,Honor,10,5.38467876033225e-05,3.5638864921178346e-06,3,Regular
US_Election,#VoteRedToSaveAmerica2020,48,0.00010721692772011782,6.270250629082184e-07,1,Regular
US_Election,#WhiteSupremacist,10,5.4816638962707104e-05,0.0,13,Regular
US_Election,#DONALDTRUMP,23,0.00012019157681395186,3.78827005039959e-06,6,Regular
US_Election,Country,103,0.00018766229910520562,3.135250217016943e-05,13,Regular
US_Election,Italia,14,6.414476460920512e-05,6.888934946478777e-07,13,Regular
US_Election,#USA2020,24,7.23954448144959e-05,1.52634381442304e-07,2,Regular
US_Election,#facts,88,0.0002195057752893749,2.7984949960471714e-05,0,Regular
US_Election,#HunterLaptop,22,6.804583532038585e-05,1.1168383932087401e-07,1,Regular
US_Election,#Texas,190,0.0007202144051318164,0.00042653890342587834,9,Regular
US_Election,@TheDemCoalition,40,9.263606259153775e-05,9.947017851349618e-06,13,Regular
US_Election,@AmyMcGrathKY,16,6.309536390280824e-05,1.5453343933148262e-06,13,Regular
US_Election,#Colorado,53,0.00012313942823437743,1.2535361440211042e-06,0,Regular
US_Election,#FlipTheSenateBlue,62,0.0001304009682434725,8.69008178868133e-06,2,Regular
US_Election,#Alaska,35,9.571226547535476e-05,2.7190209286970738e-05,9,Regular
US_Election,About,220,0.00045186717132466767,7.235544765585167e-05,1,Regular
US_Election,Trade,26,6.914117234251891e-05,4.006076477236557e-06,13,Regular
US_Election,Por,30,8.841311114048174e-05,3.5902051401106343e-06,13,Regular
US_Election,Que,8,5.270843565398324e-05,5.760000390146237e-07,13,Regular
US_Election,Deal,30,8.511250319993434e-05,3.694348334138686e-06,13,Regular
US_Election,#TrumpPence,39,9.578698379085972e-05,5.108134619210456e-07,9,Regular
US_Election,Poor,29,7.878882008953329e-05,3.246183271740012e-07,13,Regular
US_Election,Green,35,0.00010557885860962521,1.2440954293948884e-05,0,Regular
US_Election,Class,25,7.263934027035542e-05,3.5751584181329434e-07,13,Regular
US_Election,Lying,37,8.444112277900169e-05,5.838347384538308e-07,13,Regular
US_Election,University,12,5.647667534170535e-05,5.5035167472014615e-08,13,Regular
US_Election,Game,37,0.00015291908088341754,2.5615433612470596e-06,13,Regular
US_Election,Off,79,0.00023721992161626366,1.7634127179758686e-05,13,Regular
US_Election,Fueled,29,0.0001553431363552069,2.920954749203437e-06,13,Regular
US_Election,Spread,37,0.00015771158696297122,4.880997685406296e-06,13,Regular
US_Election,Reports,25,0.00013790464957845572,2.7859893788015938e-06,13,Regular
US_Election,Briefings,27,0.00015394232314987932,2.436513905473997e-06,13,Regular
US_Election,Sell,23,0.0001397255326075344,1.6108752112372686e-06,13,Regular
US_Election,Stone,26,0.00012080217184797038,5.328369935134926e-07,13,Regular
US_Election,Bannon,37,0.0001433804186654868,3.462442799842582e-06,13,Regular
US_Election,Company,35,0.00011006289834140256,1.706528155912865e-06,13,Regular
US_Election,#TrumpMustGo,31,9.558520027475736e-05,1.6727910614605637e-07,13,Regular
US_Election,Steve,103,0.0002702069857614159,2.651337927989199e-05,13,Regular
US_Election,Manafort,31,0.00012514356911678774,1.2793377141161972e-06,13,Regular
US_Election,George,115,0.0002897796169110503,6.368431308624207e-06,13,Regular
US_Election,Epstein,31,9.864826934683074e-05,2.1136560882471254e-06,13,Regular
US_Election,Roger,29,0.00012364116818856005,2.15834642597721e-06,13,Regular
US_Election,Paul,40,0.00013159721775982304,1.9165577964412243e-06,13,Regular
US_Election,#OANN,27,7.443500660311153e-05,4.91753060153196e-07,5,Regular
US_Election,@ThePlumLineGS,33,9.516297835114093e-05,6.215849465504878e-06,1,Regular
US_Election,#BREAKING,93,0.00018139486107300953,1.952185284343088e-05,2,Regular
US_Election,#RepublicansForBiden,99,0.00021478744054334955,5.6187283966674986e-06,2,Regular
US_Election,#NewYork,138,0.0005557302747253701,1.5006457458408177e-05,0,Regular
US_Election,#electionday,35,0.00013785357802443318,5.61752804332367e-07,3,Regular
US_Election,#fake,25,8.364319328549676e-05,7.997671182777436e-07,3,Regular
US_Election,@MarkMeadows,23,7.410519882823053e-05,1.0202519559237311e-05,13,Regular
US_Election,Abraham,18,6.45490707116355e-05,2.574706754242099e-07,13,Regular
US_Election,#QAnon2020,4,4.6301624106600394e-05,0.0,13,Regular
US_Election,Since,70,0.0001407473113975438,9.971824508522868e-06,13,Regular
US_Election,Jersey,15,5.787897500863412e-05,7.721351854282647e-09,3,Regular
US_Election,Polls,46,0.00011035741039055615,1.727057213358705e-06,13,Regular
US_Election,Run,43,8.97116649738965e-05,3.350954355387106e-05,3,Regular
US_Election,Los,29,9.433126449736264e-05,3.418664837114847e-06,13,Regular
US_Election,#elecciones,22,6.220978062853298e-05,2.6127806779643302e-08,3,Regular
US_Election,@TuckerCarlson,170,0.00038662783937803345,0.00011310210949739096,2,Regular
US_Election,Calls,70,0.00014203853552836044,5.218647170405547e-06,1,Regular
US_Election,Violence,13,7.278024314398535e-05,2.2275191769024646e-07,13,Regular
US_Election,@HKrassenstein,43,9.931123476792858e-05,1.9490030586657596e-06,13,Regular
US_Election,Nixon,30,7.844477857150051e-05,9.799881266701705e-08,13,Regular
US_Election,Wow,131,0.00028899118233479966,4.743378426135642e-05,13,Regular
US_Election,@CuomoPrimeTime,27,9.550939084823898e-05,2.754110774896893e-07,13,Regular
US_Election,Bet,22,6.687385930790384e-05,1.9926807303941295e-07,2,Regular
US_Election,@MrMichaelBurkes,8,4.638815126615462e-05,0.0,13,Regular
US_Election,#BLEXIT,28,7.517984193596906e-05,4.079111392780205e-07,1,Regular
US_Election,Truth,178,0.00031551427531912695,0.00010710006572266543,13,Regular
US_Election,More,253,0.0005765892217857197,1.9636631463040284e-05,13,Regular
US_Election,Video,110,0.0002522143096196363,0.00011768760379003902,13,Regular
US_Election,#ACBHearings,63,0.000459467175522316,3.7291680396755478e-06,2,Regular
US_Election,Stay,48,0.00015379615698645223,1.1103273202824287e-06,1,Regular
US_Election,#socialism,35,0.00010089763318051175,1.5026152084465577e-05,3,Regular
US_Election,#JoeBidenForPresident2020,29,0.00011262913064720786,7.641692817731887e-07,2,Regular
US_Election,Down,60,0.00010417670962756552,4.72515287395384e-06,13,Regular
US_Election,#racism,87,0.0002793911393923223,4.179159027427923e-06,0,Regular
US_Election,Sympathy,16,0.00012578736556735577,0.0,13,Regular
US_Election,Nature,37,0.00012351054111282795,2.7210730199226524e-06,13,Regular
US_Election,Liberal,42,0.00016565796293354019,3.1683843673638364e-06,13,Regular
US_Election,#Michigan,116,0.0003272687652014081,3.1866585146149074e-05,9,Regular
US_Election,Business,75,0.0001949597629316538,1.2402345471088199e-06,13,Regular
US_Election,#PoliticalParties,7,5.320345586373752e-05,1.5676684067785983e-08,13,Regular
US_Election,Donnie,29,7.930468166325155e-05,1.1185385954395488e-06,13,Regular
US_Election,Double,21,6.637956257016158e-05,8.548147153151637e-08,2,Regular
US_Election,@Newsweek,28,7.153011044522008e-05,1.338825880616624e-06,2,Regular
US_Election,Laden,74,0.00021742113873963982,2.7078971348346487e-05,13,Regular
US_Election,Conspiracy,38,8.61494042817572e-05,3.32511898649482e-07,13,Regular
US_Election,#Liar,12,5.343285462325937e-05,0.0,13,Regular
US_Election,#TRUMP2020ToSaveAmerica,129,0.000278669109530911,1.007106559111695e-05,1,Regular
US_Election,@Timcast,53,0.00011706957306924394,2.080721585323832e-06,1,Regular
US_Election,#BidensUnitingUS,80,0.00015608729926048045,2.034149876830522e-06,2,Regular
US_Election,#Wisconsin,61,0.00017539460331273196,9.128527336502735e-06,9,Regular
US_Election,February,32,8.53417712125482e-05,4.41228987088215e-06,13,Regular
US_Election,Word,15,5.641881346940066e-05,6.27002335709147e-07,13,Regular
US_Election,#pence,30,8.680386938462964e-05,9.96728268176585e-07,3,Regular
US_Election,#EEUU,96,0.0003353115480712675,4.8656885726098e-05,1,Regular
US_Election,Canada,11,5.2903441877360526e-05,0.0,13,Regular
US_Election,Getting,7,4.648591225861382e-05,0.0,13,Regular
US_Election,Agree,11,5.212737225938212e-05,0.0,13,Regular
US_Election,Debate,113,0.00024079208906051768,3.66991177893381e-05,13,Regular
US_Election,Moderator,26,7.613096380866273e-05,2.7578604167487275e-07,13,Regular
US_Election,#JoeRogan,15,5.787711820430309e-05,0.0,2,Regular
US_Election,Almost,11,5.134551399789568e-05,0.0,3,Regular
US_Election,Website,22,8.438532549075303e-05,0.0,1,Regular
US_Election,#nypost,32,0.00010098019047532595,1.798303484590768e-06,1,Regular
US_Election,#EarlyVoting,58,0.00016091214353812256,4.165318829881627e-07,2,Regular
US_Election,#USPoli,16,0.00012092784064320838,0.0,13,Regular
US_Election,#TrumpIsLosing,57,0.00019135957556953642,1.7419902419994985e-06,13,Regular
US_Election,#EnoughIsEnough,21,0.00012118715323457034,2.9255398882548366e-07,13,Regular
US_Election,#TrumpIsUnwell,21,0.0001262263593288836,5.928971176007e-07,13,Regular
US_Election,@EricTrump,177,0.0005019994395506176,8.799582505206249e-05,13,Regular
US_Election,#makeamericagreatagain,38,0.0002547411521831119,2.945147096600166e-07,3,Regular
US_Election,#maga2020,70,0.00018027413229887364,1.6818402242778156e-05,3,Regular
US_Election,Explains,10,5.088568321515876e-05,0.0,2,Regular
US_Election,Joey,18,8.080207782770811e-05,3.962478426768318e-07,1,Regular
US_Election,Use,25,6.899474196609476e-05,8.68817153631528e-08,2,Regular
US_Election,Click,41,9.385028056007112e-05,1.739550348065154e-06,13,Regular
US_Election,Wait,55,0.00012108610586571088,2.686325168945423e-07,13,Regular
US_Election,#TIME,20,0.00011085595336788372,0.0,5,Regular
US_Election,#Coronavirus,425,0.00305290956407215,0.000767712883323389,0,Regular
US_Election,#COVIDIOT,24,6.642291864910615e-05,3.802945160842673e-06,2,Regular
US_Election,#elections,234,0.0006115823378085012,0.00011210665764258567,3,Regular
US_Election,#Sports,73,0.0003999385673761976,1.0781863489386699e-05,0,Regular
US_Election,#Football,81,0.0003643694747629565,1.0971074959169165e-05,0,Regular
US_Election,#NFL,68,0.00025620102036555235,1.949183776757223e-07,0,Regular
US_Election,College,21,8.740192065816285e-05,1.102807707559689e-06,13,Regular
US_Election,Law,115,0.00017629790025561507,4.400940855670828e-05,2,Regular
US_Election,Senator,98,0.00022287618451822053,1.8259917733799446e-05,13,Regular
US_Election,#Chinese,22,6.927068316079449e-05,4.3293399801307877e-07,1,Regular
US_Election,Second,36,8.968901486960129e-05,2.0568286743411407e-07,1,Regular
US_Election,#Australia,79,0.00020993136396423858,3.089157684535374e-05,0,Regular
US_Election,#Bloomberg,74,0.0001978151503980517,2.516225521549815e-06,1,Regular
US_Election,Block,25,7.88720474381458e-05,6.86030296344023e-07,13,Regular
US_Election,Report,103,0.00021475597390221697,3.7316558982101044e-05,1,Regular
US_Election,Whitehouse,29,9.950775326424144e-05,4.945111328848007e-07,13,Regular
US_Election,Dead,11,5.2278274853533714e-05,1.9152402449242416e-07,13,Regular
US_Election,Tax,73,0.0002484266912075761,0.00010144490899316877,9,Regular
US_Election,Records,43,9.257815309296393e-05,5.425941333321933e-06,3,Regular
US_Election,Wednesday,46,0.00013467470764050012,6.331729066626619e-07,13,Regular
US_Election,Courts,19,5.904164628462691e-05,2.5803467867681466e-08,13,Regular
US_Election,Women,46,0.00010023301896226927,6.667165982641301e-06,13,Regular
US_Election,Michigan,47,0.00021247728352191415,6.740943901428314e-06,9,Regular
US_Election,Wisconsin,41,0.00012525761404918475,8.692132334862036e-07,2,Regular
US_Election,#wtf,47,0.00022469307477642972,8.378677191898613e-05,3,Regular
US_Election,Pandemic,49,0.00015464273743223705,2.5063169706523737e-06,13,Regular
US_Election,Didn,73,0.00013709351062312698,6.223592611154445e-07,13,Regular
US_Election,#CoronaVirus,62,0.00014965224363448881,3.5784395053200073e-06,13,Regular
US_Election,Thread,16,6.649070891598494e-05,1.5526324675979713e-07,13,Regular
US_Election,#PresidentialElection2020,60,0.00012376237808612285,3.845634831023565e-06,1,Regular
US_Election,Shame,74,0.0002517554452362394,7.074311653934481e-07,2,Regular
US_Election,Earth,12,6.222559706195181e-05,9.129368966593003e-06,3,Regular
US_Election,@SenKamalaHarris,73,0.00015332059355614464,1.6599433400286127e-05,2,Regular
US_Election,Kavanaugh,11,5.4100638469665965e-05,0.0,13,Regular
US_Election,Nick,24,6.564608063296232e-05,7.697358581882358e-08,0,Regular
US_Election,Such,26,7.911462016300068e-05,8.697484979221917e-07,2,Regular
US_Election,Cool,10,4.907794153640422e-05,0.0,13,Regular
US_Election,Okay,21,6.639130002373446e-05,8.211596416459324e-08,2,Regular
US_Election,@TheRealHoarse,11,5.352299333189495e-05,0.0,2,Regular
US_Election,Seriously,36,9.357913274272967e-05,4.38551355533022e-07,13,Regular
US_Election,Supporting,7,4.8817082800108584e-05,0.0,13,Regular
US_Election,#hiphop,33,9.160941704834857e-05,1.8794337522664323e-06,3,Regular
US_Election,Scandal,48,0.00011665825093630446,3.23310781238846e-07,1,Regular
US_Election,Nazis,6,4.673161093164711e-05,0.0,2,Regular
US_Election,#VoteRedToSaveAmerica,125,0.0002496569988614609,2.356540603080734e-06,1,Regular
US_Election,Supporter,31,7.675955438442399e-05,2.280059331263671e-07,13,Regular
US_Election,Southwest,15,6.31501140869968e-05,0.0,13,Regular
US_Election,Lee,28,9.74349412205141e-05,1.9868041446735267e-07,13,Regular
US_Election,Based,5,4.4615027313579565e-05,0.0,13,Regular
US_Election,Person,15,6.788407444641221e-05,9.443713360279827e-08,13,Regular
US_Election,Force,29,7.803411393182116e-05,4.517055961854033e-06,1,Regular
US_Election,#Swamp,40,8.649728276743419e-05,1.489698579189451e-07,1,Regular
US_Election,#Hunter,250,0.0007558352735336201,0.00032721656919673675,1,Regular
US_Election,#Europe,151,0.0007084037013342385,0.00027109592191661266,0,Regular
US_Election,Keep,58,0.00011925954035532028,8.714421133194078e-06,13,Regular
US_Election,#freespeech,39,8.035975436032465e-05,1.0580012403709868e-06,3,Regular
US_Election,@twitter,52,0.0001278976250227747,4.2900084619524865e-06,1,Regular
US_Election,#liberty,21,6.379672640815038e-05,0.0,3,Regular
US_Election,Communist,56,0.0001380692531954376,4.6621611615908506e-07,1,Regular
US_Election,Care,88,0.0003308477576690624,2.8922085748318377e-05,13,Regular
US_Election,Analysis,58,0.000392361258957999,3.715223127026147e-05,1,Regular
US_Election,#NC2020,17,0.00013776107266092504,0.0,1,Regular
US_Election,#SwingState,57,0.0005187684393538674,4.6955406623372824e-05,9,Regular
US_Election,Carolina,85,0.0003049984506847613,5.4418659161926546e-05,1,Regular
US_Election,Syria,10,5.9931880018320604e-05,2.2890733373315813e-08,3,Regular
US_Election,Guys,8,4.616046597817458e-05,0.0,13,Regular
US_Election,#syria,17,0.0002148273192939698,0.0,4,Regular
US_Election,@JackPosobiec,46,9.887961334073053e-05,3.7794271792606915e-06,1,Regular
US_Election,Tech,122,0.0003723429075246124,7.471663810893854e-06,1,Regular
US_Election,Zuckerberg,19,8.338186276653499e-05,7.944552630558207e-08,2,Regular
US_Election,East,28,0.00010017158892686935,1.8802691444739098e-06,13,Regular
US_Election,Muslims,14,6.152492975757533e-05,0.0,13,Regular
US_Election,#Thailand,34,0.00010876016015749669,3.9009853401067135e-07,1,Regular
US_Election,#police,52,0.0002722204800410093,7.216284303978579e-05,0,Regular
US_Election,#Democracy,44,9.236218757659061e-05,1.0991919187560755e-06,1,Regular
US_Election,Leader,31,9.038294184272969e-05,1.6128372965439147e-05,13,Regular
US_Election,#Debate,85,0.00017511504565006825,1.3498012539792903e-05,13,Regular
US_Election,#american,13,5.538564177556842e-05,4.063206825698844e-07,3,Regular
US_Election,Yet,60,0.00013463488620483137,4.1543618842107656e-05,1,Regular
US_Election,#americans,10,5.029637410782112e-05,0.0,3,Regular
US_Election,@WSJ,63,0.00012912331715038194,5.413108661956302e-07,2,Regular
US_Election,#TrumpCovidHoax,76,0.0002006076933595743,1.2018642458713325e-06,13,Regular
US_Election,@VP,95,0.0002593472373928301,6.33966945472259e-05,13,Regular
US_Election,Bob,17,0.00012753888254796799,1.0903227827202603e-06,13,Regular
US_Election,Woodward,17,0.00012880895353772567,9.000254726552802e-07,13,Regular
US_Election,Nobel,54,0.00019996481306963518,1.1791193544983452e-06,13,Regular
US_Election,Yup,14,5.629970294383233e-05,0.0,2,Regular
US_Election,Sadly,13,5.289329002121958e-05,0.0,13,Regular
US_Election,#Mueller,26,6.851198947968159e-05,1.183771540535929e-06,1,Regular
US_Election,#TheResistance,40,0.00011501551805684412,5.563631528854391e-06,2,Regular
US_Election,#FBRParty,19,7.186685275827761e-05,1.9745441764768602e-08,2,Regular
US_Election,#funfacts,6,6.077926129423147e-05,0.0,0,Regular
US_Election,#Maddow,26,6.85994042176337e-05,1.7900711911312712e-08,13,Regular
US_Election,#RacistTrump,11,5.223205303480483e-05,5.623158415618885e-08,13,Regular
US_Election,Prize,35,0.00016107956963240083,6.411813528776672e-07,13,Regular
US_Election,Para,21,6.630605389861159e-05,2.971658422486894e-07,2,Regular
US_Election,Dan,36,9.065882431695315e-05,1.89387754340484e-06,13,Regular
US_Election,Using,77,0.0001779376085194477,1.7296476555854022e-05,13,Regular
US_Election,Lets,26,7.38347060630776e-05,1.8589064834168622e-06,13,Regular
US_Election,Fraud,14,6.570263366090134e-05,1.180356761540022e-07,13,Regular
US_Election,Fauci,53,0.000131082855894061,1.6875376315879717e-05,0,Regular
US_Election,Conservative,13,5.8495430319677666e-05,0.0,13,Regular
US_Election,Russians,23,7.237544267573092e-05,7.427762213070024e-08,13,Regular
US_Election,Amendment,28,7.784372719796701e-05,8.624870034415386e-07,13,Regular
US_Election,#ACB,83,0.0001637740422391108,8.139166624962931e-07,3,Regular
US_Election,#StreisandEffect,19,5.611658020522094e-05,0.0,1,Regular
US_Election,Fact,48,0.00012433146804879036,7.022332085797632e-06,13,Regular
US_Election,Iowans,12,5.894024070227681e-05,0.0,13,Regular
US_Election,#AmericasGreatestMistake,36,0.0002293402422223887,2.165916328414174e-05,9,Regular
US_Election,Hmm,23,7.788642013588257e-05,9.314837547344636e-07,13,Regular
US_Election,Red,70,0.00013662095079292142,9.110309451248862e-07,2,Regular
US_Election,Apparently,30,9.047055626788028e-05,0.0,13,Regular
US_Election,Billion,39,0.00010881771625190982,8.427315154325702e-06,1,Regular
US_Election,Forget,28,7.437885924963539e-05,1.8327331132387477e-07,13,Regular
US_Election,@davidmweissman,22,6.872934887194987e-05,1.142297930781593e-06,13,Regular
US_Election,Crooked,10,5.1641853200459775e-05,0.0,1,Regular
US_Election,Gee,7,4.610584765265066e-05,0.0,13,Regular
US_Election,Too,79,0.00015681276704912345,1.16405862874799e-06,13,Regular
US_Election,#polls,48,0.0001102212326603883,2.172330603207424e-06,13,Regular
US_Election,@therecount,5,4.659825041368238e-05,0.0,13,Regular
US_Election,#TrumpCrimeSyndicate,44,0.00010941599483550897,1.8302448611306762e-05,13,Regular
US_Election,@maggieNYT,13,5.4095261727288554e-05,0.0,3,Regular
US_Election,@Jack,38,9.496209839139895e-05,0.0,1,Regular
US_Election,Unfortunately,18,5.87003212092537e-05,5.0649206099748504e-08,13,Regular
US_Election,@SenThomTillis,13,5.860170378097707e-05,2.195973877830302e-06,13,Regular
US_Election,#Trump2020NowMoreThanEver,39,9.485256697122404e-05,1.0768596300584573e-07,1,Regular
US_Election,#Abortion,19,8.05703224778191e-05,1.109434438205375e-06,2,Regular
US_Election,Awesome,7,4.710363982054308e-05,0.0,13,Regular
US_Election,Except,10,5.1180410750353985e-05,0.0,13,Regular
US_Election,@megynkelly,14,6.136721543607379e-05,4.785910761078893e-08,13,Regular
US_Election,Doesn,99,0.00018689791531469881,1.414269778224794e-06,13,Regular
US_Election,Funny,49,0.00011074452172778402,1.5176012037358496e-07,13,Regular
US_Election,#Hannity,48,0.00010338244445156692,2.052756334150422e-06,5,Regular
US_Election,#ABC,342,0.001048697661810438,0.00039824804185831426,2,Regular
US_Election,#Tucker,21,6.406978044501967e-05,5.451955400045094e-07,1,Regular
US_Election,#Political,21,6.939121422705875e-05,7.99953223353785e-08,1,Regular
US_Election,Urges,28,0.00010834843485437095,0.0,13,Regular
US_Election,@benshapiro,78,0.00016192597068054158,1.5567590376973097e-06,1,Regular
US_Election,Jong,21,8.360281190593165e-05,7.467856652890268e-08,13,Regular
US_Election,Intelligence,23,7.716723031337989e-05,1.856380742303792e-06,13,Regular
US_Election,#virus,109,0.0003625468504689394,2.5716786987165234e-05,0,Regular
US_Election,#Kamala,46,0.00010059866371560762,4.477988916824143e-07,2,Regular
US_Election,#thursdayvibes,124,0.00026431113733779753,6.597265683297733e-06,1,Regular
US_Election,Andrew,13,5.742439750968164e-05,1.7071033943643408e-07,1,Regular
US_Election,@JoyVBehar,6,4.6217297664539415e-05,3.8423245264181326e-08,2,Regular
US_Election,Ted,35,9.93499067706832e-05,5.0573467436817e-06,1,Regular
US_Election,Sign,13,5.3701356163671994e-05,9.095922184385712e-08,13,Regular
US_Election,#GOPSuperSpreaders,28,7.5641911690438e-05,6.245384869431328e-08,2,Regular
US_Election,#Pennsylvania,144,0.00035036828052296336,0.00034638274475046795,9,Regular
US_Election,#joeBiden,38,8.476725957768145e-05,8.893503461532433e-08,1,Regular
US_Election,#ohio,79,0.0002589159562690796,1.505142565116832e-05,3,Regular
US_Election,#china,133,0.0002990460358975696,3.163434825082409e-05,1,Regular
US_Election,#florida,64,0.00022253245665676368,3.324750205683377e-05,3,Regular
US_Election,#economy,170,0.00037023891137774427,6.350312572316482e-05,3,Regular
US_Election,Tommy,21,8.232301109212793e-05,1.2650234823858805e-07,13,Regular
US_Election,Presidency,74,0.00014152557097383618,2.0354184397747655e-06,13,Regular
US_Election,@Acyn,21,6.948964810463658e-05,2.7275129867311697e-07,13,Regular
US_Election,#democrat,163,0.0006473530090287102,3.457288619152571e-05,3,Regular
US_Election,@Dknight10k,5,4.362570258953294e-05,0.0,2,Regular
US_Election,Miami,58,0.00018500240167890143,4.34212346818955e-05,13,Regular
US_Election,Investigation,26,7.324371782926482e-05,1.8634518605787809e-06,13,Regular
US_Election,Head,2,4.157369239768106e-05,0.0,3,Regular
US_Election,#Whitehouse,13,6.285756532381811e-05,3.7111394779819516e-07,13,Regular
US_Election,Blue,90,0.00020657136511036199,3.962378450247179e-06,2,Regular
US_Election,Has,164,0.00033982883624136064,0.00021467643867136916,13,Regular
US_Election,Set,34,7.865091023704711e-05,7.164857291884562e-07,13,Regular
US_Election,#terrorists,5,4.5104787675729336e-05,0.0,13,Regular
US_Election,County,12,5.3186073721156616e-05,7.282086244655577e-08,13,Regular
US_Election,Whitmer,10,5.397957184832307e-05,0.0,13,Regular
US_Election,Woman,25,7.837567269661421e-05,7.746278816834912e-06,13,Regular
US_Election,#SCOTUSHearing,52,0.00016272711384181742,2.5639324256823902e-05,2,Regular
US_Election,@cmclymer,4,4.4038940600488076e-05,0.0,13,Regular
US_Election,#TrumpKnewAndDidNothing,24,8.353505611778967e-05,5.065058408151539e-07,13,Regular
US_Election,#TrumpDeathToll215K,22,6.793679221058992e-05,5.7552488856277486e-06,13,Regular
US_Election,#SeniorCitizens,32,7.561787960909207e-05,2.70117483220868e-07,2,Regular
US_Election,@SouthwestAir,17,6.205071719606454e-05,2.623351171470976e-07,13,Regular
US_Election,Department,30,8.425249548595025e-05,3.3893231484227983e-07,13,Regular
US_Election,#NHL,28,0.00020169513976627413,0.0,3,Regular
US_Election,#NBA,96,0.0003306658628393221,6.83593927676287e-05,0,Regular
US_Election,#TrumpCorruption,36,0.0001718368455869443,1.2908957271308916e-05,13,Regular
US_Election,Honest,18,6.366125985870148e-05,4.785910761078893e-08,2,Regular
US_Election,#BlueWave2020,101,0.00021735762639889104,3.1473332696584205e-05,2,Regular
US_Election,#Genocide,25,9.17886508456898e-05,0.0,13,Regular
US_Election,#Ukrainian,67,0.00017072415095426024,1.1263133640939686e-05,1,Regular
US_Election,#impeached,27,7.220831954628444e-05,1.1753551411388272e-06,13,Regular
US_Election,#SwingStates,39,0.00018426106300627838,6.578283862190375e-07,1,Regular
US_Election,#SwingState2020,18,0.00015801044615649447,0.0,1,Regular
US_Election,Ipsos,44,0.00017606175881484547,7.466154315275099e-06,1,Regular
US_Election,#SwingStates2020,18,0.00015801044615649447,0.0,1,Regular
US_Election,Supreme,104,0.0002900481840810992,7.961962525586997e-05,13,Regular
US_Election,#Podcast,26,6.802419245539033e-05,5.2881717047921374e-08,13,Regular
US_Election,#criminal,6,4.563041558422553e-05,0.0,1,Regular
US_Election,Were,31,7.792756881315973e-05,4.006114165193316e-07,1,Regular
US_Election,Illegal,17,6.620914040152034e-05,1.6913394441424572e-07,13,Regular
US_Election,Event,50,0.00010824555850433075,1.744563365915346e-05,13,Regular
US_Election,#BlackTwitter,36,8.372093391652643e-05,1.0743507396643624e-05,2,Regular
US_Election,#UK,104,0.0005245820590789649,0.00012418551829632555,0,Regular
US_Election,#Pandemic,78,0.00019142497934128704,7.108024403657344e-06,1,Regular
US_Election,#BBC,67,0.00017811624848013916,3.32280202719949e-05,0,Regular
US_Election,Pack,22,6.549123027454825e-05,9.861304905669238e-07,2,Regular
US_Election,Friday,45,0.0001099527758220681,3.6196021103117766e-06,2,Regular
US_Election,#TrumpIsASuperSpreader,23,7.077744383165733e-05,3.7773066205617303e-06,13,Regular
US_Election,Exactly,67,0.0001197090730040235,4.369617792463079e-07,13,Regular
US_Election,#voteblue2020,23,0.0001378434620593951,2.1423740397971411e-07,3,Regular
US_Election,#rememberinnovember,11,0.00011914414661316452,0.0,3,Regular
US_Election,#humor,52,0.00010190805789558844,4.923937024524047e-05,3,Regular
US_Election,#republican,204,0.0008896326824842384,0.00020565986055186655,3,Regular
US_Election,Arif,7,5.7035641923797726e-05,0.0,13,Regular
US_Election,Sater,7,5.7568216066081085e-05,0.0,13,Regular
US_Election,#Freedom,39,8.205149785412021e-05,1.900464385237862e-06,0,Regular
US_Election,#corona,41,8.864764345351917e-05,6.330253719194327e-07,3,Regular
US_Election,#TrumpRussia,47,0.000212650323920585,1.1390312616193319e-06,13,Regular
US_Election,#Instagram,21,6.71985578490976e-05,3.9877170263928276e-07,13,Regular
US_Election,#Nasdaq,71,0.00023016016708743973,4.846239833622363e-07,0,Regular
US_Election,#Love,23,6.610017191268616e-05,1.1266998656050841e-06,3,Regular
US_Election,#Media,32,9.595962187254552e-05,0.0,1,Regular
US_Election,#hate,27,7.021359658700641e-05,3.244248902681117e-08,13,Regular
US_Election,#corrupt,35,8.949784706031679e-05,4.775905580427412e-07,1,Regular
US_Election,#Corrupt,36,0.00017092432359317166,6.633343183906457e-08,1,Regular
US_Election,Art,21,6.113902998513955e-05,5.249055741768471e-08,13,Regular
US_Election,#PBS,87,0.0003304357963739923,3.763819435075824e-05,5,Regular
US_Election,Talk,77,0.00015152183866684436,9.210367359434085e-06,13,Regular
US_Election,#JoeBiden2020,94,0.00027044177513149323,7.887709571096829e-06,1,Regular
US_Election,Him,163,0.0003179252040221853,0.00015422645282376596,13,Regular
US_Election,Talking,25,6.520316713663188e-05,0.0,13,Regular
US_Election,Point,30,7.188923710238103e-05,2.0337604950762004e-07,13,Regular
US_Election,#ChrisWallace,32,7.066553954957028e-05,2.985304154400805e-07,13,Regular
US_Election,@TMZ,13,5.2992507802553584e-05,7.51933974181595e-09,13,Regular
US_Election,#bias,28,7.479188887883747e-05,2.581089601798365e-08,1,Regular
US_Election,From,225,0.0004899006368969304,0.0001198457604204075,1,Regular
US_Election,Pro,48,0.00011940651978138315,7.813857462950703e-06,1,Regular
US_Election,Having,27,7.454672960023734e-05,5.465890770771008e-07,13,Regular
US_Election,Called,15,5.631975914839332e-05,7.219857718819309e-08,13,Regular
US_Election,Rep,28,7.458066184934855e-05,1.323980548528083e-06,1,Regular
US_Election,Meeting,43,9.27409291799747e-05,1.2240672740515469e-07,1,Regular
US_Election,#KyleRittenhouse,41,0.00010315963292587247,1.1854753051125034e-06,0,Regular
US_Election,#Hollywood,63,0.00011459235816583415,5.5310054507729965e-06,0,Regular
US_Election,#God,41,8.677446689150277e-05,3.2606243416306324e-06,3,Regular
US_Election,Yep,35,8.779715169997372e-05,8.311094802910243e-08,2,Regular
US_Election,#Regeneron,7,4.6110729959645996e-05,0.0,13,Regular
US_Election,#vaccine,42,9.722793153246683e-05,6.89734825606713e-07,3,Regular
US_Election,Instead,55,0.0002461123685853218,8.128933457976529e-05,2,Regular
US_Election,Sanders,6,5.081202916361608e-05,0.0,2,Regular
US_Election,Bernie,23,8.521529051227426e-05,4.817052224019652e-06,2,Regular
US_Election,#MAGA2020LandslideVictory,251,0.0006989107993138022,3.076004003651842e-05,1,Regular
US_Election,@GOPChairwoman,59,0.00020299194840654966,5.59660694522508e-06,13,Regular
US_Election,Health,40,8.806454893088782e-05,4.0793150357936373e-07,13,Regular
US_Election,Cruz,50,0.00012658553846679375,9.224834636858118e-06,1,Regular
US_Election,Parler,9,4.732982852133601e-05,0.0,1,Regular
US_Election,Ugh,12,5.239212073768777e-05,1.1157639936000738e-07,13,Regular
US_Election,#ChinaVirus,56,0.00010799068837452389,5.240966781030385e-07,1,Regular
US_Election,January,32,0.00013616920005724497,1.936973543474851e-05,13,Regular
US_Election,#LIES,11,5.11937126547686e-05,0.0,13,Regular
US_Election,Jan,33,8.023065574346977e-05,4.428094754013016e-07,13,Regular
US_Election,Aren,13,7.023515198818741e-05,0.0,1,Regular
US_Election,Democracy,34,8.644647646990183e-05,4.1720207599753016e-08,13,Regular
US_Election,Sometimes,14,5.291759653752594e-05,1.8485926480165854e-07,13,Regular
US_Election,#GOPCorruptionOverCountry,84,0.00018059830941502406,8.674230377240265e-07,13,Regular
US_Election,@joncoopertweets,58,0.00017278289076607344,1.463293370678173e-05,2,Regular
US_Election,Crazy,42,9.983230645302733e-05,4.746040269145695e-07,13,Regular
US_Election,#CWBA,25,8.50992567393624e-05,3.8666255190301673e-07,13,Regular
US_Election,Prez,21,6.650688983682733e-05,3.6341401025733463e-07,13,Regular
US_Election,Save,28,7.577644567272876e-05,1.3685994027432207e-08,13,Regular
US_Election,Este,11,0.0001117970904152442,9.005313132887541e-07,2,Regular
US_Election,@ImagenTVMex,7,0.0001396843575397225,0.0,2,Regular
US_Election,Superspreader,16,5.950815916168714e-05,2.7517583736007308e-08,13,Regular
US_Election,Mnuchin,19,6.730961884860635e-05,3.0650661690013574e-07,13,Regular
US_Election,#EU,71,0.00019390668100500107,5.7606443242423413e-05,0,Regular
US_Election,#Antifa,83,0.0002999571695420913,2.5262907195906446e-05,0,Regular
US_Election,Secret,16,6.611730573204861e-05,2.9978714081230143e-08,1,Regular
US_Election,#TrumpIsARacist,153,0.0004302932187354936,8.752894704013648e-05,13,Regular
US_Election,#TrumpIsBroke,46,0.00011831785219743899,2.3962430402655765e-05,13,Regular
US_Election,#MedicareForAll,15,6.264359651483602e-05,6.489643759832424e-07,13,Regular
US_Election,#Donald,24,7.722906517914348e-05,4.643182229663312e-07,13,Regular
US_Election,Lives,21,7.411323182217317e-05,1.430583601342342e-07,3,Regular
US_Election,Wanted,39,9.138130578573438e-05,3.2095188503388156e-07,1,Regular
US_Election,#Rally,61,0.0001330228572375318,1.8364534332376064e-06,13,Regular
US_Election,Last,52,0.00010585731468370966,1.2144880633456264e-07,13,Regular
US_Election,@ChrisCuomo,43,0.00010918322465365308,6.3601826631157555e-06,2,Regular
US_Election,#scotus,50,9.455750953032055e-05,2.0410658215154054e-06,3,Regular
US_Election,@realdonaldtrump,87,0.00027097859366211134,0.0003487731106930899,3,Regular
US_Election,#Liberals,38,7.983620778936857e-05,3.6431730580066014e-08,1,Regular
US_Election,@TheJusticeDept,94,0.00018733587651492217,1.6648367300392992e-05,2,Regular
US_Election,Tom,6,4.5692722661392725e-05,0.0,13,Regular
US_Election,#WhiteSupremacy,25,6.811104291494566e-05,5.314731091237477e-08,13,Regular
US_Election,#BurismaGate,41,0.00012017325794408274,2.340835246958525e-06,1,Regular
US_Election,#WheresHunter,108,0.00025172986383158527,1.1200007096899252e-05,1,Regular
US_Election,#BurismaBribedBiden,52,0.00012814332259304215,1.1821152637679566e-05,1,Regular
US_Election,#RussiaHoax,50,0.00012144306291902036,8.459348547233572e-07,1,Regular
US_Election,#votered,53,9.783970444181953e-05,1.5684971694624348e-06,3,Regular
US_Election,Try,13,5.479615120783176e-05,2.3059149225085165e-08,13,Regular
US_Election,@TrumpWarRoom,97,0.00019837260994528893,7.983023850551288e-07,1,Regular
US_Election,International,34,7.870141250155847e-05,2.1202072714628582e-08,13,Regular
US_Election,#OperationMAGA,67,0.0006116811586667777,7.408258231492427e-05,3,Regular
US_Election,#TrumpLiesPeopleDie,20,0.00010504141012663347,4.931663924797155e-06,13,Regular
US_Election,#TrumpHasNoPlan,8,4.908546967478655e-05,0.0,13,Regular
US_Election,Media,188,0.0005022742812680794,0.00011430319669029135,1,Regular
US_Election,Interview,20,6.30636710981895e-05,2.2364979343220778e-07,13,Regular
US_Election,#USElections2020,84,0.00022570835429608165,8.732810151053306e-06,1,Regular
US_Election,#fascism,15,5.777612859120227e-05,9.947938952003398e-07,3,Regular
US_Election,Team,104,0.0002587222330805319,6.373375906479059e-05,1,Regular
US_Election,Claim,40,9.148049681100156e-05,5.747776588107909e-07,13,Regular
US_Election,Even,210,0.00042344139812746924,7.904759777479443e-05,13,Regular
US_Election,#RepublicanParty,24,7.192230638168275e-05,2.586652871184687e-08,13,Regular
US_Election,@HuffPostPol,36,8.866220926761326e-05,6.472227166021855e-07,13,Regular
US_Election,South,27,0.00010077331240644653,6.346017929684684e-07,3,Regular
US_Election,#conservative,85,0.00048443360386856706,0.00013939374953062696,3,Regular
US_Election,Disinformation,30,7.6955292137086e-05,3.7617738491869415e-06,3,Regular
US_Election,#Russians,26,7.158205483701635e-05,9.744854780078479e-08,13,Regular
US_Election,#Iowans,16,5.591394928758617e-05,0.0,13,Regular
US_Election,#LockHimUp,17,6.239912497383756e-05,1.7382178986054615e-07,13,Regular
US_Election,#msm,24,7.190286753303376e-05,9.948664889171874e-09,3,Regular
US_Election,@RepsForBiden,11,5.636814297176229e-05,0.0,2,Regular
US_Election,#WalkAwayFromDemocrats,15,5.546529967486346e-05,3.054201748313659e-07,1,Regular
US_Election,Links,25,7.113169773625975e-05,3.5009054700804984e-07,1,Regular
US_Election,#racist,36,8.8426441707884e-05,6.457564268801113e-07,13,Regular
US_Election,#Mexico,47,9.538104781399572e-05,7.391908210785308e-06,0,Regular
US_Election,Wants,39,8.818628477427602e-05,2.322805598916276e-06,13,Regular
US_Election,#blm,152,0.0009515111048852017,0.0005761941470996066,3,Regular
US_Election,#Netflix,45,0.00014107122069608087,7.140534407041568e-07,0,Regular
US_Election,Party,176,0.0005061782036345933,8.619780064756942e-05,8,Regular
US_Election,Again,103,0.0002605654929620671,2.6577514656849106e-05,13,Regular
US_Election,#WallStreet,72,0.00014018486653529996,1.471903575940747e-05,0,Regular
US_Election,Hell,28,7.911695902113115e-05,1.0882046703048013e-07,13,Regular
US_Election,Period,9,4.8368419608383496e-05,0.0,13,Regular
US_Election,#Arizona2020,17,0.00011865739738850879,0.0,1,Regular
US_Election,#AZ2020,17,0.00011865739738850879,0.0,1,Regular
US_Election,Arizona,56,0.00017251767624810733,5.750897315973102e-07,1,Regular
US_Election,#VoteBlueNoMatterWho,14,5.376096943922452e-05,0.0,13,Regular
US_Election,Christmas,40,9.56136593128818e-05,9.809745711232168e-06,13,Regular
US_Election,#trumpisthebiggestliarever,44,0.00019327160497717585,7.374098108606942e-07,2,Regular
US_Election,See,76,0.00015918616739925607,6.866460537219855e-07,13,Regular
US_Election,#TrumpProtest,5,6.980892655021397e-05,0.0,13,Regular
US_Election,Iran,75,0.0001908524522320677,3.377526672789435e-05,13,Regular
US_Election,Official,42,9.150681473184955e-05,5.2205915150703675e-06,1,Regular
US_Election,#Washington,34,8.376477047772294e-05,1.7725833695100025e-06,0,Regular
US_Election,#Erdogan,42,0.0001563761741912277,1.6127388323442375e-05,0,Regular
US_Election,#Syria,18,6.23768620443546e-05,6.537694070027231e-08,13,Regular
US_Election,#LIVE,25,7.793648953646889e-05,3.111770658744279e-07,13,Regular
US_Election,Until,32,7.536575682364597e-05,1.665551460939732e-07,13,Regular
US_Election,#psychotrumpvspsychofiance,16,5.8919884467038044e-05,4.384157408787605e-08,3,Regular
US_Election,#HunterBidenCrackPipe,36,0.00010538957760071719,3.599146267560783e-08,1,Regular
US_Election,Shady,8,4.676499599852499e-05,0.0,3,Regular
US_Election,Free,74,0.00015275214472181662,3.506775940277189e-05,13,Regular
US_Election,Pre,37,8.237319864579085e-05,5.7758947143776625e-06,13,Regular
US_Election,Rich,69,0.00015219243159451685,1.551013031395364e-05,13,Regular
US_Election,#Pakistan,9,4.985643575228788e-05,0.0,13,Regular
US_Election,#Taliban,12,5.8092797370496256e-05,2.3586799247733803e-07,13,Regular
US_Election,#Afghanistan,10,5.370857281436893e-05,8.344041519950603e-08,13,Regular
US_Election,#movies,57,0.0002193515940663314,9.381011670986132e-07,0,Regular
US_Election,#women,78,0.0001874890638754351,4.324126866137382e-05,5,Regular
US_Election,#tshirt,37,9.727715724609863e-05,4.079514102486253e-05,3,Regular
US_Election,#VoteTrumpOut2020,46,0.00013655881045749002,2.3238893406235435e-06,2,Regular
US_Election,#poll,36,8.941502051435993e-05,3.3657643450914096e-07,2,Regular
US_Election,#CrookedHillary,4,4.4368032097462715e-05,0.0,1,Regular
US_Election,Matter,21,7.358686368302169e-05,1.080644743582983e-06,3,Regular
US_Election,Stephanopoulos,39,0.00010971741015998671,0.0,13,Regular
US_Election,Dem,88,0.00023737867386843702,1.0699274787030165e-05,12,Regular
US_Election,Rule,20,7.148787174870861e-05,2.3564846868612914e-07,1,Regular
US_Election,Hijo,8,4.888320729542584e-05,0.0,13,Regular
US_Election,#ShameonNBC,23,6.836038020793019e-05,8.159092603054852e-08,2,Regular
US_Election,Completely,12,5.953523337240208e-05,3.36732465979125e-08,13,Regular
US_Election,#AmericanPeople,23,0.00013676358277831406,1.6867611098255514e-07,1,Regular
US_Election,@JoeNBC,113,0.0002552151001452902,4.5090574314562565e-05,2,Regular
US_Election,Maidan,11,0.00011716847770386689,0.0,1,Regular
US_Election,Hold,39,8.020966485300677e-05,7.391139345044661e-07,13,Regular
US_Election,#misinformation,15,5.38189456488953e-05,1.929003124800026e-07,13,Regular
US_Election,Virus,57,0.00015824185410372825,1.0772997061011892e-05,13,Regular
US_Election,@seanhannity,154,0.0003396383242293905,8.148360682808459e-05,2,Regular
US_Election,#trending,54,0.00026932596144416744,7.192949905770266e-05,6,Regular
US_Election,#trumpmemes,37,0.00021403472217730037,4.436797377675278e-09,3,Regular
US_Election,#funny,55,0.0001216045738074225,9.598571098736773e-05,3,Regular
US_Election,#video,17,5.8715815698320856e-05,1.5746359124700467e-06,3,Regular
US_Election,Wtf,3,4.184655711570805e-05,0.0,13,Regular
US_Election,@NewYorker,19,6.59576179146478e-05,8.482567316858985e-08,13,Regular
US_Election,Criminal,51,0.00011895853829904365,3.4576232881131106e-06,1,Regular
US_Election,#ContractWithBlackAmerica,14,5.731148871443037e-05,0.0,13,Regular
US_Election,Shit,59,0.00010627397656277412,1.2012746522334774e-06,13,Regular
US_Election,Hopefully,32,8.561173128539753e-05,2.0974299733288366e-05,13,Regular
US_Election,Portland,25,0.00019695228510167515,3.0457557617412766e-08,2,Regular
US_Election,#Fauci,129,0.00028157402843955197,3.208145015161424e-05,0,Regular
US_Election,During,65,0.0001490503843232332,6.561074133512891e-06,13,Regular
US_Election,Questions,29,7.874993063919356e-05,5.82670095456749e-07,13,Regular
US_Election,#PresidentialElection,101,0.00020815266289401049,1.1738668612554121e-05,1,Regular
US_Election,#Justice,37,9.237581920736807e-05,6.712970228546615e-06,0,Regular
US_Election,Lots,6,4.415499767664396e-05,0.0,13,Regular
US_Election,#Court,25,7.904047477784279e-05,4.299668017664612e-08,0,Regular
US_Election,July,19,7.239898811411135e-05,1.5518999484936922e-05,0,Regular
US_Election,@SenateGOP,92,0.0003022037008855563,2.018574044118146e-05,13,Regular
US_Election,#Virus,60,0.00018310928186194642,3.825342012309833e-05,0,Regular
US_Election,#TrumpMeltdown,45,0.0001030830851083199,4.978591130368707e-07,2,Regular
US_Election,#truth,123,0.000244817153384131,0.00017888643693119452,3,Regular
US_Election,#TheHill,10,5.937862754663948e-05,4.1433798851928626e-08,13,Regular
US_Election,#NYT,23,8.172497826065494e-05,1.5684233469406719e-06,5,Regular
US_Election,#PelosiMustGo,10,5.078445434110375e-05,0.0,3,Regular
US_Election,Former,54,0.00011162028684120527,1.8157033741712183e-07,1,Regular
US_Election,Times,54,0.0001277101099948431,4.472087162624947e-06,13,Regular
US_Election,#Lies,23,7.041470238591376e-05,1.2739071197426089e-07,1,Regular
US_Election,Google,48,0.00011150787610286873,1.1280905002214438e-07,1,Regular
US_Election,#google,6,4.515703868643141e-05,0.0,3,Regular
US_Election,#Israel,93,0.0002893691517495878,9.773344290581529e-05,0,Regular
US_Election,#Russian,81,0.00027450602026309734,6.389814279996935e-06,1,Regular
US_Election,Con,21,6.705189508040989e-05,1.3275128407476175e-06,13,Regular
US_Election,#Cuba,57,0.00013256657069687038,8.184943116675213e-05,0,Regular
US_Election,#WilliamBarr,22,0.00016344277702430696,1.1915157499789851e-07,5,Regular
US_Election,@IngrahamAngle,88,0.00020965568554966217,1.40361915978883e-05,2,Regular
US_Election,Congress,68,0.00014339152192674914,1.989150874491904e-05,13,Regular
US_Election,@B52Malmet,6,4.5659305859291356e-05,0.0,3,Regular
US_Election,Personally,13,5.4942113283115354e-05,0.0,13,Regular
US_Election,#DontBelieveArmenia,22,0.00022570529387060112,9.139564251884566e-06,4,Regular
US_Election,Armenia,7,5.387721301992471e-05,8.238968404514188e-08,13,Regular
US_Election,Needs,18,5.969097267755335e-05,5.312782099045854e-06,1,Regular
US_Election,#JoeBidenIsSick,92,0.0002770738135486702,2.4375209470139615e-05,1,Regular
US_Election,May,48,0.00010658194414834052,3.064428723461965e-05,13,Regular
US_Election,Typical,16,5.923825654706835e-05,0.0,13,Regular
US_Election,Chinese,195,0.0007979393478567931,0.0002208704035082727,1,Regular
US_Election,Moscow,15,5.6815385641290674e-05,1.237632952719946e-07,13,Regular
US_Election,True,47,0.00010574127374892642,5.030612385445293e-06,13,Regular
US_Election,Sept,19,6.409060023338818e-05,2.4398312267957903e-06,13,Regular
US_Election,Long,29,8.022521574590107e-05,3.8486021270528436e-07,13,Regular
US_Election,Either,22,6.907387557001097e-05,2.439970418016562e-07,13,Regular
US_Election,Despite,23,6.821813683493457e-05,8.241638813197832e-07,13,Regular
US_Election,Way,51,0.00011054017843906246,1.1201570655052446e-05,1,Regular
US_Election,Himself,20,6.30602577754781e-05,0.0,13,Regular
US_Election,Nation,35,9.845073679438583e-05,7.390436774813392e-08,13,Regular
US_Election,#Halloween,40,9.438279084180294e-05,6.217607117499344e-07,0,Regular
US_Election,Others,16,5.8611181088230875e-05,1.1690348418831208e-07,13,Regular
US_Election,@nbcnews,24,7.580222501345408e-05,0.0,13,Regular
US_Election,Soon,9,5.167516521343561e-05,1.8088481616676134e-08,13,Regular
US_Election,#TrumpsAmerica,22,0.00010261686395402241,6.730031151911845e-06,13,Regular
US_Election,#TrumpCrimeFamilyForPrison,13,5.605478044071175e-05,0.0,13,Regular
US_Election,Reuters,36,9.507499855015374e-05,4.019123328806415e-06,2,Regular
US_Election,Group,69,0.0001690031308270187,1.6925335695498737e-05,13,Regular
US_Election,@BillKristol,41,9.719507062569521e-05,8.760579686145322e-06,13,Regular
US_Election,Shirt,31,8.879831536827894e-05,2.1746522057940035e-06,2,Regular
US_Election,Walter,16,5.483922273132081e-05,0.0,13,Regular
US_Election,Carlson,33,9.675499504385036e-05,1.2620442432524544e-06,1,Regular
US_Election,Jimmy,14,5.757281645547588e-05,2.8424756826205353e-08,13,Regular
US_Election,Tucker,42,0.00011049045809174326,2.0465984891044052e-06,1,Regular
US_Election,#FacebookCensorship,52,0.00016071698325814102,3.611974701105962e-07,1,Regular
US_Election,#Burisma,343,0.0013133526931043168,0.0004834113856692048,1,Regular
US_Election,#GOTV,8,4.843418983004333e-05,5.462392353054082e-08,2,Regular
US_Election,#TraitorTrump,89,0.000312280934653933,5.2830627023116914e-05,9,Regular
US_Election,#VoteByMail,28,7.347461749313241e-05,3.7550264381571327e-07,5,Regular
US_Election,@NOS,15,8.818097908210624e-05,2.4443424900409306e-07,1,Regular
US_Election,History,29,7.898881949685451e-05,7.551250810008225e-08,13,Regular
US_Election,@chucktodd,88,0.00017905908540597962,1.534851353254599e-05,2,Regular
US_Election,@AriMelber,23,7.631241172670547e-05,7.16511125559059e-07,2,Regular
US_Election,#NBCboycott,135,0.00036434195842902176,6.5149930527451045e-06,2,Regular
US_Election,Imagine,64,0.0001451654756334474,1.4101439209305416e-06,1,Regular
US_Election,#Japan,32,8.453105209323003e-05,7.632673139469585e-07,0,Regular
US_Election,#PenceStench,20,0.00011153607873655411,1.1154085132357247e-07,13,Regular
US_Election,#abortion,50,0.00014764804279229898,4.0919218617245115e-06,13,Regular
US_Election,Tiffany,32,0.0001274036959746078,4.128811708453303e-06,13,Regular
US_Election,@IvankaTrump,85,0.00030159561063953665,4.4857027610025426e-05,13,Regular
US_Election,#qanon,66,0.000294881153939132,1.8284536292473215e-05,3,Regular
US_Election,#TrumpStump,22,0.00011515060178823966,2.2382968902810957e-06,13,Regular
US_Election,Mike,63,0.00017281433228983365,4.628119309874143e-06,13,Regular
US_Election,#NBCNewsIsASellout,47,0.00016923311637023167,2.0527637353951856e-07,2,Regular
US_Election,Turned,5,4.843993056008852e-05,0.0,13,Regular
US_Election,Into,12,5.6428946179142234e-05,7.805106036082802e-08,13,Regular
US_Election,Cash,25,0.0001061146188242855,6.311782528458463e-07,1,Regular
US_Election,Before,97,0.0001843719838822412,3.598405446945511e-05,13,Regular
US_Election,#Miami,159,0.0004507690277455865,1.2290480653790082e-05,0,Regular
US_Election,#Houston,46,0.00010042612113886946,5.297284499589101e-07,0,Regular
US_Election,Criminals,25,6.329091382221821e-05,1.9408019704330747e-07,13,Regular
US_Election,#NotMyPresident,46,0.00010152805973864694,1.7646397631449122e-06,2,Regular
US_Election,Never,122,0.00036482796318440926,6.629662638755472e-06,13,Regular
US_Election,Working,22,6.656577179689615e-05,0.0,13,Regular
US_Election,Obviously,6,4.577786554454547e-05,0.0,13,Regular
US_Election,Giving,20,6.832470051241871e-05,1.591799931691932e-07,13,Regular
US_Election,Said,33,7.686613111941964e-05,2.0345066658583794e-07,13,Regular
US_Election,#Censorship,126,0.0003087959964823265,5.9138594775212095e-06,1,Regular
US_Election,Nice,51,0.00011107798445752352,1.4171383686185954e-06,3,Regular
US_Election,Feb,9,4.9429130845037134e-05,0.0,13,Regular
US_Election,@RVAT2020,22,8.004792754240885e-05,3.5469474489549712e-06,3,Regular
US_Election,#joe,20,7.391163926386564e-05,1.981938775164635e-06,3,Regular
US_Election,Hahahaha,26,6.305569434072523e-05,1.2317394624688986e-07,1,Regular
US_Election,Whether,51,0.00010516702330147353,2.2432180729525195e-05,13,Regular
US_Election,#negligenthomicide,20,0.00047490355754333197,2.1545205902586533e-05,3,Regular
US_Election,#Laptop,28,7.227362772609738e-05,1.8322657966704486e-08,1,Regular
US_Election,@brianstelter,12,5.657753715781365e-05,0.0,13,Regular
US_Election,Being,52,0.00012785806489823745,3.478259420897639e-06,1,Regular
US_Election,Ratings,46,0.00011629580371736263,2.0473301230405185e-05,13,Regular
US_Election,@NUnl,4,5.5939479148788166e-05,0.0,13,Regular
US_Election,#gay,21,8.362584293724953e-05,3.9310096036146907e-07,3,Regular
US_Election,@TiffanyATrump,25,9.834807706736296e-05,2.7192620308175686e-06,13,Regular
US_Election,@nbcsnl,11,5.1038013540120924e-05,0.0,2,Regular
US_Election,Love,99,0.0002762799106227714,7.724152449223956e-05,2,Regular
US_Election,#TrumpLied200KDied,132,0.00036404151188130807,7.415138565642913e-05,13,Regular
US_Election,Meet,19,6.433485585123771e-05,5.0649206099748504e-08,1,Regular
US_Election,Without,22,7.537861198055764e-05,1.657688159164073e-07,13,Regular
US_Election,#CORONAVIRUS,35,0.00010196605128381932,1.2289651922802548e-06,2,Regular
US_Election,#keepamericagreat,35,0.000252574938124627,2.647812100359479e-07,3,Regular
US_Election,#trumpsupporters,34,0.00022946371690866563,1.174443733593952e-06,3,Regular
US_Election,#alllivesmatter,46,0.00013462946186688625,3.0613115568771554e-06,3,Regular
US_Election,#BidenLies,24,7.285636334550183e-05,1.0514849069856453e-08,1,Regular
US_Election,#HarrisBiden2020,24,7.069702819625847e-05,4.069246590034447e-08,1,Regular
US_Election,Esto,3,4.556808127375382e-05,0.0,13,Regular
US_Election,Democratic,189,0.0005849611232031836,4.377250927330349e-05,8,Regular
US_Election,#Oregon,41,0.00011635456912283155,8.132033653434587e-07,0,Regular
US_Election,#PortlandRiots,22,6.401244309178564e-05,6.989631386647097e-07,2,Regular
US_Election,#Portland,61,0.00016135291361356617,1.4357381099264628e-06,0,Regular
US_Election,#PDX,23,9.262485834207718e-05,9.865012451665324e-08,0,Regular
US_Election,#BarackObama,116,0.000255411917736603,4.490588612573254e-05,1,Regular
US_Election,Decency,15,5.5272915218447424e-05,0.0,2,Regular
US_Election,Rips,30,0.00012925654347741938,3.7530649053634053e-06,1,Regular
US_Election,Murder,15,5.9800163523350056e-05,0.0,13,Regular
US_Election,Government,46,0.00012154801449070155,1.0219789450119293e-06,1,Regular
US_Election,Enough,24,6.873188006912138e-05,2.402719019768335e-07,13,Regular
US_Election,Wasn,5,4.70240239526436e-05,0.0,13,Regular
US_Election,#lol,37,0.00010071276117839766,3.430579560761751e-06,1,Regular
US_Election,#Memes,16,5.674301418696894e-05,0.0,1,Regular
US_Election,Left,87,0.00018605209246343006,1.0751766048004037e-05,1,Regular
US_Election,Enjoy,51,0.00036899590711066783,6.337315776340523e-07,1,Regular
US_Election,Het,9,7.748741484388171e-05,4.4957338520553595e-07,13,Regular
US_Election,Fair,67,0.0001581909070090161,4.819930151378607e-06,1,Regular
US_Election,Swamp,24,7.140528615497934e-05,4.772579336588243e-07,13,Regular
US_Election,#Jesus,21,7.505132518145034e-05,5.036463943034032e-07,13,Regular
US_Election,Justice,89,0.00018933802121659456,6.014263904496539e-06,13,Regular
US_Election,#ClimateChange,59,0.00013523986184002014,2.0259317762788424e-06,13,Regular
US_Election,Climate,15,6.48554980973486e-05,1.960685605560603e-07,13,Regular
US_Election,@FBI,126,0.00029149675014057783,4.1644731008090164e-05,2,Regular
US_Election,#FireChuckTodd,99,0.0002835368680088154,1.185066175041672e-05,2,Regular
US_Election,Same,76,0.00016328779063441728,3.4024110028927877e-06,13,Regular
US_Election,Cause,19,7.498487596356495e-05,3.7983078369501975e-06,13,Regular
US_Election,#AffordableCareAct,16,5.614413841330858e-05,0.0,0,Regular
US_Election,Thanksgiving,17,5.3963978422537846e-05,0.0,0,Regular
US_Election,#Messi,72,0.00028698448684410616,9.462969222890933e-05,0,Regular
US_Election,#BTSxBBMAs,32,0.0001413784878284384,5.707957148170847e-06,10,Regular
US_Election,#MayAllah,19,0.00010159282118493639,1.3632183187278892e-06,10,Regular
US_Election,#HillaryClinton,104,0.0002795764093364864,1.3744349913808543e-05,1,Regular
US_Election,#Socialism,29,7.040585366889034e-05,0.0,1,Regular
US_Election,Won,88,0.00017520055173484068,3.252953014244615e-05,13,Regular
US_Election,Governor,20,6.780446589938299e-05,1.230376825850418e-06,13,Regular
US_Election,#patriots,17,5.5915382066910427e-05,1.2026298596897895e-06,13,Regular
US_Election,@GMA,44,0.0001535092302467953,1.1936498190871172e-06,2,Regular
US_Election,Coming,19,6.263101764980537e-05,2.827052950141949e-07,2,Regular
US_Election,@TODAYshow,34,9.328858119736296e-05,1.7484621276879313e-08,13,Regular
US_Election,@Maddow,36,0.0001299863787403092,4.723724028736243e-05,5,Regular
US_Election,Georgia,46,0.00012458725594101096,0.00017847429804380976,2,Regular
US_Election,Wins,43,9.633113894371657e-05,3.20935423400387e-06,13,Regular
US_Election,Leave,5,4.65946159842579e-05,0.0,13,Regular
US_Election,World,101,0.00025233540728447916,7.756123486776979e-05,13,Regular
US_Election,Lewis,15,6.259837330426093e-05,0.0,13,Regular
US_Election,Pass,58,0.0001264713271739301,1.2294634823827114e-06,13,Regular
US_Election,Tried,15,5.6437175927718765e-05,3.9746625398933314e-07,2,Regular
US_Election,Act,45,0.00011342253702116064,7.207223261210381e-07,13,Regular
US_Election,Mitch,46,0.0001264061847194646,6.168008584478493e-06,13,Regular
US_Election,#KS,50,0.0004487858767276678,1.314097025886378e-05,9,Regular
US_Election,@AOC,27,9.230716414771291e-05,2.128545637164831e-07,2,Regular
US_Election,Global,26,6.901205855420654e-05,1.5902635739725951e-06,2,Regular
US_Election,Agreed,12,5.1435633017625525e-05,0.0,3,Regular
US_Election,#LiarInChief,126,0.0002504110032644258,0.0001455383378616254,13,Regular
US_Election,Finally,31,7.755773849998538e-05,9.249536075442754e-08,1,Regular
US_Election,#ArtsakhStrong,20,8.679452621920152e-05,1.4569040136765843e-06,6,Regular
US_Election,#StopErdogan,25,0.0001318031560001888,4.32892654961882e-06,6,Regular
US_Election,#StopAliyev,19,8.434272481784902e-05,9.267607143092682e-07,6,Regular
US_Election,#NewYorkTimes,78,0.0001676528564480058,1.1719337231038141e-05,0,Regular
US_Election,#LosAngeles,81,0.00024512424835643665,2.8210013463911764e-05,0,Regular
US_Election,Job,16,5.658739827116532e-05,0.0,13,Regular
US_Election,Ever,50,0.00010102697405706637,1.0769655157184095e-06,13,Regular
US_Election,Maddow,10,5.562631308576938e-05,1.6475495994806923e-08,1,Regular
US_Election,@mehdirhasan,12,5.1161961942165e-05,0.0,3,Regular
US_Election,#Iran,99,0.00022862243473145542,0.00010333362468471637,13,Regular
US_Election,#IRS,18,7.031976803343804e-05,2.218401532938522e-06,13,Regular
US_Election,#FBI,179,0.000401257867775253,0.0003238736497064617,1,Regular
US_Election,@chuckwoolery,19,5.5088979662692316e-05,1.6869475246856655e-07,2,Regular
US_Election,#president,116,0.00035715827343928044,6.164968185224356e-06,0,Regular
US_Election,#Muslims,25,8.573345950660443e-05,1.8624926106062124e-06,13,Regular
US_Election,Pero,9,5.5044591682472044e-05,1.6829381425711423e-07,13,Regular
US_Election,@Jim_Jordan,38,0.00016142336310571146,3.3888822867668547e-06,3,Regular
US_Election,#republicans,81,0.00026171565713839235,2.4252086087080472e-05,3,Regular
US_Election,#CreepyJoe,29,7.346254300227102e-05,2.5556724429028794e-07,1,Regular
US_Election,#KanyeWest,35,0.0001320125294282949,2.781889288599561e-06,0,Regular
US_Election,Hope,42,9.709405272716561e-05,6.497308758082523e-07,13,Regular
US_Election,#GOPBetrayedAmerica,70,0.000214267345196659,2.4107330385026176e-05,2,Regular
US_Election,#PresidentialDebate,111,0.0003021850763839275,1.8514263835961975e-05,2,Regular
US_Election,Flu,29,0.0001080424724499438,1.0064268284871476e-06,13,Regular
US_Election,@JohnJHarwood,2,4.353876829833149e-05,0.0,13,Regular
US_Election,@Reuters,38,0.00010342560751733953,2.6442138766966087e-05,2,Regular
US_Election,Reportedly,34,7.894828544480335e-05,8.327745196370907e-07,13,Regular
US_Election,#live,38,8.783048930999614e-05,6.4438034501605285e-06,3,Regular
US_Election,#love,143,0.000654374696611455,0.000694262437436619,6,Regular
US_Election,#PresidentBiden,39,0.00010852534793271075,7.450578482020328e-07,1,Regular
US_Election,#memes,52,0.00023587743503089993,6.623403448278264e-06,3,Regular
US_Election,#VoteJoeBiden2020,16,5.502668492991882e-05,5.0718683748719356e-08,2,Regular
US_Election,#JoeBidenIsALiar,130,0.0004309481536738654,5.0207613066339206e-05,1,Regular
US_Election,#JoeBidenKnew,49,0.00012496592999240578,1.8660490904068032e-06,1,Regular
US_Election,Fund,16,6.050816148903384e-05,3.16556985757488e-07,13,Regular
US_Election,#Presidential,36,8.252336560343729e-05,1.7868982231712168e-07,2,Regular
US_Election,#VicePresident,19,5.997465969159618e-05,2.6944300741507157e-08,9,Regular
US_Election,Research,26,7.618341007506937e-05,1.0356703031617694e-05,13,Regular
US_Election,#STIMULUSPACKAGE,52,0.00011372225327080036,7.837273822771628e-06,3,Regular
US_Election,#Christian,61,0.0001417216378798197,3.9978490252673516e-05,13,Regular
US_Election,@PodSaveAmerica,21,6.880294499951398e-05,0.0,2,Regular
US_Election,#AMERICA,35,7.51983039695956e-05,1.196724904314715e-05,13,Regular
US_Election,#BidenCoalition,36,7.96226457030025e-05,3.868741612217833e-08,2,Regular
US_Election,#JoeWillLeadUs,131,0.0003537270083414331,1.8055141686044318e-06,2,Regular
US_Election,#DemocratParty,32,0.0002001896723938583,2.283506795443695e-06,8,Regular
US_Election,Half,37,9.443416611151133e-05,4.313183751919508e-07,1,Regular
US_Election,#Racism,71,0.00016677306162406842,4.646285057170976e-05,0,Regular
US_Election,#liberals,59,0.00014412308172353749,5.8787236524010973e-05,5,Regular
US_Election,Wray,18,6.298400858498033e-05,0.0,1,Regular
US_Election,Sick,31,0.00013140228319441112,2.022821669384276e-05,2,Regular
US_Election,#bbc,39,9.294218610266013e-05,6.326601239538476e-06,3,Regular
US_Election,@BBCNews,13,5.091526439050685e-05,0.0,2,Regular
US_Election,@washingtonpost,134,0.000295561516492085,2.6880434893780574e-05,2,Regular
US_Election,Minnesota,18,6.11475405468672e-05,7.716921933540087e-08,2,Regular
US_Election,Voting,100,0.00023221215238658824,1.0968119183834552e-05,1,Regular
US_Election,#France,114,0.0003512786322650705,0.0001489171044807205,0,Regular
US_Election,#Quebec,39,0.00015230256482069542,2.499398563270023e-06,0,Regular
US_Election,#Mbappé,29,0.00010373259907680417,0.0,0,Regular
US_Election,#Montreal,39,0.00015230256482069542,2.499398563270023e-06,0,Regular
US_Election,Commission,18,7.268938841860499e-05,0.0,13,Regular
US_Election,#GeorgeFloyd,28,6.808314569102858e-05,7.992692550135361e-07,0,Regular
US_Election,@marklevinshow,46,0.00010076405004353464,2.9977393831722176e-07,1,Regular
US_Election,#liar,34,0.00014627338180707807,5.791539216391108e-05,3,Regular
US_Election,#Mundo,12,6.732584371662301e-05,1.2886404702459944e-07,13,Regular
US_Election,Delaware,16,6.0048821142897e-05,0.0,2,Regular
US_Election,Meanwhile,110,0.0003068504256419036,4.837788523300381e-06,1,Regular
US_Election,Instagram,20,6.417445241375373e-05,5.394127851281198e-08,1,Regular
US_Election,Seal,31,8.60526873170592e-05,9.365967484119695e-07,1,Regular
US_Election,#VoteBidenHarrisToSaveAmerica,122,0.00031954893707199954,1.2507283654826343e-05,2,Regular
US_Election,Blasts,31,7.547754011051348e-05,8.443071783479375e-08,13,Regular
US_Election,Knows,34,8.811675896845558e-05,6.741897206083798e-07,1,Regular
US_Election,Days,66,0.0001564505338433541,1.047270917045936e-05,13,Regular
US_Election,#MiddleEast,15,6.34063135195464e-05,1.0166461781962375e-08,0,Regular
US_Election,#India,100,0.0002654794246071592,8.28390391897865e-05,0,Regular
US_Election,Test,51,0.00021652688488306264,9.87166170316633e-07,1,Regular
US_Election,#TrumpCampaign,18,6.6747993953485e-05,1.105407209907986e-08,1,Regular
US_Election,@RealCandaceO,19,6.124574469778076e-05,0.0,1,Regular
US_Election,@NYTimes,5,4.431716681096769e-05,0.0,13,Regular
US_Election,Tillis,18,0.00011313312690429546,4.938155481352585e-07,1,Regular
US_Election,#NC,76,0.0004903141456792591,9.493477784332241e-05,9,Regular
US_Election,#Humanity,11,5.936299382222441e-05,1.1324045882148255e-07,0,Regular
US_Election,#Government,34,9.457987531723261e-05,1.5260339267360391e-06,13,Regular
US_Election,#Apple,82,0.0002592531441097302,7.6029276555639754e-06,0,Regular
US_Election,#IPhone,30,0.00017855040268635554,7.589703510496085e-07,0,Regular
US_Election,#Technology,20,6.826044287107621e-05,1.9173169586330637e-06,0,Regular
US_Election,#hoax,13,5.528008852815019e-05,0.0,13,Regular
US_Election,Could,63,0.000135716262395995,8.072534310644804e-06,13,Regular
US_Election,@TPM,17,6.841060186572018e-05,8.327760463326309e-08,3,Regular
US_Election,#ChickenTrump,59,0.00012850516530843567,5.251099813683199e-08,2,Regular
US_Election,Emails,213,0.0007558517508061449,5.49905808446889e-05,1,Regular
US_Election,Hard,75,0.00013379889809599907,8.924643992544761e-06,2,Regular
US_Election,Censoring,26,6.935036977388308e-05,0.0,1,Regular
US_Election,#jack,22,7.995786494823114e-05,3.046479166548861e-06,1,Regular
US_Election,Listen,95,0.00018299686696799077,9.043187427881475e-05,9,Regular
US_Election,Holy,19,6.650907102535396e-05,1.1817009131244747e-07,3,Regular
US_Election,Damn,42,8.912346267241203e-05,7.265839845642825e-08,1,Regular
US_Election,Constitution,41,9.380773648336399e-05,2.50697942648744e-07,13,Regular
US_Election,#NobelPeacePrize,21,7.411606457486276e-05,3.158133256142597e-08,1,Regular
US_Election,Especially,19,7.127095075152825e-05,6.373920605517822e-08,2,Regular
US_Election,#PresidentForThePeople,5,6.0125862874323816e-05,0.0,9,Regular
US_Election,#usnavy,21,0.00010539092277525656,2.1953710129708446e-07,3,Regular
US_Election,#veteran,22,9.563658835157538e-05,8.17799786981114e-06,3,Regular
US_Election,#Patriots,49,0.0001358663112584196,3.516096433818914e-06,1,Regular
US_Election,Dat,6,6.63057389981537e-05,5.542204231179644e-07,13,Regular
US_Election,Maar,9,6.389451617823485e-05,1.3613962479919405e-07,13,Regular
US_Election,Dit,3,4.4223070295393624e-05,0.0,2,Regular
US_Election,#hunter,69,0.00016978707660122392,2.866492970668225e-05,1,Regular
US_Election,#USelection,24,6.800699144341092e-05,1.0724001900624034e-06,3,Regular
US_Election,#CIA,64,0.00012825992518348351,2.33853032448501e-05,1,Regular
US_Election,#voteblue,134,0.0008726096711376779,0.0001694515895075587,3,Regular
US_Election,Street,61,0.00017183575865105502,1.8215584446258674e-06,3,Regular
US_Election,@DavidCornDC,16,5.6250002818749376e-05,0.0,1,Regular
US_Election,Christ,39,9.901534014259295e-05,9.98969515647755e-07,13,Regular
US_Election,Bush,67,0.0001395813479227941,1.3407510313481011e-05,13,Regular
US_Election,Chief,81,0.0002226882181111643,5.163746695595441e-06,13,Regular
US_Election,Center,35,8.691264967203828e-05,1.249398073499779e-05,13,Regular
US_Election,Indians,23,6.581343889928611e-05,1.4716687940564833e-07,13,Regular
US_Election,Fall,14,5.851448173197272e-05,7.120220077574746e-08,13,Regular
US_Election,Gold,13,5.4040036743339075e-05,0.0,13,Regular
US_Election,#BallotHarvesting,18,5.6307821180734334e-05,0.0,2,Regular
US_Election,Venezuela,35,0.00011146745192733038,3.662021647279944e-06,1,Regular
US_Election,Fixed,19,5.710270687200032e-05,1.9442162103675752e-07,1,Regular
US_Election,Gas,11,6.315211802322469e-05,0.0,1,Regular
US_Election,@USATODAY,47,0.0001002793029399988,2.9856338519035943e-06,2,Regular
US_Election,#newyork,31,0.00010013749513011752,1.654388232172927e-05,0,Regular
US_Election,@NBCUniversal,19,5.6630534887396506e-05,0.0,2,Regular
US_Election,#EUA,15,6.605608232732884e-05,1.3669892857988167e-07,1,Regular
US_Election,@grantstern,30,7.373751102134819e-05,1.2326099610628055e-06,13,Regular
US_Election,Podcast,52,0.00012729254300794074,8.657072879042824e-06,3,Regular
US_Election,#Jobs,27,7.117194644183463e-05,1.2883548347965465e-08,13,Regular
US_Election,#podcast,55,0.00012095486079216482,1.1349916768299573e-05,3,Regular
US_Election,#CaptainCovid,27,7.165632723724001e-05,2.523772991656157e-07,2,Regular
US_Election,#blue,21,7.824220357827269e-05,2.675823816756449e-07,3,Regular
US_Election,#MailInBallot,16,5.555574833169624e-05,0.0,2,Regular
US_Election,Actually,31,8.429148111432362e-05,1.709281494385194e-07,1,Regular
US_Election,Mark,36,8.597594210620563e-05,2.771441610323169e-07,13,Regular
US_Election,#TrumpIsARapist,22,7.031725651382244e-05,2.5862263436991045e-07,13,Regular
US_Election,#RacehorseTheory,27,0.00046372521590863896,1.643242857074156e-06,13,Regular
US_Election,Trumpers,13,5.597269696432348e-05,6.736075185376789e-09,13,Regular
US_Election,Barack,52,0.00010730878013319383,6.179550661403466e-06,13,Regular
US_Election,#TrumpLies,112,0.00023064560953939592,2.7191149459088173e-05,13,Regular
US_Election,Than,53,0.00010424309899864404,1.2722338164666585e-07,13,Regular
US_Election,Democlicans,22,0.00015752487045885233,0.0,1,Regular
US_Election,#USABananaRepublic,22,0.0001566495795219245,0.0,1,Regular
US_Election,Republicrats,22,0.00015752487045885233,0.0,1,Regular
US_Election,#taxes,28,6.962760430106098e-05,1.410483708993211e-07,13,Regular
US_Election,Farmers,17,6.231868557503318e-05,0.0,2,Regular
US_Election,@DanScavino,17,5.64733769250424e-05,1.1811200325044233e-08,2,Regular
US_Election,#Mnuchin,20,6.549996068690645e-05,1.197524477400318e-08,3,Regular
US_Election,Dad,64,0.00014413758915564383,1.0393125405780373e-05,1,Regular
US_Election,#seniors,23,0.00010391610380421673,1.8927962048353353e-06,3,Regular
US_Election,@RubinReport,22,8.506873114827904e-05,9.324682872827628e-06,1,Regular
US_Election,#Chicago,96,0.0003771828242348256,3.6789865253958896e-06,0,Regular
US_Election,Evidence,72,0.00018143566434868032,5.299397953256772e-06,1,Regular
US_Election,Shows,82,0.00023963468374364028,9.862713841539956e-05,1,Regular
US_Election,#Censor,37,9.718325931541275e-05,1.1039293927824404e-07,1,Regular
US_Election,Dealings,57,0.0001630489068539183,2.3204812086757367e-06,1,Regular
US_Election,#SEALTeam6,27,8.91090787648255e-05,4.4911526296279864e-07,1,Regular
US_Election,#SealTeamSix,10,5.891529052940572e-05,1.3741542664257976e-07,1,Regular
US_Election,@PalmerReport,18,6.215332526091807e-05,6.371066185183959e-09,2,Regular
US_Election,#Collusion,18,5.698074986474582e-05,3.1899137828787976e-07,1,Regular
US_Election,Proof,21,6.590194135761166e-05,3.9359027936434966e-08,2,Regular
US_Election,#216KDeadAmericans,11,0.0001257085345679449,0.0,13,Regular
US_Election,#AIDS,11,0.0001257085345679449,0.0,13,Regular
US_Election,#debate,150,0.00038141005107800526,4.813046643002973e-05,3,Regular
US_Election,Release,64,0.00024467674390921194,2.2411619578352676e-05,1,Regular
US_Election,Other,68,0.00014510797736914794,1.1396801191503282e-05,13,Regular
US_Election,Information,39,7.886028999707633e-05,1.1409101929207186e-07,1,Regular
US_Election,Phone,38,7.935904097902749e-05,4.1037584928752404e-07,13,Regular
US_Election,Personal,51,9.399366241354884e-05,3.316639905957771e-07,13,Regular
US_Election,#Census,17,6.049827704934928e-05,0.0,2,Regular
US_Election,#Administration,19,6.255644090024874e-05,2.5803467867681466e-08,1,Regular
US_Election,Majority,24,7.816571349666283e-05,2.7427412095809134e-05,13,Regular
US_Election,Votes,30,6.986215795877122e-05,7.436564669662935e-08,13,Regular
US_Election,Cases,47,9.799930671190477e-05,6.992567944402103e-07,13,Regular
US_Election,Chaos,9,4.9020473702311414e-05,0.0,2,Regular
US_Election,Asked,12,5.410933454684149e-05,0.0,13,Regular
US_Election,#IOWA,46,0.00040406892079348155,6.876297588903353e-05,9,Regular
US_Election,#PresidentialDebate2020,82,0.0001755863725969125,1.7106439634188208e-06,2,Regular
US_Election,#TrumpFailedAmerica,12,5.765998990035024e-05,1.1088732123578653e-07,13,Regular
US_Election,Cut,24,6.62042823500685e-05,0.0,13,Regular
US_Election,War,63,0.0002001041894086409,4.1125017349467244e-05,13,Regular
US_Election,Lies,107,0.00028334740785176775,5.3075273382493614e-05,13,Regular
US_Election,Economy,24,7.683954669654298e-05,1.8612898279087146e-07,13,Regular
US_Election,Far,10,4.936385557301392e-05,0.0,13,Regular
US_Election,Ppl,10,5.018132224534173e-05,4.0416451112260735e-08,13,Regular
US_Election,#Massachusetts,36,7.812521877090553e-05,1.6901546207671421e-06,0,Regular
US_Election,Charlie,17,7.594085185132049e-05,1.468233824299462e-06,13,Regular
US_Election,Ukranian,14,6.437726244069936e-05,2.247810889904036e-08,1,Regular
US_Election,#congress,63,0.00020289678686093046,7.812378901275451e-06,3,Regular
US_Election,@TheAtlantic,5,4.416830696198528e-05,0.0,13,Regular
US_Election,@DNC,67,0.000139724846339205,6.004436564257315e-07,2,Regular
US_Election,#conman,11,5.1765437477407134e-05,0.0,3,Regular
US_Election,#TrumpGenocide,31,0.00013851174114153125,2.850459907942688e-06,13,Regular
US_Election,#antifa,65,0.0002507467103231898,3.374129909494222e-05,5,Regular
US_Election,#MikePence,147,0.0003760673587143214,4.3988751994676e-05,0,Regular
US_Election,#MichelleObama,22,0.0001126905042987256,8.514968179170542e-07,5,Regular
US_Election,#TEXT,22,0.00011231310736887046,1.801103857611544e-07,5,Regular
US_Election,#SenateDems,20,0.00011002996832789199,0.0,5,Regular
US_Election,#evangelicals,6,4.935946209287121e-05,0.0,13,Regular
US_Election,Israel,25,7.51948008067922e-05,6.800228282380376e-08,13,Regular
US_Election,Deutsche,20,8.976341939860746e-05,1.8085926729551152e-06,0,Regular
US_Election,August,27,0.00010408723756999849,1.6255677362023418e-05,0,Regular
US_Election,Bank,11,6.933696991281768e-05,0.0,0,Regular
US_Election,Townhall,60,0.00014247923636493708,1.4237273303818088e-06,13,Regular
US_Election,Workers,16,6.383043633957424e-05,0.0,13,Regular
US_Election,#NorthKorea,15,5.737182924803899e-05,0.0,1,Regular
US_Election,@thedailybeast,57,0.00014514586635688012,1.0315979175284275e-05,2,Regular
US_Election,Jesus,66,0.00015210862334361777,9.122469834983503e-06,13,Regular
US_Election,Tune,41,9.235961015777527e-05,1.038446137037508e-07,2,Regular
US_Election,#OBAMA,13,5.735123725030008e-05,0.0,1,Regular
US_Election,#Racist,19,8.252391304172345e-05,5.461975109109703e-07,1,Regular
US_Election,Fucking,7,4.738871992534728e-05,0.0,13,Regular
US_Election,#nyc,33,9.672053080039971e-05,4.485884062697328e-06,3,Regular
US_Election,Propaganda,44,0.00010025975398497296,5.259782757817367e-07,13,Regular
US_Election,#Soros,11,4.970498544171341e-05,1.2724083536512017e-07,1,Regular
US_Election,@CNNEE,6,4.462332086095271e-05,0.0,2,Regular
US_Election,@politico,41,9.379556612927384e-05,1.5203021924525572e-06,2,Regular
US_Election,#IceCubeIsASellout,8,4.833379573984466e-05,0.0,13,Regular
US_Election,#retweet,11,5.175966206582171e-05,5.075533245321183e-07,3,Regular
US_Election,#PoliceBrutality,32,7.436790984712833e-05,1.3241224230302847e-06,3,Regular
US_Election,#covid_19,55,0.00025278042155751115,0.00014624450066027037,3,Regular
US_Election,Nah,4,4.379503355875749e-05,0.0,2,Regular
US_Election,Happy,30,7.653927005604962e-05,5.754876689712659e-07,13,Regular
US_Election,Cuando,6,4.7728955000072953e-05,0.0,13,Regular
US_Election,#picoftheday,21,0.00025893178976365725,0.0,6,Regular
US_Election,#Congress,117,0.00022051861909850473,8.58759919110535e-05,5,Regular
US_Election,@senjudiciary,12,5.436039415354884e-05,0.0,13,Regular
US_Election,#CCP,74,0.0001908037652036401,3.0523499546352105e-05,1,Regular
US_Election,#XiJinping,60,0.00023706625484603894,7.264547213819001e-06,0,Regular
US_Election,#HongKong,42,0.00013801427887497134,1.2204302113871364e-06,0,Regular
US_Election,#Taiwan,31,8.511660852969177e-05,1.7898531618699825e-06,0,Regular
US_Election,#townhalls,68,0.00013955600626174247,5.779558061549488e-05,3,Regular
US_Election,@real_defender,10,5.1555302162573205e-05,0.0,13,Regular
US_Election,@Mike_Pence,34,0.00010000754083594133,4.330732075295338e-06,13,Regular
US_Election,Valley,14,5.4893836207946e-05,3.526241329648392e-06,13,Regular
US_Election,#DementiaJoe,26,6.974026950171976e-05,0.0,1,Regular
US_Election,Romney,17,6.0785154087547594e-05,7.296558253619816e-07,1,Regular
US_Election,Bad,61,0.0001988772561383361,1.10570831955108e-06,1,Regular
US_Election,Vaccine,10,9.379512442774486e-05,0.0,13,Regular
US_Election,Ben,43,0.00013322238472569385,2.4393551006129156e-06,13,Regular
US_Election,Hispanic,7,4.7352447221455605e-05,0.0,13,Regular
US_Election,Ask,79,0.00016429227163630592,1.443043333831579e-05,13,Regular
US_Election,@HawleyMO,66,0.00014761073020465353,3.4781480161321845e-06,1,Regular
US_Election,@FoxBusiness,38,0.00011226384507951492,8.253499413402162e-06,13,Regular
US_Election,#Constitution,8,4.714087085187006e-05,1.3613962479919405e-08,13,Regular
US_Election,@MaryLTrump,19,6.768212111855982e-05,5.459885964598925e-07,13,Regular
US_Election,#BuildBackBetter,42,0.0001350548755330283,1.0088940881932582e-07,13,Regular
US_Election,@donlemon,47,0.00014335046094460281,5.425180582986842e-06,2,Regular
US_Election,@NBCNewsPR,27,9.052244215784026e-05,0.0,2,Regular
US_Election,Calling,26,6.406278862040968e-05,9.482982702870213e-08,1,Regular
US_Election,#QAnon,95,0.00022576916219802222,8.346607394252408e-06,13,Regular
US_Election,#MAGAts,69,0.00012706917340808905,2.759669337800155e-07,13,Regular
US_Election,@TeaPainUSA,5,4.4782252439588384e-05,0.0,13,Regular
US_Election,@jemelehill,10,5.216240474864574e-05,1.0188434870313786e-07,13,Regular
US_Election,@harrisonjaime,16,6.484655174499203e-05,6.841792371539599e-07,3,Regular
US_Election,@actblue,20,6.706977593568213e-05,1.0305389925038594e-08,1,Regular
US_Election,Dancing,4,4.301514008993082e-05,0.0,13,Regular
US_Election,Robert,36,9.261723673767671e-05,2.7224317619813723e-06,13,Regular
US_Election,#TrumpKnew,35,0.00011267881595992188,3.164664596113535e-06,13,Regular
US_Election,#TrumpSuperSpreader,39,9.603801570470989e-05,1.0566083737052233e-06,13,Regular
US_Election,#Opoyi,20,0.00012191638588410678,0.0,1,Regular
US_Election,#deplorables,10,5.9559152581205554e-05,0.0,3,Regular
US_Election,@NYGovCuomo,12,5.407458501130579e-05,5.406617305093751e-07,2,Regular
US_Election,Blog,11,7.323351518312307e-05,0.0,13,Regular
US_Election,#unemployment,43,9.277415348515319e-05,4.617111400041749e-06,13,Regular
US_Election,#trumplies,12,9.355143377738067e-05,0.0,3,Regular
US_Election,#TaxReturns,7,4.698054170990131e-05,0.0,13,Regular
US_Election,#immigration,15,5.886343953924759e-05,0.0,2,Regular
US_Election,#TownHalls,180,0.0005708962387222128,6.909069872838441e-05,13,Regular
US_Election,Cooper,18,0.0001119316242942294,3.496903432629028e-07,1,Regular
US_Election,Them,68,0.0001278697455992043,6.079238707712256e-06,13,Regular
US_Election,Admits,44,9.603673921680669e-05,4.227084392608839e-06,13,Regular
US_Election,Owner,27,0.00010918931894862523,0.0,2,Regular
US_Election,Masks,25,7.065227211950162e-05,7.303624363832946e-07,1,Regular
US_Election,Debt,22,6.136516280477432e-05,4.384157408787605e-08,0,Regular
US_Election,National,106,0.00020218019368427797,4.808295295880938e-05,13,Regular
US_Election,#Trumpers,8,4.981357301427754e-05,0.0,13,Regular
US_Election,#LoserTrump,7,4.60317060756147e-05,0.0,13,Regular
US_Election,#VoteTrumpOut,67,0.00018576249718302155,2.5800757818132344e-06,2,Regular
US_Election,Pushing,23,0.00017665332259942577,0.0,1,Regular
US_Election,Nancy,52,0.00012406902050486463,2.9105788162439975e-06,13,Regular
US_Election,@Alyssa_Milano,25,6.890955305767233e-05,0.0,1,Regular
US_Election,Case,26,8.93699330317493e-05,1.4076103547326233e-06,1,Regular
US_Election,#WorldNews,15,8.020704504433615e-05,9.190437212016144e-07,1,Regular
US_Election,Details,21,7.00943943119411e-05,3.912164589341543e-07,1,Regular
US_Election,#Digital,30,0.0002571334548864196,5.4094902689516784e-05,10,Regular
US_Election,Nightly,17,5.6128372921658894e-05,1.1324772455811073e-06,13,Regular
US_Election,Term,21,6.68407880351906e-05,2.2412097640649944e-07,13,Regular
US_Election,#Beirut,182,0.001634698459433015,9.107095208786381e-05,0,Regular
US_Election,#Lebanon,122,0.0004894014950010663,1.6214320973694053e-05,0,Regular
US_Election,Own,37,9.269997338498614e-05,3.0911602153621302e-06,1,Regular
US_Election,Bias,12,5.4912840554825544e-05,2.351502610167897e-08,3,Regular
US_Election,@RepMattGaetz,42,9.125828416911073e-05,3.0441975446240866e-07,13,Regular
US_Election,#BidenTownHallABC,52,0.00012190015374797114,2.2909311421998914e-06,2,Regular
US_Election,#tech,42,8.705378704012789e-05,2.1786925686928152e-07,3,Regular
US_Election,#climate,17,5.557768512268279e-05,1.1833872668865793e-07,3,Regular
US_Election,#BreakingNews,69,0.0001559367578802164,4.46744942097377e-06,1,Regular
US_Election,#stocks,73,0.00021861699836496143,9.212837827351629e-06,3,Regular
US_Election,#BBMAs,23,8.420300995132344e-05,3.1824966883735164e-06,10,Regular
US_Election,#freakout,14,0.0001121917510761329,1.1871430821347364e-07,3,Regular
US_Election,#fail,15,0.0001132474015025748,1.1871430821347364e-07,3,Regular
US_Election,Oups,14,0.0001121917510761329,1.1871430821347364e-07,3,Regular
US_Election,Christians,42,0.00011427072165552232,3.3120286006273535e-06,13,Regular
US_Election,Patriots,16,5.659880023969232e-05,0.0,13,Regular
US_Election,Amazon,35,8.870721066383337e-05,2.1185404379460487e-06,13,Regular
US_Election,#RuthBaderGinsburg,88,0.0002866667516546336,1.805341742722751e-05,0,Regular
US_Election,Calm,18,7.146912382031287e-05,9.948664889171874e-08,2,Regular
US_Election,David,12,6.994522289716677e-05,1.0977511610083918e-06,13,Regular
US_Election,#MN,31,9.767219567026884e-05,1.748033050078174e-05,9,Regular
US_Election,#ChuckTodd,45,0.00010380146261757395,3.2695458641700826e-07,2,Regular
US_Election,Years,65,0.00011720357240318198,5.806243377721122e-07,1,Regular
US_Election,Next,53,0.00011580809325986382,4.987511604524873e-07,13,Regular
US_Election,September,71,0.000160716505529797,5.394037147713132e-05,1,Regular
US_Election,Cuba,33,9.569946253711392e-05,3.6139111927334597e-07,1,Regular
US_Election,#Macron,174,0.00123900780227154,0.00011347304435288729,0,Regular
US_Election,Ils,8,5.13633914486915e-05,0.0,2,Regular
US_Election,Death,7,4.8738209309408e-05,0.0,13,Regular
US_Election,#FightBack,24,6.314826561873649e-05,1.2807826601320796e-06,1,Regular
US_Election,#Parler,22,6.856036692158568e-05,6.721992798229661e-08,1,Regular
US_Election,Jinping,21,7.985338953914108e-05,4.804807969843475e-08,13,Regular
US_Election,Pls,14,5.944109291317813e-05,1.6066166901768242e-08,13,Regular
US_Election,#SmartNews,11,5.1254241815623834e-05,0.0,13,Regular
US_Election,#Benghazi,59,0.0001417575580734844,1.9350692085090994e-05,1,Regular
US_Election,@Breaking911,8,4.83401803326266e-05,0.0,13,Regular
US_Election,#SCOTUShearings,30,7.883218732030039e-05,4.19723959492971e-07,0,Regular
US_Election,#Cult45,38,9.449792040328018e-05,7.19999742715274e-07,13,Regular
US_Election,Ahora,7,4.824669908354466e-05,1.0468414025509807e-06,13,Regular
US_Election,Probably,18,6.475153802387283e-05,2.1268294552021594e-07,13,Regular
US_Election,Bible,16,5.666336182617908e-05,8.41894748860643e-06,13,Regular
US_Election,#Yemen,10,5.1729024726090443e-05,1.7669560977730747e-07,13,Regular
US_Election,#Seniors,13,5.697346493170559e-05,5.4291285538052224e-08,13,Regular
US_Election,Tweets,16,8.15018217490981e-05,1.324029779162538e-06,13,Regular
US_Election,@GovRonDeSantis,18,8.844990884975861e-05,3.8336103578383546e-07,13,Regular
US_Election,@RexChapman,1,4.200199416752345e-05,0.0,13,Regular
US_Election,Pelosi,105,0.0002527982465555037,1.6858341031168695e-05,13,Regular
US_Election,Brown,19,5.9842358392150064e-05,3.0056940073563757e-07,13,Regular
US_Election,Netflix,14,8.040889226027885e-05,2.3306470215420032e-06,13,Regular
US_Election,Public,72,0.00012839522673623402,2.2909030236766643e-05,3,Regular
US_Election,#DemocraticParty,89,0.0002458622148803112,1.493094048791159e-05,13,Regular
US_Election,#northcarolina,34,0.00010822742681534216,3.3449544271644478e-06,3,Regular
US_Election,@RichardGrenell,21,6.190538571579712e-05,8.509741493968905e-07,1,Regular
US_Election,#debates,78,0.00017207921572075935,3.082684856652511e-05,3,Regular
US_Election,#DebateNight,24,7.612826394257568e-05,1.0498637572661191e-06,2,Regular
US_Election,Pay,44,0.00011526000488230608,2.8890313915264476e-07,13,Regular
US_Election,#BernieSanders,58,0.00015961902824692537,0.00020334407687231434,5,Regular
US_Election,@joerogan,26,8.335288796875356e-05,2.1673133947593783e-07,2,Regular
US_Election,@BillOReilly,48,0.00010234402228659886,2.4337453543871836e-07,2,Regular
US_Election,#democrats,207,0.000912614840560911,0.0001333443913711241,3,Regular
US_Election,Per,56,0.00012154074920031192,2.326033753431776e-06,13,Regular
US_Election,Control,13,6.139536347423125e-05,1.0617839318377981e-07,13,Regular
US_Election,#F1,41,0.00011152676102626126,1.7009117413462886e-05,0,Regular
US_Election,#blacklivesmatter,108,0.0005030901511260022,2.0579628904324774e-05,3,Regular
US_Election,#votebiden,28,7.571064039842078e-05,2.95017236885143e-07,2,Regular
US_Election,Und,45,0.00012643495899238033,3.3211649776487467e-06,13,Regular
US_Election,Aber,11,6.094089624729663e-05,3.3949999924321057e-07,13,Regular
US_Election,#Corona,147,0.00042741318327185713,0.0002084016286280965,0,Regular
US_Election,Rights,19,6.799086679134907e-05,9.858183726134633e-08,13,Regular
US_Election,#TaxFraudTrump,22,0.00015850216192367085,6.2930621320095675e-06,9,Regular
US_Election,Radical,23,7.020506726874306e-05,7.656535127328208e-08,1,Regular
US_Election,@SenSanders,17,6.756125591152637e-05,5.069945628526672e-07,2,Regular
US_Election,Send,11,5.4564069155127616e-05,9.580195819202545e-08,13,Regular
US_Election,#HillaryEmails,41,9.081052269823014e-05,7.223208812695285e-07,1,Regular
US_Election,Patrick,10,5.019414498287658e-05,6.623095206932838e-08,2,Regular
US_Election,#ByeDon2020,20,6.495916850363398e-05,0.0,2,Regular
US_Election,Lindsey,35,0.00010532123508190777,2.415406945414736e-06,13,Regular
US_Election,December,50,0.00012219970029552467,1.2924832583976596e-05,1,Regular
US_Election,@GStephanopoulos,181,0.0005429040760180993,3.313825530280365e-05,2,Regular
US_Election,#NWO,11,5.1594129608542534e-05,6.59383398941921e-08,3,Regular
US_Election,#TrumpTownHall,411,0.0015490448936313025,0.00040421595751435695,13,Regular
US_Election,#TrumpLied217KAmericansDied,12,5.253653556970905e-05,0.0,13,Regular
US_Election,Lied,19,5.9345997575142204e-05,9.876568034149333e-08,13,Regular
US_Election,#DemiOnBBMAs,8,7.033477701239278e-05,0.0,10,Regular
US_Election,Amazing,53,0.00015830651837027968,6.737218011565121e-05,9,Regular
US_Election,Jared,43,0.00018419423723584164,3.335410745082916e-06,13,Regular
US_Election,Saudi,20,0.0001306901152208919,2.599345035061137e-06,13,Regular
US_Election,Khashoggi,17,0.00012279681839377126,1.960372789935344e-06,13,Regular
US_Election,Arabia,18,0.00012815891696114624,1.0906100111717755e-06,13,Regular
US_Election,None,9,5.04160292710671e-05,0.0,13,Regular
US_Election,Record,50,0.00010050825333181892,1.7195994678313485e-06,13,Regular
US_Election,Breaking,27,7.329604159882444e-05,2.4441362875651444e-07,13,Regular
US_Election,#lgbtq,39,8.603912798588305e-05,3.83986880938826e-06,2,Regular
US_Election,@danielsgoldman,21,7.070654715736393e-05,6.964902550130663e-08,1,Regular
US_Election,Literally,11,4.9849592459503186e-05,0.0,2,Regular
US_Election,Survey,43,0.00011476559585946796,2.6413512413128714e-06,13,Regular
US_Election,@mitchellreports,55,0.00011320988856374969,5.076139519377505e-06,2,Regular
US_Election,Food,17,9.424738986089863e-05,0.0,13,Regular
US_Election,#JoeBidenKamalaHarris2020,184,0.0006050503931622898,4.947592025429305e-05,13,Regular
US_Election,Sense,8,9.926715535306553e-05,2.771283577732832e-06,3,Regular
US_Election,#VoteOutTheGOP,17,5.881592265237522e-05,1.117009976540664e-06,2,Regular
US_Election,Sex,13,5.4443299448401914e-05,0.0,1,Regular
US_Election,#AbcTownHall,184,0.0005754672619400235,8.684941151934701e-05,2,Regular
US_Election,Kelly,37,0.0001057646181736506,4.42804368472656e-06,1,Regular
US_Election,@SRuhle,32,8.981344803282162e-05,5.0230414604858455e-06,2,Regular
US_Election,@davidfrum,17,5.800511438047857e-05,9.44250474568769e-08,13,Regular
US_Election,#gold,51,0.0001687890071298504,6.335113197204051e-06,3,Regular
US_Election,#silver,26,0.00012253140580194418,1.6586111993524453e-07,3,Regular
US_Election,#cnbc,20,8.805442782988931e-05,1.36797604528675e-07,3,Regular
US_Election,#cryptocurrency,37,0.00012280419991963977,8.453830333396348e-06,3,Regular
US_Election,#crypto,32,0.0001356536157254104,2.5659860935468596e-06,3,Regular
US_Election,#bonds,37,0.00014291749578772863,1.8147055217532196e-07,3,Regular
US_Election,#sports,42,0.00024136247128211648,4.602641007038478e-06,0,Regular
US_Election,#SaveAmerica,38,8.149500342053545e-05,5.915410427982717e-07,2,Regular
US_Election,#LGBTQ,187,0.0005908109251999732,0.000416139261016433,0,Regular
US_Election,Mueller,24,7.478115092203209e-05,2.999123665273102e-06,13,Regular
US_Election,Feds,5,4.532338940375772e-05,0.0,13,Regular
US_Election,#Bannon,13,6.003807772815521e-05,0.0,13,Regular
US_Election,#Greece,12,5.581823240969193e-05,2.2890733373315813e-08,13,Regular
US_Election,Haha,2,4.232610287958959e-05,0.0,13,Regular
US_Election,#TrumpLiesEverytimeHeSpeaks,23,7.639034365118866e-05,6.291418318934966e-07,13,Regular
US_Election,Amerika,26,8.246647428925005e-05,1.2919350041016528e-06,1,Regular
US_Election,Possible,22,5.980108076598153e-05,8.540841443643979e-08,1,Regular
US_Election,Between,19,6.0669885705481354e-05,1.330555925007326e-07,1,Regular
US_Election,Investigating,24,7.248381026598571e-05,7.620080807511486e-08,1,Regular
US_Election,@OANN,90,0.00019539669187889177,1.9884371489102875e-05,2,Regular
US_Election,@ChanelRion,8,5.086776391075736e-05,0.0,2,Regular
US_Election,Pakistan,31,7.845623126586336e-05,2.377613962321153e-05,0,Regular
US_Election,Real,95,0.0002053774292889854,3.0956435610318e-05,13,Regular
US_Election,Indian,98,0.00032678435706191237,2.1782815259018425e-05,13,Regular
US_Election,#FlipTheSenate,44,8.469191200996182e-05,2.5215104442711887e-06,2,Regular
US_Election,#georgia,44,0.00012961539316675612,5.050382975740933e-06,3,Regular
US_Election,Hoe,12,5.594980072140231e-05,1.2584752594836863e-07,1,Regular
US_Election,Osama,52,0.00012703537703144822,5.691415863042493e-06,13,Regular
US_Election,#VoteBidenHarrisToEndThisNightmare,19,7.306713929997627e-05,5.211574501084947e-07,2,Regular
US_Election,Journal,27,8.764521656295113e-05,6.083580247215835e-07,2,Regular
US_Election,#ClimateAction,16,6.175681548399519e-05,4.488538165445027e-08,2,Regular
US_Election,@nature,20,6.429509974411204e-05,1.9529619334749534e-07,1,Regular
US_Election,England,26,9.334662058485162e-05,1.6190066809943413e-07,1,Regular
US_Election,#DemocratsHateAmerica,12,4.9881880918577944e-05,0.0,1,Regular
US_Election,#DemocratsAreCorrupt,71,0.00015171033188505218,1.1138973878799262e-05,1,Regular
US_Election,#California,132,0.00032794168930496407,8.433340394068855e-05,0,Regular
US_Election,Told,27,6.848524574375574e-05,0.0,1,Regular
US_Election,Opinion,30,7.765032215323165e-05,4.495146374187318e-06,1,Regular
US_Election,Saw,16,5.5242277746736875e-05,0.0,13,Regular
US_Election,@HouseGOP,60,0.00023752507914885938,1.0122091962563667e-05,13,Regular
US_Election,Views,27,6.977598788574248e-05,0.0,13,Regular
US_Election,Clear,47,0.00010629431348431865,2.0520958347187008e-05,13,Regular
US_Election,Supporters,65,0.00011985924419852472,2.8199656247997342e-05,13,Regular
US_Election,@AndyOstroy,8,5.051611324414963e-05,8.344041519950603e-08,13,Regular
US_Election,#capitalism,25,7.308741332189085e-05,9.098473098911988e-07,3,Regular
US_Election,#NBCBlackout,269,0.0010058699675507667,0.0003847076227210654,2,Regular
US_Election,Graham,48,0.00013350211125115125,3.1527124740729813e-06,13,Regular
US_Election,#MSNBC2020,14,5.4670341244355544e-05,0.0,5,Regular
US_Election,Todd,23,7.598507360347774e-05,0.0,2,Regular
US_Election,@people4kam,24,6.806077230127672e-05,0.0,2,Regular
US_Election,#DictatorTrump,10,5.424035999512071e-05,3.8510290312406844e-06,2,Regular
US_Election,Simple,4,4.304076110616015e-05,0.0,13,Regular
US_Election,#WorstPresidentInHistory,17,6.177352195561078e-05,6.368715238252156e-08,13,Regular
US_Election,#USNavy,18,9.389487749676017e-05,1.7162870670868308e-05,5,Regular
US_Election,#Police,70,0.00025859887296301537,2.0698230138308086e-05,0,Regular
US_Election,#military,18,0.00010223342911564685,1.3747329338684202e-05,3,Regular
US_Election,Cuomo,14,6.184931034981786e-05,3.282261274858179e-07,13,Regular
US_Election,#NeverTrump,31,7.550963929057412e-05,1.5864787150138047e-06,2,Regular
US_Election,Avenue,15,5.443334456357678e-05,0.0,2,Regular
US_Election,#Disinformation,27,0.00017683516308160868,2.8579336267847555e-07,1,Regular
US_Election,#ElectionInterference,97,0.0002548405085790765,3.083257805848213e-05,1,Regular
US_Election,Power,60,0.00011067121171331798,1.1694062466205083e-07,13,Regular
US_Election,Senators,10,5.070296775834555e-05,1.6748594089514936e-07,1,Regular
US_Election,#25thAmendmentNow,32,0.00010142831801988718,8.665246020437047e-08,13,Regular
US_Election,Board,12,6.749936508748802e-05,2.6609122804910143e-06,1,Regular
US_Election,#Labor,8,7.899683929657008e-05,8.425821488659901e-06,2,Regular
US_Election,Labor,7,0.00010470828512315318,0.0,2,Regular
US_Election,#WearADamnMask,20,6.383693330985998e-05,5.3888601483014313e-08,5,Regular
US_Election,#WhiteSupremacists,11,4.939500886805467e-05,0.0,13,Regular
US_Election,#tRumpTrainWreck,27,0.00010506299302813974,0.0,13,Regular
US_Election,#TrumpIsALiar,39,8.708586497728512e-05,1.0709637446660345e-06,13,Regular
US_Election,Prime,26,7.83094953790491e-05,6.782703614144445e-06,13,Regular
US_Election,#Campaign,8,4.740794986544047e-05,0.0,2,Regular
US_Election,#RecognizeArtsakh,19,0.00010295610492938097,5.471353629197938e-06,6,Regular
US_Election,James,28,0.00010213883432405703,1.0426901049654113e-05,1,Regular
US_Election,Plz,6,4.562995823833457e-05,0.0,13,Regular
US_Election,Absolutely,22,6.566920952389029e-05,2.3303179019681864e-08,13,Regular
US_Election,#RudyIsARussianAsset,18,7.00271297548694e-05,2.0860103799876508e-08,13,Regular
US_Election,#trumpvirus,27,7.014946799740181e-05,6.441915761346251e-06,3,Regular
US_Election,#NBCtownhall,48,0.00014953836331920936,1.6897673804700742e-06,2,Regular
US_Election,Sigue,6,7.703302644244636e-05,0.0,2,Regular
US_Election,#wakeup,27,7.502288913613099e-05,6.12645351929426e-07,3,Regular
US_Election,Bruce,10,4.847331253774322e-05,1.0724290236678896e-07,13,Regular
US_Election,#political,55,0.0001149459423044572,2.3316191707675e-05,3,Regular
US_Election,@guardian,6,4.568677532518845e-05,0.0,2,Regular
US_Election,#BinLaden,45,0.00015106575762992758,8.279910868965382e-06,13,Regular
US_Election,@RandPaul,16,6.106531338278957e-05,2.689653180295574e-07,13,Regular
US_Election,#job,26,6.73817410871401e-05,6.762128959344379e-07,2,Regular
US_Election,Fed,11,4.920153157030381e-05,0.0,13,Regular
US_Election,#Guiliani,12,5.056396422996509e-05,1.0560652538562245e-07,13,Regular
US_Election,@davidaxelrod,17,5.7415398900492856e-05,6.371066185183959e-09,2,Regular
US_Election,Key,13,5.485859911267713e-05,0.0,2,Regular
US_Election,#CoronaVirusUpdates,29,7.288163321299697e-05,1.5500632971664387e-06,2,Regular
US_Election,April,28,7.303187201235066e-05,1.2236129915749868e-06,1,Regular
US_Election,Latinos,15,6.735783880265286e-05,2.3257885231001427e-07,13,Regular
US_Election,Deep,35,8.368381033838537e-05,2.5728122066836902e-05,13,Regular
US_Election,Billionaires,6,4.570299124384722e-05,0.0,13,Regular
US_Election,@MittRomney,6,4.527080665674656e-05,7.390436774813392e-08,13,Regular
US_Election,Easy,12,6.378348027375062e-05,1.7406032177786179e-07,13,Regular
US_Election,Socialists,17,0.00015153128414213682,5.643849821791212e-07,1,Regular
US_Election,Jews,6,4.603178857640028e-05,0.0,13,Regular
US_Election,#Criminal,10,4.8578012608947816e-05,0.0,13,Regular
US_Election,Smart,4,4.300177608853658e-05,0.0,2,Regular
US_Election,#PrimeDay,8,5.045200627450981e-05,0.0,2,Regular
US_Election,#Masks,60,0.00012234722893066612,1.472844916659548e-05,2,Regular
US_Election,Germany,41,0.00010139352746668048,3.7668479752806535e-06,13,Regular
US_Election,#RepublicansAgainstTrump,29,7.543444863607714e-05,1.3650488882413093e-07,2,Regular
US_Election,#LincolnProject,71,0.00019094197411359217,4.412211168901652e-06,2,Regular
US_Election,Happened,19,7.972334444282659e-05,2.9995497471093994e-06,3,Regular
US_Election,#acb,15,7.384841052265145e-05,0.0,3,Regular
US_Election,#TrumpSwamp,24,8.484463637768e-05,4.5580687806884085e-06,13,Regular
US_Election,Lie,41,9.062816325049495e-05,7.356164902731463e-07,13,Regular
US_Election,#barackobama,18,6.300650399828402e-05,2.5615496842787553e-08,3,Regular
US_Election,Economic,21,6.197528932132773e-05,0.0,0,Regular
US_Election,#uspresident,33,8.276140016973382e-05,0.0,2,Regular
US_Election,#Poll,43,0.00010521082249616817,9.193224940075565e-06,2,Regular
US_Election,Voted,34,8.469860480744124e-05,9.070569662515605e-07,2,Regular
US_Election,Amid,40,0.00012325731296284996,1.4037763647416282e-06,13,Regular
US_Election,Apple,19,0.0001072756683932863,0.0,0,Regular
US_Election,Gun,38,0.00010113733473515473,3.915732521613871e-07,1,Regular
US_Election,#NobelPrize,14,7.165708064482207e-05,0.0,0,Regular
US_Election,#NBAPlayoffs,38,0.00022895671290100656,9.072227738155914e-05,3,Regular
US_Election,#KPOP,17,8.534479840383572e-05,3.424971892496592e-07,0,Regular
US_Election,#CouvreFeu,46,0.00023799665645741743,9.385001438740648e-06,0,Regular
US_Election,#TrumpLiedAmericansDied,38,7.919920964292548e-05,5.640752065759993e-07,13,Regular
US_Election,#VoteBlueDownTheBallot,19,6.961936257391448e-05,0.0,2,Regular
US_Election,Fred,24,7.225439246367614e-05,7.455794807756248e-07,2,Regular
US_Election,#DC,46,9.989767962106062e-05,4.846016592096158e-06,0,Regular
US_Election,@MysterySolvent,36,8.987676119490967e-05,4.4517245705093715e-07,2,Regular
US_Election,Yea,18,6.333762435016477e-05,5.3888601483014313e-08,13,Regular
US_Election,Program,18,9.471987443982049e-05,0.0,13,Regular
US_Election,Peace,46,0.00017289104012975065,9.597886316074226e-07,13,Regular
US_Election,Haven,13,5.275083125669257e-05,6.390089101148639e-08,13,Regular
US_Election,Cast,22,6.354564987207715e-05,2.1887627949443545e-06,2,Regular
US_Election,Socialist,26,6.695508152042517e-05,2.1555440593205725e-08,2,Regular
US_Election,#DarkMoney,21,5.865685456253836e-05,8.76831481757521e-09,13,Regular
US_Election,Director,35,0.00010263941979832022,7.020582458442342e-06,1,Regular
US_Election,@johnpavlovitz,6,4.5743803765618724e-05,0.0,13,Regular
US_Election,Odds,10,5.219988332533824e-05,0.0,13,Regular
US_Election,#15Oct,7,5.9739388379865295e-05,9.417940480556012e-07,2,Regular
US_Election,#BillboardTNT,25,0.0001296438035187696,2.2795256972561863e-06,10,Regular
US_Election,#SavannahGuthrie,253,0.0008710537254861961,0.00033271498541251603,13,Regular
US_Election,Total,44,0.0001177895154212271,8.596825505348263e-07,1,Regular
US_Election,#Indian,34,8.250255261686541e-05,3.108053627738197e-07,13,Regular
US_Election,Modi,31,8.80340529150889e-05,2.1580770765670974e-06,13,Regular
US_Election,#uk,85,0.0002300798964803627,8.223205193566457e-05,5,Regular
US_Election,Liberals,31,7.74266830027439e-05,2.4245025538351977e-07,1,Regular
US_Election,@MollyJongFast,8,4.842681917116756e-05,1.5494180895957035e-06,2,Regular
US_Election,#FillTheSeat,13,4.988600715722069e-05,0.0,1,Regular
US_Election,#WhereIsHunter,14,5.545814662153143e-05,2.431228989687345e-07,1,Regular
US_Election,Jones,15,7.250797540343631e-05,1.9868113627919314e-06,13,Regular
US_Election,#LockThemAllUp,14,5.6949632491683254e-05,5.803198621776034e-08,1,Regular
US_Election,#RepublicansAreTheProblem,20,6.75166232776239e-05,1.1085655162220087e-07,13,Regular
US_Election,India,33,9.688389248915479e-05,5.6499335945153885e-08,1,Regular
US_Election,#conspiracy,26,7.003481851868134e-05,3.189771952608036e-06,3,Regular
US_Election,@greggutfeld,47,9.966212991049426e-05,1.3874598196238078e-07,13,Regular
US_Election,#IndianAmericans,39,0.0001726969487314895,3.747240533507241e-06,13,Regular
US_Election,Attention,12,5.450717422928909e-05,2.041234904659633e-08,13,Regular
US_Election,#TrumpTrain2020,13,5.435747542494699e-05,0.0,1,Regular
US_Election,#Census2020,7,4.664725974497443e-05,0.0,13,Regular
US_Election,Catholic,23,6.543873611133701e-05,3.617696323335227e-08,1,Regular
US_Election,#TrumpForPrison,8,6.88186760024174e-05,0.0,13,Regular
US_Election,Update,29,0.00017043803411594257,1.2664935474785739e-06,5,Regular
US_Election,#BlameTrump,17,0.00015359597065182175,0.0,5,Regular
US_Election,#trumpout,17,0.00015359597065182175,0.0,5,Regular
US_Election,#AdamSchiff,19,0.00015909842920192624,8.921179773622435e-08,5,Regular
US_Election,#DNC2020,35,0.00023008014723868925,6.375392206192313e-06,5,Regular
US_Election,@gtconway3d,40,9.766795855292276e-05,2.6842662734290906e-06,13,Regular
US_Election,#Crime,22,6.21999649920116e-05,2.5803467867681466e-08,1,Regular
US_Election,#Left,10,4.9552197276172316e-05,0.0,2,Regular
US_Election,Leaders,8,4.571819317817291e-05,0.0,13,Regular
US_Election,Republic,36,8.086358851910182e-05,5.02254208366246e-06,1,Regular
US_Election,Unlike,40,9.829441729632726e-05,4.544369506182977e-07,1,Regular
US_Election,Huh,35,7.306691329725723e-05,0.0,1,Regular
US_Election,#AccountabilityOfMedia,39,8.477415927419404e-05,1.1506650896291523e-06,1,Regular
US_Election,#PeaceForArmenians,17,9.331779036605211e-05,2.4354496661817127e-06,6,Regular
US_Election,@DrEricDing,6,4.686261456021192e-05,4.1720207599753016e-08,13,Regular
US_Election,Chance,19,6.60576968259096e-05,6.237021508644095e-07,1,Regular
US_Election,Wahl,57,0.00017746414802905755,6.1830353324045164e-06,13,Regular
US_Election,#Cunningham,39,0.0003978618966020054,0.0,9,Regular
US_Election,Jorge,33,0.00015730556763959616,1.3496938277613978e-05,1,Regular
US_Election,Remote,16,0.00018086076547051247,7.727931606701839e-06,7,Regular
US_Election,#FuckTrumpsShit,18,0.0004413236955251971,0.0,3,Regular
US_Election,#bidenharris,109,0.0007059485937349285,0.00012239349788125878,3,Regular
US_Election,#MakeAmericaUnitedAgain,20,0.0004887824987484323,7.662445956837079e-07,3,Regular
US_Election,#shitler,18,0.00045116450122430256,0.0,3,Regular
US_Election,#vetsforscience,20,0.0004887824987484323,7.662445956837079e-07,3,Regular
US_Election,#antitrump,46,0.0005388121979806404,3.523408315648979e-05,3,Regular
US_Election,#murdererinchief,18,0.0004645004391334028,0.0,3,Regular
US_Election,#FTrumpS,20,0.0004887824987484323,7.739844400845534e-07,3,Regular
US_Election,Billboard,15,6.18020306144389e-05,2.0815971945457327e-07,13,Regular
US_Election,Whatever,13,5.866960195837851e-05,1.327361341792142e-07,13,Regular
US_Election,@SenSchumer,75,0.00014483664114588163,1.208962184826365e-05,2,Regular
US_Election,#law,46,9.165540953675968e-05,2.34435999989911e-06,3,Regular
US_Election,#WH,9,4.987259688979314e-05,0.0,13,Regular
US_Election,#WHO,40,9.819082971357554e-05,1.0774500650531347e-06,0,Regular
US_Election,#CHINA,13,5.477340120231577e-05,1.0723201187990896e-06,1,Regular
US_Election,#VoteOutEveryRepublican,18,6.054297998324466e-05,8.108629690234128e-09,13,Regular
US_Election,#RussianBountiesOnOurTroops,11,5.0581392843141625e-05,1.224578186524312e-07,2,Regular
US_Election,@JudiciaryGOP,50,0.00011268192934636119,1.6061146325129904e-06,1,Regular
US_Election,Hate,35,8.612825548112424e-05,6.2073705309694755e-06,13,Regular
US_Election,#Chine,25,9.033869783888409e-05,3.2395224394772846e-07,0,Regular
US_Election,#iran,9,4.920942804588986e-05,1.6682718018169403e-06,3,Regular
US_Election,Mail,21,6.285935847389285e-05,1.10761867951814e-07,13,Regular
US_Election,Scheme,12,7.470926963044378e-05,1.7838985318515083e-08,1,Regular
US_Election,Reaction,16,7.459923829014896e-05,3.4621972032554174e-07,1,Regular
US_Election,Payoff,17,8.02907601263853e-05,7.91018164781524e-08,1,Regular
US_Election,Three,15,5.633637259286776e-05,2.314440702002774e-05,0,Regular
US_Election,Asian,20,6.177570377871468e-05,1.5676684067785983e-08,1,Regular
US_Election,#EVNews,16,0.00010138803858966953,9.061886128396845e-07,1,Regular
US_Election,@BernieSanders,57,0.00020043521709309854,0.0001766238465482103,2,Regular
US_Election,@RBReich,33,9.863855444127269e-05,6.650756798649346e-07,2,Regular
US_Election,Start,7,4.5299650650431815e-05,0.0,13,Regular
US_Election,@GamebredFighter,37,0.00010797733005856238,1.07550330083146e-05,13,Regular
US_Election,@ProudSocialist,6,5.641234979663318e-05,0.0,2,Regular
US_Election,#EndTheNightmare,15,5.6166048501216895e-05,2.4634789249377975e-08,2,Regular
US_Election,Knew,53,0.000105755465252471,8.016586072462653e-06,3,Regular
US_Election,Hit,10,5.036638609220743e-05,0.0,13,Regular
US_Election,Weeks,70,0.0001677770872840922,1.9724329567249657e-05,13,Regular
US_Election,Devine,13,6.672492961228082e-05,7.925455857338426e-07,1,Regular
US_Election,Father,63,0.00022468239444143104,3.778618865358803e-07,1,Regular
US_Election,Year,18,6.330342444644003e-05,6.99095370590456e-08,13,Regular
US_Election,#army,19,0.0001018867411790279,1.2471650962324584e-06,3,Regular
US_Election,#Fiverr,40,0.0003344246689982748,0.000130526662960073,10,Regular
US_Election,#EndSWAT,11,7.645498202188096e-05,2.6843581414294294e-06,1,Regular
US_Election,#JUNGKOOK,13,8.63266624990147e-05,0.0,10,Regular
US_Election,Karma,22,6.723448542238922e-05,0.0,2,Regular
US_Election,#Democratic,74,0.0001857579891500782,2.0955308164201987e-06,2,Regular
US_Election,Kushner,14,6.331308343018917e-05,3.233316088980859e-07,13,Regular
US_Election,Wahlkampf,36,9.295037357674274e-05,1.0289877044022152e-06,1,Regular
US_Election,@kilmeade,55,0.00011223175476870239,1.8515625665044722e-06,2,Regular
US_Election,@KatiePavlich,18,5.762935994348278e-05,5.551392586815416e-08,1,Regular
US_Election,@joelockhart,9,4.920111817881605e-05,0.0,13,Regular
US_Election,Idiot,19,6.182308824237396e-05,9.673373066211227e-08,13,Regular
US_Election,Racist,38,8.026075289793155e-05,1.3262458676475293e-07,2,Regular
US_Election,@robreiner,11,5.0790279543443535e-05,0.0,13,Regular
US_Election,#breaking,29,9.279685766339915e-05,8.04009469761306e-07,3,Regular
US_Election,#TrumpUsARacist,6,5.910111257731472e-05,0.0,13,Regular
US_Election,#TrumpIsAPos,36,0.00023331438721040028,1.8955851523428687e-05,13,Regular
US_Election,Folks,31,7.276877318539644e-05,7.850601899567685e-07,9,Regular
US_Election,Thing,41,7.913821941400652e-05,4.0050666716377187e-07,13,Regular
US_Election,@MichelleObama,34,9.094200619114372e-05,1.0014665257508948e-06,2,Regular
US_Election,Society,6,4.409563953238055e-05,0.0,13,Regular
US_Election,#GoJoe,26,7.212417215555884e-05,4.1720207599753016e-08,2,Regular
US_Election,#Paris,65,0.00016105727604790924,2.006168372627551e-05,0,Regular
US_Election,Goes,5,4.430247845850728e-05,0.0,2,Regular
US_Election,Caught,22,5.894285428169544e-05,1.9226862040605554e-07,1,Regular
US_Election,Europe,54,0.00011495787783906242,2.488988837851127e-07,13,Regular
US_Election,Speaking,5,4.4255065346005254e-05,0.0,13,Regular
US_Election,Took,9,4.96625241369621e-05,0.0,2,Regular
US_Election,Join,86,0.00023847148912023604,9.29281161137674e-05,1,Regular
US_Election,@stillgray,3,4.292242672102952e-05,0.0,1,Regular
US_Election,Vladimir,38,0.00021608785696544647,3.6572935468580363e-07,1,Regular
US_Election,#setup,22,0.000170495287312507,0.0,1,Regular
US_Election,#Obamacare,52,0.00012733109386545225,2.9640657665067318e-06,0,Regular
US_Election,Blood,8,4.8952678050377484e-05,6.806981239959702e-08,13,Regular
US_Election,#tRUMP,22,6.264974846747938e-05,5.08565670973656e-07,13,Regular
US_Election,Hundreds,10,5.60998435297839e-05,1.505150239462642e-07,3,Regular
US_Election,Episode,49,0.00012009180554545559,1.1645284053681417e-05,3,Regular
US_Election,Money,88,0.0001499631260063949,0.00010069331597782957,13,Regular
US_Election,Daddy,9,5.085857811376666e-05,5.6202690293670066e-08,13,Regular
US_Election,#CoronaVirusDE,7,4.7748792155506925e-05,0.0,0,Regular
US_Election,#TrumpIsA_DANGER_ToAmerica,11,8.888844079782556e-05,0.0,13,Regular
US_Election,#ONEV1,13,5.734062442842557e-05,0.0,2,Regular
US_Election,#Latinx,33,0.0001513242856215777,1.2943033541350442e-05,5,Regular
US_Election,According,38,8.881681514296184e-05,6.8855702361387624e-06,13,Regular
US_Election,#iPhone12Pro,5,4.774116675634769e-05,0.0,13,Regular
US_Election,#QuidProQuo,23,8.789129324536345e-05,9.116547252644097e-06,1,Regular
US_Election,#RosemontSenecaPartners,6,5.697965415101527e-05,0.0,1,Regular
US_Election,#BurismaHoldings,22,9.46764891806929e-05,9.494658356531092e-08,1,Regular
US_Election,#TrumpIsACriminal,31,0.00017275806317079576,8.515183922344428e-06,13,Regular
US_Election,Morrison,8,0.00014825735275781336,0.0,2,Regular
US_Election,#ScottMorrison,8,0.00014558421030529795,0.0,2,Regular
US_Election,Scott,13,0.00015511599931349471,4.366544009048393e-05,2,Regular
US_Election,#DanAndrews,10,0.00015127977490512058,7.922034621519344e-06,2,Regular
US_Election,#WakeUp,33,7.91845927180978e-05,5.44835983105152e-06,13,Regular
US_Election,#peace,38,9.149676176783614e-05,3.326663550202247e-06,1,Regular
US_Election,Lmao,8,5.9464562506540084e-05,0.0,13,Regular
US_Election,@GovAbbott,67,0.00014740489599558197,5.67898635127765e-06,2,Regular
US_Election,@SteveSchmidtSES,22,6.844642903676765e-05,4.824200983224513e-07,2,Regular
US_Election,Bin,59,0.00015740369668627749,9.066639710338881e-06,13,Regular
US_Election,Countdown,6,5.1857403170022095e-05,2.408472415277446e-07,13,Regular
US_Election,#disinformation,16,5.9213892890267e-05,5.850762446727268e-08,1,Regular
US_Election,Insider,12,5.662581053273964e-05,0.0,13,Regular
US_Election,#Voters,35,7.94614621330339e-05,5.409268761274054e-07,13,Regular
US_Election,#Joe,78,0.00015642566208687303,9.370585991186465e-05,2,Regular
US_Election,#RT,44,0.00011059329254771667,4.0208604273904506e-05,2,Regular
US_Election,@latimes,29,8.067314620076486e-05,1.0649894017832398e-07,2,Regular
US_Election,Comparing,11,5.6813556194684506e-05,5.729689358218778e-07,2,Regular
US_Election,#HunterBidensEmails,40,0.00017224588038074694,1.7126491546927469e-06,1,Regular
US_Election,Companies,21,6.551994998688443e-05,0.0,1,Regular
US_Election,Allowed,19,7.118463464691273e-05,0.0,13,Regular
US_Election,Philadelphia,32,0.00010784607462447568,1.0120151316645845e-06,13,Regular
US_Election,Monday,29,7.784934399219693e-05,7.064465035884909e-07,2,Regular
US_Election,#Policy,29,8.031589481898653e-05,0.0,1,Regular
US_Election,#Immigration,29,8.231915745707927e-05,9.014386736303846e-07,13,Regular
US_Election,Say,73,0.00013875940323535024,2.4915654292071477e-06,13,Regular
US_Election,@NPR,41,9.197457155000943e-05,1.7370011764185478e-07,2,Regular
US_Election,#TrumpHasCovid,74,0.00023895635184407337,5.701299575058442e-05,13,Regular
US_Election,Facts,46,0.00010983125071430739,1.6878847962458388e-05,13,Regular
US_Election,Seems,56,0.0001340524604086743,2.878231487705171e-06,13,Regular
US_Election,Definitely,5,4.5280448300375744e-05,0.0,2,Regular
US_Election,Plus,13,5.671163917778588e-05,0.0,13,Regular
US_Election,#conservatives,13,5.317380395108197e-05,3.854083569668445e-08,3,Regular
US_Election,@ChrisMegerian,7,4.659276518797509e-05,0.0,1,Regular
US_Election,#BidenScandal,17,5.309785055993323e-05,2.2890262830464214e-07,1,Regular
US_Election,City,10,5.928671535596308e-05,2.030284679767141e-06,3,Regular
US_Election,Oklahoma,8,5.360057730251789e-05,0.0,3,Regular
US_Election,#USElections,56,0.00018731422188623237,1.645456789466613e-06,1,Regular
US_Election,#voters,55,0.00010341068868255696,2.2087283931753764e-07,2,Regular
US_Election,#foxnews,107,0.00025312957010397796,2.1287562548642297e-05,3,Regular
US_Election,Main,44,0.00018451261335063538,1.0398316867160176e-06,13,Regular
US_Election,#COVIDー19,129,0.00024593027827430697,4.0233350149846705e-05,2,Regular
US_Election,Worst,11,5.351440952278312e-05,1.7617438116451632e-06,13,Regular
US_Election,Old,41,9.360139815900486e-05,5.9125170562678057e-05,1,Regular
US_Election,#Christianity,21,6.181733201255807e-05,2.1784026210866448e-07,13,Regular
US_Election,#Catholic,11,5.2517329422694424e-05,0.0,2,Regular
US_Election,@TheView,27,0.00010321178244566577,2.739571659383163e-05,2,Regular
US_Election,@Morning_Joe,77,0.00014681522238958262,1.4858046437269133e-05,2,Regular
US_Election,#world,5,4.4246018692557576e-05,0.0,3,Regular
US_Election,#journalism,18,6.0768637317818526e-05,2.9184594049218967e-07,13,Regular
US_Election,@SohrabAhmari,19,6.070371722154785e-05,0.0,1,Regular
US_Election,#treason,15,5.9930522933151836e-05,8.242257783443829e-06,3,Regular
US_Election,#Lockdown,30,8.344541004042986e-05,0.0,0,Regular
US_Election,#TrumpOut2020,22,6.566318834472358e-05,1.930337963570662e-08,2,Regular
US_Election,@shaunking,14,5.311165717163822e-05,0.0,13,Regular
US_Election,#FL,53,0.00045710252071137335,6.829218259806131e-05,9,Regular
US_Election,#GA,52,0.0004544833952465809,4.4630240550240125e-05,9,Regular
US_Election,#TX,54,0.00045754888720338,5.924990781022967e-05,9,Regular
US_Election,End,44,0.00011602123281043265,2.8432222825535787e-06,1,Regular
US_Election,#MI,55,0.0004620990913517301,6.14765582441362e-05,9,Regular
US_Election,#IA,58,0.0004613730059915186,6.839030620247157e-05,9,Regular
US_Election,#NH,50,0.00045125775504436144,1.314097025886378e-05,9,Regular
US_Election,#WI,65,0.0004707736092530274,0.00011701574554023749,9,Regular
US_Election,Huge,20,6.202984639930944e-05,5.13454471033364e-08,2,Regular
US_Election,Suggests,34,7.582262318660343e-05,4.880477115442806e-08,13,Regular
US_Election,Policies,28,7.025491414768044e-05,6.742467464819624e-08,13,Regular
US_Election,#BidenCorruption,63,0.00014712905132219204,8.530641683555549e-07,1,Regular
US_Election,Eric,38,9.858553687293149e-05,5.041208846581244e-07,13,Regular
US_Election,#DemocratsForTrump,34,8.424117727908335e-05,8.225769031202337e-07,1,Regular
US_Election,Corrupt,74,0.00014766808663858628,1.1549874592646685e-06,1,Regular
US_Election,Tower,13,5.8145072304961375e-05,0.0,13,Regular
US_Election,#trading,39,0.00013015236726936742,1.9190821068159616e-05,3,Regular
US_Election,#thursdaymorning,127,0.0002964912011069581,6.631494491547445e-06,1,Regular
US_Election,Sleepy,77,0.00019434468399393104,2.7770068893059184e-06,1,Regular
US_Election,#CrookedBiden,86,0.00020707706531642047,7.063590152756773e-06,1,Regular
US_Election,Sunday,13,5.981565217951658e-05,2.433399770039262e-07,2,Regular
US_Election,#donaldtrumpcovid,20,6.680658772600453e-05,2.781347173316868e-08,1,Regular
US_Election,#MuellerReport,13,5.5538215549368626e-05,3.2394301029204787e-06,13,Regular
US_Election,#meme,72,0.0002800765381129843,0.0001142096177581547,3,Regular
US_Election,#Netanyahu,17,0.00011967365568786646,2.88999078056877e-06,1,Regular
US_Election,Die,102,0.00032967398818304787,0.0001254203928653066,13,Regular
US_Election,Fight,29,6.837052032768537e-05,2.7784516202705465e-07,13,Regular
US_Election,#woke,13,5.2515545306924935e-05,6.721992798229661e-08,1,Regular
US_Election,@joebiden,57,0.00013421032044027745,0.00020793024173300945,3,Regular
US_Election,Independent,45,0.00010952541492040795,5.037026636215039e-07,13,Regular
US_Election,Children,19,5.8410297317122275e-05,3.488948128039742e-07,13,Regular
US_Election,#RemoveTrumpNow,33,0.0001392396188089989,4.59153249081825e-08,13,Regular
US_Election,Une,5,4.490402660294566e-05,0.0,2,Regular
US_Election,Order,64,0.0001533756828084827,1.570643481839194e-05,3,Regular
US_Election,Reality,28,7.074740157252171e-05,3.84826804899539e-06,13,Regular
US_Election,@LesterHoltNBC,28,6.984260536218077e-05,1.966644230466135e-07,2,Regular
US_Election,Sir,20,6.456773188217632e-05,1.0514849069856453e-08,13,Regular
US_Election,@jomalleydillon,5,4.476516903282847e-05,0.0,2,Regular
US_Election,#ElectoralCollege,39,0.0001002345166247669,1.6772993139003737e-06,13,Regular
US_Election,Always,47,9.322906769471706e-05,1.6196262897311463e-07,13,Regular
US_Election,#TV,7,4.864500518939281e-05,0.0,13,Regular
US_Election,#WeThePeople,51,0.00018869989286425211,4.519186132921234e-05,2,Regular
US_Election,#USelections,15,6.634548459000093e-05,2.923565966645379e-07,3,Regular
US_Election,Flip,21,6.313710095606721e-05,1.7838985318515083e-08,13,Regular
US_Election,Private,29,0.00013179324488994388,1.7939624844983753e-06,13,Regular
US_Election,Buy,38,9.450231354115585e-05,1.7423798189985658e-07,2,Regular
US_Election,Info,51,0.00013436548393238056,6.346553482964714e-07,13,Regular
US_Election,Protect,26,6.771150916786351e-05,3.653461605766061e-07,13,Regular
US_Election,Dont,12,5.651075777655983e-05,2.2792410408223862e-07,13,Regular
US_Election,#Scotland,49,0.0001358064721761208,3.292058283465177e-05,0,Regular
US_Election,#Soleimani,19,9.625766052660697e-05,0.0,13,Regular
US_Election,Mob,45,0.00018886993381455323,2.2492149307585952e-05,13,Regular
US_Election,#RevolutionaryIranianRegime,17,8.938580356553924e-05,0.0,13,Regular
US_Election,#Leadership,56,9.610419470576003e-05,5.4374808897236385e-06,2,Regular
US_Election,Ultime,24,0.00015856046201792053,0.0,0,Regular
US_Election,#NewsByGatfil,24,0.00015856046201792053,0.0,0,Regular
US_Election,Parole,28,0.00016511069795143438,0.0,0,Regular
US_Election,#iPhone12,89,0.0003304932478230467,0.0001028846270056335,4,Regular
US_Election,#BorisJohnson,95,0.00051041153909298,0.0001407748102325142,0,Regular
US_Election,Whistleblower,30,8.686064978760619e-05,3.5646456514286476e-06,13,Regular
US_Election,@Annakhait,23,7.083791480793864e-05,4.500478586787326e-07,13,Regular
US_Election,#KKK,43,0.00010021375921772627,1.2579801702047661e-06,2,Regular
US_Election,#RUSSIA,37,0.00011757491244094457,1.775860330377915e-06,2,Regular
US_Election,#ELECTION,45,0.00012272558058565915,2.604639188536979e-06,2,Regular
US_Election,#PENCE,33,0.00012281531735262136,6.218903670927382e-06,2,Regular
US_Election,#CORRUPTION,32,0.00010378723822846907,5.145472099987556e-07,2,Regular
US_Election,#HARRIS,33,0.00010968972186095011,6.218903670927382e-06,2,Regular
US_Election,@matthewjdowd,6,4.53648366962272e-05,0.0,3,Regular
US_Election,Etats,11,5.883673213872911e-05,3.2785469901739087e-07,13,Regular
US_Election,#PURPLEPOWER,14,5.448708445649385e-05,8.306414264712921e-07,2,Regular
US_Election,#YouTube,25,7.341434704446036e-05,6.224673593404102e-07,2,Regular
US_Election,Canadian,14,5.348104761354764e-05,0.0,13,Regular
US_Election,@carlbernstein,28,8.178036445014646e-05,1.8438151468094093e-07,2,Regular
US_Election,#HerdMentality,8,5.132784745089895e-05,3.6352983150045803e-07,13,Regular
US_Election,Central,8,4.845046160091891e-05,3.2880933289796303e-07,3,Regular
US_Election,Blacks,38,8.387212406220792e-05,4.355726623788364e-06,13,Regular
US_Election,#Cuomo,32,0.0001095436472109809,6.327132014749318e-07,5,Regular
US_Election,#hunterslaptop,23,7.813410039927027e-05,2.494403521722143e-07,1,Regular
US_Election,Keeping,36,7.503134774477667e-05,4.589688981387119e-06,13,Regular
US_Election,Wouldn,6,4.4018658489721474e-05,0.0,2,Regular
US_Election,@Spreaker,47,0.00012687127407904676,1.2898605668141257e-05,3,Regular
US_Election,#GoJoe2020,2,4.2224254695995645e-05,0.0,1,Regular
US_Election,Network,47,9.633198390282267e-05,1.8413652387446614e-06,13,Regular
US_Election,Boy,10,4.906858450472447e-05,0.0,1,Regular
US_Election,#Taylor,18,0.00011645301227373839,1.415621576534076e-06,10,Regular
US_Election,#Military,28,7.198663013665375e-05,1.1455061568439175e-06,13,Regular
US_Election,#FakeKamala,41,0.00017933175704262376,6.844359721098763e-07,13,Regular
US_Election,#BDSBernie,36,0.00016373257170728902,4.296151683508785e-07,13,Regular
US_Election,@TwitterSupport,38,0.00010305299690235669,2.8356051383048e-06,1,Regular
US_Election,#fucktrump,48,0.00011622099748488634,4.469252389506881e-06,3,Regular
US_Election,#JackDorsey,79,0.00031481182092046666,2.4616860252965883e-05,1,Regular
US_Election,Savannah,166,0.0005899576459124497,3.8237570468101814e-05,13,Regular
US_Election,Guthrie,175,0.0005344312751073706,3.573276568191267e-05,13,Regular
US_Election,@stevenmnuchin1,22,7.140888769589747e-05,1.0530772347687285e-06,13,Regular
US_Election,#Thursday,38,0.00011679544292124431,6.68082107517181e-06,2,Regular
US_Election,#rap,29,8.295858254370165e-05,6.07852811499005e-07,3,Regular
US_Election,#Liberal,24,6.180106940105185e-05,1.0334496102789033e-07,3,Regular
US_Election,Kremlin,8,5.192937136810521e-05,0.0,13,Regular
US_Election,#SmokingGun,34,8.499305702679567e-05,6.928690265679283e-07,1,Regular
US_Election,Reason,16,5.767511092848265e-05,5.583277859479743e-08,13,Regular
US_Election,Australian,10,5.093930834523275e-05,0.0,2,Regular
US_Election,Listening,24,7.154540953718683e-05,0.0,2,Regular
US_Election,#Indians,30,8.651291763267696e-05,6.683520595884255e-07,0,Regular
US_Election,Deaths,15,5.758110243465475e-05,1.1101514468603807e-08,13,Regular
US_Election,Channel,36,7.788721905118166e-05,0.0,13,Regular
US_Election,Secrets,17,6.14635921388244e-05,2.428148718713135e-07,1,Regular
US_Election,#TedCruz,83,0.00015934753562359686,4.901775755277752e-06,1,Regular
US_Election,Congratulations,5,4.4205987586557354e-05,0.0,13,Regular
US_Election,#McConnell,46,0.00012796528515515325,5.747541427087548e-06,13,Regular
US_Election,Put,39,8.381980932320193e-05,9.948664889171874e-08,2,Regular
US_Election,Change,26,8.357423773777621e-05,7.510194330983221e-07,13,Regular
US_Election,Reagan,5,4.623926085104444e-05,0.0,13,Regular
US_Election,#nbc,91,0.0002471767093519133,1.653746618532908e-05,3,Regular
US_Election,Army,15,0.000102459667982086,0.0,2,Regular
US_Election,#left,30,7.523175228827673e-05,1.094875635923556e-05,3,Regular
US_Election,@nowthisnews,9,4.949240492282069e-05,0.0,13,Regular
US_Election,Executive,19,6.328270193895577e-05,1.3625363231117504e-06,1,Regular
US_Election,Hes,5,4.531385394296e-05,0.0,13,Regular
US_Election,#mask,26,7.614022616607836e-05,3.0849792768199804e-07,3,Regular
US_Election,#Latinos,24,7.354527830169087e-05,1.1331077236316341e-06,2,Regular
US_Election,#NeverBiden,13,5.7413173500130564e-05,0.0,1,Regular
US_Election,#JustinTrudeau,43,0.00015264867183484518,3.129413056908144e-05,0,Regular
US_Election,#Bidens,17,5.8919710558570664e-05,6.270673627114393e-08,1,Regular
US_Election,Spoiler,9,5.503036688082503e-05,0.0,2,Regular
US_Election,#Illinois,32,8.984925252995803e-05,5.317515755990848e-07,0,Regular
US_Election,#ConspiracyTheory,14,5.819025357197161e-05,1.6688083039901208e-08,13,Regular
US_Election,#wwg,50,0.00026417553168501433,1.1811989535023586e-06,3,Regular
US_Election,Clearly,10,5.211214070679481e-05,0.0,13,Regular
US_Election,#TuckerCarlsonTonight,23,6.962883508214691e-05,6.791122681515353e-08,1,Regular
US_Election,#EtatsUnis,32,9.885165282621565e-05,1.509873262596568e-07,2,Regular
US_Election,#veterans,53,0.00013964643896124772,0.00010138067279619854,5,Regular
US_Election,#winning,28,7.911213605420784e-05,5.090205889096949e-06,3,Regular
US_Election,#NRA,40,0.00012399470055432272,4.6951110174484836e-05,5,Regular
US_Election,Maduro,16,6.869011053279594e-05,1.6998471356142001e-06,3,Regular
US_Election,@GavinNewsom,14,7.734244057304844e-05,6.18389222415675e-07,8,Regular
US_Election,Judiciary,53,0.00012308500941285715,4.060933810585861e-06,1,Regular
US_Election,Committee,53,0.00012126958698183485,2.2209295433046243e-06,1,Regular
US_Election,Unis,15,7.505750035024825e-05,9.619357618161925e-08,13,Regular
US_Election,#Italy,100,0.0002772054170027851,0.00010206020091533402,0,Regular
US_Election,#dog,41,0.00021878900987777546,9.73048315551518e-06,3,Regular
US_Election,Ban,24,6.524627248225199e-05,3.8454184107636546e-06,1,Regular
US_Election,Jetzt,22,6.564577768873768e-05,2.436299389677062e-06,0,Regular
US_Election,#GOPComplicitTraitors,20,7.377877420050564e-05,3.7233474160337565e-07,13,Regular
US_Election,Political,34,0.00010204691667544226,8.811914906681822e-06,13,Regular
US_Election,Around,17,5.814526800240118e-05,7.838342033892991e-08,13,Regular
US_Election,Commander,34,0.00015527806646594566,1.3531555160636753e-06,13,Regular
US_Election,#DigitalTransformation,29,8.380072976599341e-05,6.707979654582119e-06,2,Regular
US_Election,Competing,29,7.972647492128274e-05,1.1583743118192806e-06,13,Regular
US_Election,Halls,78,0.0002152767854280901,7.183778139261254e-06,13,Regular
US_Election,Proud,18,6.705326333026102e-05,9.64756704083744e-07,13,Regular
US_Election,@vegix,13,5.137867433608742e-05,0.0,2,Regular
US_Election,#Italia,32,0.00016331219805915793,1.544414115810439e-05,0,Regular
US_Election,#hillaryclinton,20,0.0001316674387874618,1.3166626180215604e-05,3,Regular
US_Election,#BackTheBlue,26,9.191140037410709e-05,8.023592811983782e-07,3,Regular
US_Election,Smoking,67,0.00018855651024950269,5.61560354630419e-07,1,Regular
US_Election,#RussianCollusion,15,5.366706228626948e-05,0.0,1,Regular
US_Election,#Merkel,81,0.0002983155647942983,1.216729969445621e-05,0,Regular
US_Election,Regime,16,6.068258853330046e-05,3.0050614676115416e-07,13,Regular
US_Election,Als,11,6.104812786057921e-05,1.2296653994564938e-06,1,Regular
US_Election,#Russiagate,36,0.00010903818541372872,1.6471247778278482e-07,2,Regular
US_Election,@GOPLeader,74,0.0002750661316493115,1.745426424623741e-05,13,Regular
US_Election,#WhoOwnsTrump,17,0.00011239657713464005,0.0,13,Regular
US_Election,#HunterBidensCrackpipe,41,0.00019761090390722454,1.327280972720099e-06,1,Regular
US_Election,#POTUS45,14,6.064879791823099e-05,0.0,13,Regular
US_Election,#RachelMaddow,20,6.637645616874968e-05,3.3514903415441293e-06,1,Regular
US_Election,#MainstreamMedia,23,6.405108158301804e-05,3.219375200775231e-06,1,Regular
US_Election,Drive,16,6.363141102229658e-05,1.5556094190341474e-07,1,Regular
US_Election,#2ndAmendment,18,9.175948924497842e-05,1.3124072394990532e-05,5,Regular
US_Election,#Christians,29,7.953712660445405e-05,2.8029252902001187e-06,13,Regular
US_Election,#SocialDistancing,8,4.9170440774119506e-05,5.186271420921678e-08,2,Regular
US_Election,#CCPChina,37,0.00010291982085660897,1.92843723064863e-06,1,Regular
US_Election,Daniel,25,6.725162091106152e-05,6.034791490543655e-07,13,Regular
US_Election,Ignore,13,5.6097585983781045e-05,4.8576239349436406e-08,13,Regular
US_Election,@TomFitton,24,7.288046549079585e-05,1.3143379683994276e-06,1,Regular
US_Election,#potus45,16,0.00011598113152135555,0.0,1,Regular
US_Election,#donaldjtrump,16,0.00011582954930926335,0.0,1,Regular
US_Election,#potustrump,16,0.00011598113152135555,0.0,1,Regular
US_Election,Wolfman,15,0.00012250116942513358,1.1212610764711399e-07,0,Regular
US_Election,Science,19,6.630001735598939e-05,2.6386189137244575e-07,2,Regular
US_Election,#follow,32,0.0002738887554094156,2.682856698216598e-05,6,Regular
US_Election,#friends,21,0.00026151929409407644,0.0,6,Regular
US_Election,#summer,21,0.00026151929409407644,0.0,6,Regular
US_Election,#followme,21,0.00025893178976365725,0.0,6,Regular
US_Election,#beautiful,21,0.00025932754042993795,0.0,6,Regular
US_Election,#instadaily,21,0.00026151929409407644,0.0,6,Regular
US_Election,#like4like,21,0.00026151929409407644,0.0,6,Regular
US_Election,#fashion,58,0.0005603789981811294,7.398448298503452e-05,6,Regular
US_Election,#happy,27,0.00026544660533933624,2.8483396839885417e-05,6,Regular
US_Election,#art,50,0.00040381333798738135,8.88306531526289e-05,6,Regular
US_Election,#me,21,0.00026151929409407644,0.0,6,Regular
US_Election,#instagood,21,0.0002604021872618116,0.0,6,Regular
US_Election,#selfie,21,0.00026151929409407644,0.0,6,Regular
US_Election,#photooftheday,21,0.00025893178976365725,0.0,6,Regular
US_Election,#tbt,35,0.0002752370797515279,7.961740398509431e-05,6,Regular
US_Election,#russia,25,7.357181680939732e-05,3.3669138323023875e-06,3,Regular
US_Election,@AC360,17,5.738457757938347e-05,1.8682352928856143e-06,2,Regular
US_Election,#BigTechCensorship,76,0.00017619535404348933,1.699011138160455e-05,1,Regular
US_Election,#JOEBIDEN,79,0.0001437530812935056,1.9156039414580026e-05,1,Regular
US_Election,Top,75,0.00014918368786233778,4.165224636095472e-06,13,Regular
US_Election,Shameful,34,0.00010724139230980145,6.23649018822419e-08,2,Regular
US_Election,#kamala,53,0.00010278473761672562,1.2954441317729153e-05,3,Regular
US_Election,Exclusive,30,9.975583314960943e-05,2.3296215207269764e-06,2,Regular
US_Election,#Ethereum,9,8.957813222031788e-05,8.054027754321801e-06,3,Regular
US_Election,#Airdrops,9,8.817064539346493e-05,8.054027754321801e-06,3,Regular
US_Election,Reward,6,7.845796132418918e-05,0.0,3,Regular
US_Election,Guy,30,8.201365529684279e-05,1.0116370744538405e-06,1,Regular
US_Election,#KeepAmericaGreat,29,7.833136316261698e-05,1.968847196931725e-07,1,Regular
US_Election,Bye,79,0.0004458014227595407,7.499988210300571e-06,1,Regular
US_Election,Speaker,12,5.5821511139229256e-05,1.1407315259194163e-07,13,Regular
US_Election,Newly,15,7.055407210253784e-05,0.0,1,Regular
US_Election,#Covita,34,0.00021778351458110937,4.6696948714000385e-06,9,Regular
US_Election,Lowest,9,9.127771007916557e-05,0.0,5,Regular
US_Election,Quick,3,4.3034773483930376e-05,0.0,2,Regular
US_Election,Aug,14,5.326919575353062e-05,3.608996625033873e-08,1,Regular
US_Election,#Elections,63,0.00015529259847076192,1.1652380373598024e-05,2,Regular
US_Election,Cheat,23,6.524541870223556e-05,7.474942808621029e-08,13,Regular
US_Election,#emails,69,0.00025349153718829363,1.4404322297986047e-05,1,Regular
US_Election,King,25,6.88437334211644e-05,5.173305742369374e-08,13,Regular
US_Election,Civil,41,0.0001420212067223302,2.6220614651693834e-06,13,Regular
US_Election,Leute,13,6.230077391801992e-05,5.638545010569215e-07,13,Regular
US_Election,Jahre,14,6.97738761256429e-05,1.7613736690228437e-07,13,Regular
US_Election,#fox,35,9.152522116484237e-05,1.8661996272024335e-06,2,Regular
US_Election,Race,61,0.0001436503098988703,4.785260275120609e-07,13,Regular
US_Election,Due,27,7.092752311828767e-05,1.4370293728803817e-08,13,Regular
US_Election,#Economy,91,0.00017174359954484603,9.91844800113632e-07,13,Regular
US_Election,#wikileaks,15,7.952591827579847e-05,0.0,1,Regular
US_Election,#freeassange,9,7.209224843614781e-05,0.0,1,Regular
US_Election,Speaks,18,5.869179681320035e-05,0.0,1,Regular
US_Election,Gave,33,0.00010181894096252093,2.487930822271918e-07,1,Regular
US_Election,Laptop,76,0.00017762242185401862,8.220129648212228e-05,1,Regular
US_Election,@amyklobuchar,50,0.00010539205671843261,3.741199241272854e-06,2,Regular
US_Election,@BernardKerik,16,5.699150100239991e-05,8.949850517362157e-08,13,Regular
US_Election,@Cernovich,10,4.936699844665003e-05,0.0,1,Regular
US_Election,Park,12,6.02222504163517e-05,3.163132003573906e-07,13,Regular
US_Election,#Peace,21,6.659346751546912e-05,9.459237372698707e-07,3,Regular
US_Election,Wie,39,0.00012377473283818792,3.6547223145812465e-06,13,Regular
US_Election,Btw,7,4.5745707092336075e-05,0.0,13,Regular
US_Election,#AmericaNeedsHealthcare,11,4.9044167919699846e-05,0.0,2,Regular
US_Election,#government,87,0.0002190215544861379,2.543333508352888e-05,3,Regular
US_Election,Auch,18,6.542841164628346e-05,2.968455966047308e-07,13,Regular
US_Election,Sohn,43,0.00013715614124401362,1.0972167221222112e-05,1,Regular
US_Election,#ÉtatsUnis,9,4.8267375071864304e-05,0.0,1,Regular
US_Election,Nazi,41,9.981847718198217e-05,5.095535116795606e-06,13,Regular
US_Election,#lgbt,30,7.55638550142951e-05,8.53575809009833e-07,2,Regular
US_Election,#Tennessee,5,4.669862598297187e-05,4.3169816088921925e-08,2,Regular
US_Election,#VeteransAgainstTrump,40,0.00010477422204863219,2.9816659052678453e-05,9,Regular
US_Election,#hunterbidenemails,20,9.345032955084662e-05,5.0783984669923725e-06,1,Regular
US_Election,#dems,18,6.960748445760984e-05,1.3895052393629177e-06,3,Regular
US_Election,Crime,59,0.00016757282971149314,4.3234370743380386e-06,1,Regular
US_Election,#newyorkpost,46,0.00010222819290646139,2.7372701955590693e-06,1,Regular
US_Election,Shocking,32,9.151271917942176e-05,1.2895380984423664e-06,1,Regular
US_Election,#JorgeMasvidal,12,0.00010991237953764188,0.0,1,Regular
US_Election,Masvidal,19,0.00012221306755351403,1.5242391903428182e-06,1,Regular
US_Election,#McEnany,15,6.528469657138589e-05,2.356817527639665e-07,1,Regular
US_Election,Account,40,0.00013017733959142056,3.4788173354258966e-06,1,Regular
US_Election,@NBCNightlyNews,19,6.908901786089079e-05,2.796381482361824e-08,2,Regular
US_Election,Lester,29,7.150114421770986e-05,9.732783627264527e-07,2,Regular
US_Election,#Jews,12,5.55271067065956e-05,1.0722449936107465e-07,13,Regular
US_Election,#Espana,33,0.00015844450637707335,1.124631683123777e-07,0,Regular
US_Election,#GoVote,74,0.0005994963287442677,0.00012203809445032291,9,Regular
US_Election,#NarendraModi,31,8.489385830401255e-05,1.0343200474998908e-07,13,Regular
US_Election,Problem,53,0.00018195760993536443,1.0288010378461734e-05,1,Regular
US_Election,Drama,39,0.00016506234190378117,8.70822571661961e-06,13,Regular
US_Election,#scandal,10,4.736154540791844e-05,0.0,1,Regular
US_Election,#ArrestThePresident,11,7.701500158888344e-05,0.0,13,Regular
US_Election,#fx,39,0.00011793192421040777,1.929638668287835e-07,3,Regular
US_Election,#EURUSD,28,0.00011863795247057097,3.252781685444608e-06,0,Regular
US_Election,#Spain,34,0.0001595312688308929,5.075528519239495e-06,0,Regular
US_Election,Review,23,6.854295940862955e-05,8.9317919407837e-07,3,Regular
US_Election,#forex,47,0.00017195243932310465,5.126520889353063e-06,3,Regular
US_Election,Third,10,5.2371141913582804e-05,1.1717925464809723e-07,13,Regular
US_Election,#UN,38,0.00011155932172156,7.373889098692119e-06,0,Regular
US_Election,#UAE,36,9.146715947320249e-05,5.644463750653762e-07,0,Regular
US_Election,#Germany,97,0.00028696503918230316,3.1768360138292734e-05,0,Regular
US_Election,#sleepyjoe,25,7.74455997728124e-05,1.068259167678976e-07,3,Regular
US_Election,#CoronavirusPandemic,24,6.705396412554449e-05,9.289804480946546e-08,2,Regular
US_Election,#KAGA,13,5.660177324390475e-05,5.5946830618705796e-08,1,Regular
US_Election,#KAGA2020,25,6.986489026495725e-05,7.798179510068516e-07,1,Regular
US_Election,#GlobalWarming,15,5.703401804970286e-05,3.403490619979851e-08,13,Regular
US_Election,#EndSARS,15,0.00010050219197443366,2.7837524167846944e-06,6,Regular
US_Election,#UnitedNationsHelp,15,7.256117228234148e-05,2.9656084213847393e-06,1,Regular
US_Election,#EndPoliceBrutalityinNigeria,17,8.887630499650615e-05,5.9099854462942865e-06,1,Regular
US_Election,#censoring,9,4.929611847046754e-05,0.0,1,Regular
US_Election,Bianca,15,6.748491602282219e-05,0.0,1,Regular
US_Election,Casa,18,7.854997949931252e-05,9.664803526844958e-08,1,Regular
US_Election,Club,9,5.1141213520670183e-05,1.4171414881260522e-07,3,Regular
US_Election,@telegraaf,10,5.6052410385809074e-05,3.592573432200954e-08,13,Regular
US_Election,#FakeNewsMediaClowns,13,5.3753574088831125e-05,0.0,2,Regular
US_Election,Prove,26,6.97737271981203e-05,1.0698631897473e-05,13,Regular
US_Election,Hedge,49,0.00012132396853555279,7.745861530986938e-06,1,Regular
US_Election,Zero,50,0.00012376912535677864,7.887549906875355e-06,1,Regular
US_Election,Decisions,19,0.00013937053938899364,0.0,1,Regular
US_Election,#Hillary,51,0.00010902311425398448,1.862629393466202e-05,1,Regular
US_Election,@kirstiealley,16,6.16242579118102e-05,9.30450673088017e-09,1,Regular
US_Election,Candidate,25,6.905245757510959e-05,0.0,1,Regular
US_Election,@YahooNews,19,6.662009853510883e-05,1.6667027259600306e-06,13,Regular
US_Election,@foxnews,17,5.854610198391658e-05,1.4696891313549358e-08,3,Regular
US_Election,#Britain,29,0.00019320738923274384,2.5481664856848326e-05,6,Regular
US_Election,Wat,8,5.5310341840894266e-05,2.020257882794048e-07,2,Regular
US_Election,@RTLnieuws,11,7.062812798278037e-05,1.0777720296602863e-07,1,Regular
US_Election,@voxdotcom,15,6.034836276719797e-05,1.575290831952464e-07,2,Regular
US_Election,#Fascism,15,7.278177056860998e-05,2.5183864090939927e-06,13,Regular
US_Election,Morning,45,0.0001397607938375318,3.146946605329665e-05,1,Regular
US_Election,Ein,20,8.176571908982141e-05,4.835219863641537e-06,1,Regular
US_Election,Das,65,0.00021342757132105815,0.0001023438804538446,1,Regular
US_Election,Armenian,27,6.878194594744817e-05,1.4405166275688253e-06,13,Regular
US_Election,#ABD,8,5.9470929622160593e-05,3.431056081199523e-08,1,Regular
US_Election,Caroline,50,0.0001603897219211775,1.6005569664670187e-06,1,Regular
US_Election,Floride,11,6.117327929010231e-05,0.0,13,Regular
US_Election,Consult,15,8.969483153394077e-05,0.0,1,Regular
US_Election,#Cult,10,7.343607817284842e-05,2.0878513847894395e-07,2,Regular
US_Election,@AdamParkhomenko,19,5.9378769887987346e-05,1.5290612947771072e-05,2,Regular
US_Election,Text,27,8.293682890050994e-05,0.0,1,Regular
US_Election,Hearing,15,5.7332436764981156e-05,7.315227517841511e-07,13,Regular
US_Election,#votehimout,34,8.550784780135509e-05,9.946290148699867e-07,3,Regular
US_Election,Anthony,22,6.271810517158115e-05,2.6741340424523816e-07,0,Regular
US_Election,Welt,6,4.9263619445673784e-05,4.0967942647905614e-08,13,Regular
US_Election,Background,20,0.00024347315188063482,0.0,10,Regular
US_Election,#Brexit,38,0.0001357770981227929,8.134293749044363e-06,0,Regular
US_Election,Laws,18,6.007257339502966e-05,0.0,13,Regular
US_Election,Dueling,52,0.00010779150131693146,5.7686761959828585e-08,13,Regular
US_Election,Complete,16,7.168223656982404e-05,0.0,1,Regular
US_Election,#BurismaBiden,105,0.00026245697562320315,3.4220360244391244e-05,1,Regular
US_Election,#lockdown,91,0.0003733923631438337,0.00010740834142241122,6,Regular
US_Election,#notmypresident,50,0.00015788578036842165,2.1567024789800276e-06,3,Regular
US_Election,#redbubble,41,0.0001788541547704084,9.556849654412628e-05,6,Regular
US_Election,Gets,22,7.075293598227174e-05,1.4558725342500385e-07,13,Regular
US_Election,Tomorrow,8,5.0087520082912754e-05,0.0,13,Regular
US_Election,#Epstein,168,0.0014151636568855144,0.00020800582869959838,0,Regular
US_Election,#PatriotsUnite,18,8.975770752542655e-05,4.435728421390974e-08,1,Regular
US_Election,Mann,14,6.213086801590254e-05,4.360473142650572e-08,13,Regular
US_Election,#Trending,43,8.928883573246281e-05,4.276263055780526e-06,1,Regular
US_Election,Pop,57,0.0001299770801357909,9.528678925527192e-07,1,Regular
US_Election,Killing,33,9.531638769937883e-05,3.3885755561906624e-07,3,Regular
US_Election,Tuesday,25,7.204976009268245e-05,1.0430051899938254e-08,1,Regular
US_Election,#Palestine,20,0.00012928420921843838,6.926618064355859e-06,1,Regular
US_Election,@RaheemKassam,14,5.3550255313170244e-05,0.0,2,Regular
US_Election,Reveal,36,0.00011994224410944285,1.1288137830983417e-05,13,Regular
US_Election,Jorgensen,23,7.468598832962244e-05,3.707509127715524e-06,2,Regular
US_Election,Ass,15,5.7002632627371286e-05,2.71899469248117e-06,13,Regular
US_Election,#presidentialelection,18,7.188612512097284e-05,1.2056309599925826e-07,3,Regular
US_Election,Unemployment,44,0.00010976757906417666,7.672195314415807e-06,13,Regular
US_Election,Govt,1,4.039086264736049e-05,0.0,13,Regular
US_Election,#Islam,17,8.510241773245197e-05,2.07124189333068e-06,5,Regular
US_Election,#Feminism,15,7.787578239772507e-05,4.407786520266118e-07,5,Regular
US_Election,@scrowder,57,0.00011236800627445061,6.464304938667655e-06,1,Regular
US_Election,@TheCurlyAfro2,7,6.057831185890636e-05,0.0,1,Regular
US_Election,#MediaBias,38,0.00012153457284035357,1.044661807584643e-05,1,Regular
US_Election,@narendramodi,27,6.910223257291819e-05,5.930593865077808e-07,13,Regular
US_Election,#USMC,31,0.00014753017801219043,9.88099459244077e-07,5,Regular
US_Election,#USArmy,29,0.00010664659028184911,2.5697179089773364e-05,5,Regular
US_Election,Sie,18,6.983668100534788e-05,0.0,2,Regular
US_Election,Fragen,14,6.473527386132902e-05,1.9500488432192794e-07,13,Regular
US_Election,Charles,5,4.61178777733498e-05,0.0,2,Regular
US_Election,#NASDAQ,14,7.277211164668205e-05,3.0577429506656333e-06,3,Regular
US_Election,Hoy,13,8.098405090087586e-05,5.749090646366266e-06,13,Regular
US_Election,#Ibex35,37,0.00017829851379511146,8.693113966478115e-06,0,Regular
US_Election,#alaskaquinn,7,9.827999024542883e-05,0.0,3,Regular
US_Election,#Gold,37,0.00013709006869826895,2.5473219380056903e-06,0,Regular
US_Election,#Venezuela,41,0.0001270978072594856,1.1828800185010033e-05,3,Regular
US_Election,#BenghaziBombshell,29,8.173553832600911e-05,1.2003618018984864e-06,2,Regular
US_Election,Posting,34,8.0929017085561e-05,5.351049302950044e-07,1,Regular
US_Election,@tribelaw,5,4.493729306356726e-05,0.0,13,Regular
US_Election,Hmmm,7,4.488370919840391e-05,0.0,1,Regular
US_Election,#stockmarket,23,8.648250783800104e-05,3.5462962818028845e-06,3,Regular
US_Election,Behind,9,5.0390458586545484e-05,0.0,13,Regular
US_Election,#Treason,33,8.220945663959912e-05,2.7771651374508923e-07,13,Regular
US_Election,@PrideNews1,34,9.846673619003607e-05,1.1832422139332165e-06,1,Regular
US_Election,#ThursdayMotivation,46,0.00012037189013977746,9.686231675324305e-07,1,Regular
US_Election,#VoteDemsOUT,27,8.845950326561229e-05,1.2118408824310206e-06,1,Regular
US_Election,Ich,12,6.424061872822502e-05,0.0,2,Regular
US_Election,Umfragen,29,8.414879868603228e-05,3.5998403164384725e-07,13,Regular
US_Election,#Forex,12,9.371723749103885e-05,0.0,0,Regular
US_Election,#DAX,17,0.00010414926059487166,0.0,0,Regular
US_Election,#AUDUSD,12,9.414334135709124e-05,0.0,0,Regular
US_Election,#England,93,0.0004068392549773847,4.336393510101429e-05,0,Regular
US_Election,Landslide,50,0.00016656062536581556,7.547371104957377e-07,2,Regular
US_Election,@clairecmc,11,5.0631295555076015e-05,3.7138300457439636e-07,2,Regular
US_Election,Officials,13,5.838120611874294e-05,0.0,1,Regular
US_Election,Daily,42,9.8728390772704e-05,8.993179546695959e-06,13,Regular
US_Election,#india,39,8.443712523202017e-05,2.8519359413781104e-06,3,Regular
US_Election,#instagram,25,9.774095060523645e-05,2.2609078417837755e-06,2,Regular
US_Election,#Fraud,29,7.341495167353795e-05,8.328464278289674e-08,1,Regular
US_Election,@welt,5,4.9408137756805344e-05,5.7544410531183606e-08,13,Regular
US_Election,#Fox,25,6.832193035196041e-05,2.9818890517163995e-07,13,Regular
US_Election,#Deutschland,33,0.00017504744505907505,3.5662156513568808e-06,0,Regular
US_Election,#JeffreyEpstein,11,7.633708972267319e-05,2.3773729536500682e-07,13,Regular
US_Election,Bei,18,6.752401871023617e-05,3.611507844414018e-07,13,Regular
US_Election,Crimes,19,7.469391945984393e-05,2.6284043197338736e-07,1,Regular
US_Election,Iranian,7,5.007211797729906e-05,1.7838985318515083e-08,13,Regular
US_Election,Demokrat,12,6.036548808435965e-05,1.3613962479919405e-07,1,Regular
US_Election,Reasons,37,0.00010019122088024175,1.8430304236426993e-07,3,Regular
US_Election,#clinton,7,5.412942970499936e-05,0.0,3,Regular
US_Election,Deutschland,12,5.74333412717886e-05,3.790652507594562e-07,13,Regular
US_Election,Medien,24,8.914563629908802e-05,5.372378918108514e-06,13,Regular
US_Election,@seanspicer,17,7.009960120117671e-05,0.0,1,Regular
US_Election,@WashTimes,87,0.00017670386438701737,4.4253978669446384e-05,2,Regular
US_Election,Zensur,31,9.079660257157848e-05,1.8951095076820266e-05,1,Regular
US_Election,#Canada,94,0.0002975545906637806,9.077492691874087e-05,0,Regular
US_Election,Dairy,16,8.359481264951891e-05,1.0363192592887367e-07,2,Regular
US_Election,Queen,16,8.568206721464228e-05,1.0363192592887367e-07,2,Regular
US_Election,English,6,4.4583684565839145e-05,0.0,13,Regular
US_Election,#baby,22,5.855908375652447e-05,1.1824711427322173e-05,6,Regular
US_Election,Wer,14,5.632406441218195e-05,1.4057896039047212e-08,13,Regular
US_Election,Jahren,17,6.952600238735511e-05,2.2420656739493208e-07,13,Regular
US_Election,#MeToo,47,9.716451841447227e-05,9.30828184916014e-06,2,Regular
US_Election,#uswahl2020,39,0.00013743346815689268,1.9663263535638405e-05,13,Regular
US_Election,#LGBT,60,0.00012081297191721856,4.485031620602976e-06,0,Regular
US_Election,Pathetic,35,8.406804347664917e-05,2.788349594070333e-05,13,Regular
US_Election,Slams,31,7.272430542602006e-05,0.0,13,Regular
US_Election,#RVAT,31,8.76991427594916e-05,1.1039354724437142e-06,2,Regular
US_Election,@facebook,21,8.998726411052282e-05,1.4314111369593664e-06,1,Regular
US_Election,Fire,37,9.239784879575824e-05,1.2810018596312735e-05,13,Regular
US_Election,@AriFleischer,43,0.00010994300053202451,4.915537685873376e-07,13,Regular
US_Election,Question,62,0.00035539941538204967,5.508988809436713e-06,13,Regular
US_Election,Star,5,4.5510186658670064e-05,0.0,13,Regular
US_Election,Uncle,22,6.858225835337903e-05,0.0,13,Regular
US_Election,@SenateDems,29,9.950734310860352e-05,2.4995969692929596e-06,2,Regular
US_Election,#Protestants,15,9.135973834938682e-05,0.0,5,Regular
US_Election,#Mormons,22,9.973596911283655e-05,3.279938746893318e-05,5,Regular
US_Election,@DailyMail,18,5.77609587434255e-05,3.598415287193793e-07,1,Regular
US_Election,Hier,16,5.952538112377985e-05,3.7487722770792566e-08,13,Regular
US_Election,#BidenLandslide,12,5.252512292727837e-05,0.0,2,Regular
US_Election,#BoycottNBCNews,40,0.00010302946791539264,1.4022133977651696e-07,2,Regular
US_Election,@Trump,8,4.952623439530652e-05,5.0718683748719356e-08,13,Regular
US_Election,Married,13,8.107317991758224e-05,1.1145672483125728e-06,2,Regular
US_Election,#influencer,21,0.00016766292675773084,0.0,6,Regular
US_Election,#Xi,46,0.00015838762440143064,0.0,0,Regular
US_Election,Couldn,8,4.773590804287031e-05,1.1200375994508857e-07,13,Regular
US_Election,@briantylercohen,5,4.582723666300511e-05,0.0,2,Regular
US_Election,Besides,15,5.988009367742412e-05,7.291966719609005e-08,2,Regular
US_Election,Land,16,5.8037160219639314e-05,2.759384103332317e-07,13,Regular
US_Election,#Amazon,25,0.00018744351460658318,7.681005200873405e-06,0,Regular
US_Election,Politik,6,5.297424509326739e-05,0.0,13,Regular
US_Election,@RTErdogan,13,0.0001708348300671188,0.00014302823864278887,5,Regular
US_Election,#Usa,12,5.631789345261123e-05,2.808642109646356e-06,3,Regular
US_Election,#NPR,52,0.00010990124469086401,1.1729154656019026e-06,5,Regular
US_Election,@PeteButtigieg,35,0.00010116142267719041,2.8915177304070496e-06,2,Regular
US_Election,Friends,24,6.925807994925337e-05,1.94641198802308e-05,13,Regular
US_Election,#Debates,20,6.298999825707552e-05,2.039646263009621e-08,2,Regular
US_Election,March,18,6.160200714186065e-05,9.656450862453148e-06,1,Regular
US_Election,Wear,2,4.196660584678558e-05,0.0,13,Regular
US_Election,#TrumpKills,6,4.4409384895776026e-05,0.0,2,Regular
US_Election,#Bolsonaro,13,7.181269845987011e-05,2.3837756869564942e-06,13,Regular
US_Election,Lead,32,8.008003936031976e-05,5.713002112109036e-08,13,Regular
US_Election,@PBS,34,8.072698408303277e-05,2.702167647458402e-07,2,Regular
US_Election,#JoJorgensen2020,19,6.913152112483568e-05,2.4557423472320494e-07,2,Regular
US_Election,@NewsHour,37,0.00012112104571712026,3.125072352718774e-06,2,Regular
US_Election,Community,14,5.402882531574308e-05,0.0,1,Regular
US_Election,#censor,28,7.168153950945868e-05,9.778564446337205e-06,1,Regular
US_Election,@Independent,21,6.059469363544476e-05,2.956955623769124e-07,1,Regular
US_Election,#Medien,10,5.900331732377695e-05,1.197524477400318e-07,2,Regular
US_Election,#investing,34,0.00011073613171937501,3.2369934219901136e-06,3,Regular
US_Election,#elections2020,46,9.927467973068845e-05,1.305173216137003e-06,3,Regular
US_Election,#black,37,0.00020133269135986685,1.4586213392998294e-06,0,Regular
US_Election,Evil,13,5.019616851305539e-05,0.0,13,Regular
US_Election,#facciamorete,9,5.193759728186398e-05,0.0,9,Regular
US_Election,#5G,43,9.499700728520082e-05,3.098183786770465e-05,0,Regular
US_Election,Stimulus,44,0.00011254235231006327,5.734946841367726e-07,13,Regular
US_Election,Rise,29,9.682347645940324e-05,2.2636202862214063e-06,13,Regular
US_Election,Saudis,15,6.38492467264713e-05,2.404163704842409e-06,13,Regular
US_Election,#SaudiArabia,24,7.962905410142415e-05,2.405944481452762e-06,13,Regular
US_Election,Screw,6,4.6371251071640685e-05,0.0,1,Regular
US_Election,#Beyrouth,58,0.00031249343798042147,3.0581061530075362e-06,0,Regular
US_Election,#LR,33,0.00015687205798378478,1.4500616592522052e-06,0,Regular
US_Election,#Castex,34,0.00012137233829463616,2.088490572914691e-06,0,Regular
US_Election,#Insoumis,29,0.00013654539054890324,9.948664889171874e-08,0,Regular
US_Election,#Zuckerberg,64,0.0002092387740703763,1.034178676208521e-05,0,Regular
US_Election,#r2p,191,0.0020364483840735023,9.988345623882694e-05,0,Regular
US_Election,#Nadal,98,0.00033401090116346935,1.7030852549374672e-05,0,Regular
US_Election,#Loukachenko,70,0.00023820901469322528,3.402650031633388e-06,0,Regular
US_Election,#LREM,29,0.00012266745256408508,9.948664889171874e-08,0,Regular
US_Election,#PS,43,0.00020270035131043262,1.764041546036799e-06,0,Regular
US_Election,#EELV,29,0.00013654539054890324,9.948664889171874e-08,0,Regular
US_Election,#BlackTrump,15,0.00027706012722579623,1.652583778812439e-07,13,Regular
US_Election,#eugenics,27,0.0004618903280628766,1.643242857074156e-06,13,Regular
US_Election,#Poutine,58,0.00020709841082894315,5.649544264269078e-06,0,Regular
US_Election,#CAC40,42,0.00019020917764097468,4.4896042050723896e-07,0,Regular
US_Election,#PSG,92,0.0003632251789108547,3.119558956178046e-05,0,Regular
US_Election,#UE,189,0.001829540612480497,9.926147570239372e-05,0,Regular
US_Election,#FMI,48,0.00014001868576557795,8.434058431281051e-06,0,Regular
US_Election,Repubs,18,6.362069257094394e-05,5.619965202484958e-06,2,Regular
US_Election,#UFC,13,0.00010984379669086465,0.0,1,Regular
US_Election,#Neymar,36,0.00012548052349634585,2.750892734382601e-05,0,Regular
US_Election,Joseph,11,5.2132383251214166e-05,0.0,13,Regular
US_Election,#Liban,69,0.0002640486140422546,1.0036188049524315e-05,0,Regular
US_Election,#Nawalny,71,0.00022915688006397672,3.2481877096702316e-06,0,Regular
US_Election,#Allemagne,29,0.00016319127738823058,1.8868157548429415e-07,0,Regular
US_Election,#Virecard,29,0.00016319127738823058,1.8868157548429415e-07,0,Regular
US_Election,#Bayern,42,0.0002054137923814178,1.9935686763824605e-06,0,Regular
US_Election,#AngelaMerkel,43,0.00019500443535017153,3.1365413484432566e-06,0,Regular
US_Election,#Euro,57,0.0002553678540735727,7.529999469041589e-06,0,Regular
US_Election,#Leipzig,27,0.00011291849958181112,0.0,0,Regular
US_Election,#International,31,8.123745386955447e-05,1.4984053575588437e-06,0,Regular
US_Election,#Qanon,79,0.00021366856843184454,1.2632453525432421e-05,0,Regular
US_Election,#JacobBlake,134,0.0009956185358081257,2.0307382977553442e-05,0,Regular
US_Election,#FOXNews,32,0.00010970483107169359,1.660410281912448e-05,5,Regular
US_Election,#SiliconValley,19,7.537069362429773e-05,1.5627017024767103e-06,1,Regular
US_Election,#Espagne,33,0.00015728442159805415,1.124631683123777e-07,0,Regular
US_Election,#FelipeVI,29,0.00013529054710449174,1.124631683123777e-07,0,Regular
US_Election,#PedroSanchez,33,0.00015728442159805415,1.124631683123777e-07,0,Regular
US_Election,#JuanCarlos,29,0.00013529054710449174,1.124631683123777e-07,0,Regular
US_Election,#RTErdogan,12,0.00017472386262609306,0.0,5,Regular
US_Election,@BBCWorld,61,0.00024325656534244616,0.0005087082093260141,5,Regular
US_Election,#rterdoğan,12,0.00017472386262609306,0.0,5,Regular
US_Election,#ArmeniaKillsCivilians,22,0.00022528657214228255,9.139564251884566e-06,4,Regular
US_Election,#Podemos,32,0.00013341391291303925,1.124631683123777e-07,0,Regular
US_Election,#Maduro,50,0.00016227234594787693,2.5846965122019137e-05,0,Regular
US_Election,#Periscope,19,9.354135594740044e-05,0.0,0,Regular
US_Election,#Mib30,31,0.0001541761459306324,5.619965430523853e-07,0,Regular
US_Election,#Italie,31,0.0001541761459306324,5.563765776218614e-07,0,Regular
US_Election,#Ferrari,31,0.0001541761459306324,5.563765776218614e-07,0,Regular
US_Election,#SergioMattarella,31,0.0001541761459306324,5.563765776218614e-07,0,Regular
US_Election,#GiuseppeConte,31,0.0001541761459306324,5.563765776218614e-07,0,Regular
US_Election,#JeffBezos,44,0.00011509198923901545,7.4710227679398095e-06,0,Regular
US_Election,#govote,30,0.0001256371258001618,1.7364393225912269e-07,3,Regular
US_Election,#SteveBannon,58,0.00017455541595796454,1.4557750084917578e-05,0,Regular
US_Election,#HRC,14,6.008089240534313e-05,0.0,13,Regular
US_Election,Mais,7,4.884930887115072e-05,0.0,13,Regular
US_Election,#turkey,20,0.00021992879621930597,5.336296415272363e-06,4,Regular
US_Election,#TaxFraud,14,6.597820675102014e-05,0.0,9,Regular
US_Election,#Queen,56,0.0004355663896916173,4.441254329275737e-06,0,Regular
US_Election,#PrinceWilliam,53,0.0003872550417501757,4.441254329275737e-06,0,Regular
US_Election,#Sunak,56,0.0004315249709043669,4.441254329275737e-06,0,Regular
US_Election,#Meghan,35,0.00013371402635037533,0.0,0,Regular
US_Election,#PrinceHarry,59,0.00039326532900269494,1.7089883190341985e-05,0,Regular
US_Election,#FTSE,51,0.00029804128203685614,2.544345505259913e-06,0,Regular
US_Election,#PM,53,0.0003826077682648936,4.441254329275737e-06,0,Regular
US_Election,#FTSE100,38,0.00014259082056657346,8.868509401166874e-07,0,Regular
US_Election,#London,115,0.0005404876758036479,9.09914861315146e-05,0,Regular
US_Election,#DianaRigg,42,0.00025746174135992035,2.8070040242097886e-06,0,Regular
US_Election,#MeghanMarkle,39,0.00020114600287732086,8.28721443853839e-06,0,Regular
US_Election,#PrinceAndrew,57,0.000357102625538758,3.0760667309792487e-06,0,Regular
US_Election,#StimulusNow,37,8.043939143891299e-05,1.0351325621928408e-06,9,Regular
US_Election,Artikel,49,0.00015740649728319289,5.631067527968633e-06,1,Regular
US_Election,#Maxwell,50,0.00024477456280555196,0.0,0,Regular
US_Election,#Tabloid,25,0.0001350496261360346,0.0,0,Regular
US_Election,#KateMiddleton,31,0.00011451303450744185,1.1121501745072165e-06,0,Regular
US_Election,Greenville,47,0.00015675486672869673,4.14655623153777e-06,13,Regular
US_Election,Verbreitung,29,0.00010549902694998763,3.1323644868375436e-06,1,Regular
US_Election,#ShinzoAbe,43,0.00014907353416105965,4.465916169197686e-06,0,Regular
US_Election,@BradleyWhitford,10,5.2705220373812444e-05,2.8502040667581184e-07,2,Regular
US_Election,#Beijing,23,9.322593558588755e-05,0.0,0,Regular
US_Election,Korruption,20,6.769419748843154e-05,5.732986066416033e-06,1,Regular
US_Election,#Toronto,34,0.00014234569236284993,2.6048378559691426e-07,0,Regular
US_Election,#Ottawa,34,0.00014234569236284993,2.6048378559691426e-07,0,Regular
US_Election,#TSX,34,0.00014234569236284993,2.6048378559691426e-07,0,Regular
US_Election,#Amerika,5,4.7812444438720414e-05,7.020914936072723e-07,13,Regular
US_Election,#Kenosha,70,0.000416741050343052,0.0,0,Regular
US_Election,#GeorgesFloyd,66,0.00044580983461995586,0.0,0,Regular
US_Election,#DowJones,65,0.00033762050732126986,5.673590444200118e-06,0,Regular
US_Election,#NYPD,48,0.0001564872723502614,1.0921435154519875e-06,0,Regular
US_Election,#WSJ,38,9.525240562060491e-05,9.636666833625449e-07,0,Regular
US_Election,#Modi,44,9.933784605249521e-05,5.009774575733066e-07,13,Regular
US_Election,#fiverr,22,0.00019282141065622894,8.62303380956761e-06,7,Regular
US_Election,Designer,21,0.0001903736842056285,8.62303380956761e-06,7,Regular
US_Election,@Project_Veritas,23,7.434781135720513e-05,9.709947554307067e-06,1,Regular
US_Election,#VoterFraud,24,6.4716785533777e-05,1.5067829352814065e-06,1,Regular
US_Election,#Argentina,25,8.039860975009288e-05,1.932824511855683e-05,0,Regular
US_Election,Cette,10,4.9646900101076225e-05,6.18486447119399e-08,1,Regular
US_Election,#lying,25,6.608254992936902e-05,2.798093068569626e-07,13,Regular
US_Election,#business,60,0.00028443140190228513,0.00010695420887915481,2,Regular
US_Election,Taliban,19,6.868664569120577e-05,2.026004137000635e-06,13,Regular
US_Election,#Philadelphia,60,0.0001604035227358219,8.089218133100671e-07,1,Regular
US_Election,#shirt,25,0.00017683157906760036,6.403422919080199e-06,6,Regular
US_Election,Oder,15,5.974254408406964e-05,2.573411047348814e-08,1,Regular
US_Election,Marine,23,7.755554155244251e-05,1.3858007834494533e-07,1,Regular
US_Election,@LouDobbs,29,7.028843476430584e-05,5.610149373593162e-08,1,Regular
US_Election,#markets,75,0.00014314014972455146,1.3327674401230445e-06,3,Regular
US_Election,#health,46,0.00010063402189034136,1.2779818472732915e-05,3,Regular
US_Election,#dollar,46,0.00010495035789194829,1.4648404015536454e-06,3,Regular
US_Election,Foreign,61,0.00014065058035209448,4.1098941548037144e-07,1,Regular
US_Election,Non,27,7.774045717236866e-05,6.578598951097982e-07,2,Regular
US_Election,#SuburbanWomen,11,5.2278261075876524e-05,3.0159848422434145e-07,13,Regular
US_Election,Citizens,36,9.419680429689745e-05,1.6139153839923833e-06,2,Regular
US_Election,Sweden,19,8.57988233663599e-05,1.7805197493590508e-06,2,Regular
US_Election,Debatte,15,6.363218612753975e-05,1.6679131419334446e-07,13,Regular
US_Election,#Oil,38,8.4987910335997e-05,4.893953616566287e-07,0,Regular
US_Election,Wenn,29,0.00010499563293060026,8.606614764831897e-07,13,Regular
US_Election,Involvement,28,0.0001083133687926509,0.0,13,Regular
US_Election,@TC_icisleri,12,0.00016994378074911654,0.0,5,Regular
US_Election,#prezidentaz,12,0.00016994378074911654,0.0,5,Regular
US_Election,@tcbestepe,12,0.00016994378074911654,0.0,5,Regular
US_Election,@EmineErdogan,12,0.00016994378074911654,0.0,5,Regular
US_Election,@presidentaz,12,0.00016994378074911654,0.0,5,Regular
US_Election,#azadliq,12,0.00013174527864691203,0.0,5,Regular
US_Election,#recebtayyiperdoğan,12,0.00013174527864691203,0.0,5,Regular
US_Election,#london,30,9.897813801355138e-05,7.29361319660597e-06,0,Regular
US_Election,Little,11,5.1555914523860344e-05,0.0,13,Regular
US_Election,Attack,27,0.00010295027456948352,3.982005689957365e-07,1,Regular
US_Election,#Climate,27,7.118425322398422e-05,4.822636370416508e-07,3,Regular
US_Election,#WorstPresidentEver,11,5.349162727360688e-05,2.353741004970251e-07,13,Regular
US_Election,#msnbc,122,0.00038519702505237954,7.564484039094457e-05,5,Regular
US_Election,#bbcnews,27,8.191482843813857e-05,1.9808209091108432e-06,5,Regular
US_Election,#skynews,24,7.658968929653937e-05,1.9289680965545575e-06,5,Regular
US_Election,#NATO,21,7.002828756346393e-05,1.2055939907553922e-06,13,Regular
US_Election,#walkaway,35,0.00010176412535161988,2.6605724946762317e-06,1,Regular
US_Election,#life,16,5.81791247599912e-05,0.0,3,Regular
US_Election,#45,5,4.5357462470090794e-05,0.0,13,Regular
US_Election,#FakeNewsMedia,40,9.143849177874349e-05,5.631845410200352e-08,1,Regular
US_Election,#OsamaBinLaden,54,0.00011341556375617359,1.014698557680154e-05,13,Regular
US_Election,@GoogleNews,38,9.212781370842843e-05,9.744275278779984e-06,13,Regular
US_Election,Elections,43,0.00010228911284517152,2.017213406601809e-07,13,Regular
US_Election,Human,6,4.631063979809926e-05,6.632443259447915e-08,13,Regular
US_Election,Been,21,6.616940136323371e-05,0.0,13,Regular
US_Election,#CorruptBiden,90,0.00022358044999587766,2.2815207083230393e-05,1,Regular
US_Election,@vrtnws,6,4.875023243651939e-05,0.0,2,Regular
US_Election,#Iraq,19,5.8251487942477705e-05,1.0664270609270202e-07,1,Regular
US_Election,Thomas,19,6.0981765307757634e-05,7.961174734880514e-07,2,Regular
US_Election,Dorsey,83,0.0002562462671887578,1.8416558454596597e-05,1,Regular
US_Election,Wird,20,7.11259474684166e-05,0.0,13,Regular
US_Election,Lord,7,4.817799187372399e-05,5.173305742369374e-08,13,Regular
US_Election,@SenFeinstein,14,5.6073041163466926e-05,0.0,13,Regular
US_Election,Yall,13,5.180353110525785e-05,5.986975006252088e-08,13,Regular
US_Election,#uselection,13,5.335634778523135e-05,3.5433600975132694e-08,3,Regular
US_Election,Debates,30,8.522791531468052e-05,3.2332074284315444e-07,2,Regular
US_Election,Brilliant,5,4.6020733340822803e-05,0.0,2,Regular
US_Election,Presidents,24,6.146324326291561e-05,3.2742353983546886e-07,2,Regular
US_Election,#family,33,0.000221853640007588,1.3672279462944872e-05,2,Regular
US_Election,@itsJeffTiedrich,3,4.312822727360817e-05,0.0,13,Regular
US_Election,#Europa,19,6.954560603280281e-05,2.595709971826761e-06,0,Regular
US_Election,#ebook,24,0.00024928398886612954,3.4134997486529575e-05,10,Regular
US_Election,Leads,20,6.949666139230987e-05,7.731130668687767e-08,1,Regular
US_Election,Met,62,0.00020006900067216148,1.3951062558625727e-05,12,Regular
US_Election,#Science,25,6.657109530931496e-05,2.518711406408698e-07,1,Regular
US_Election,#evil,18,5.615381489259019e-05,1.8784485570909864e-07,3,Regular
US_Election,Data,24,6.717824080352744e-05,1.598640578948996e-07,1,Regular
US_Election,#TraitorInChief,54,0.00027244786394553674,6.348583386302199e-06,9,Regular
US_Election,#TrumpTraitor,21,7.438326169154564e-05,1.002089923262092e-06,13,Regular
US_Election,@SenTedCruz,76,0.00017069028363479413,1.3410769040995548e-05,1,Regular
US_Election,#FascistTrump,24,0.0001728949479795573,3.27471986080587e-07,2,Regular
US_Election,Water,22,6.743362720229225e-05,4.539641980293375e-07,1,Regular
US_Election,@StateDept,23,7.378752795127375e-05,1.2343319953160933e-06,13,Regular
US_Election,#DHS,16,6.87138508664058e-05,0.0,5,Regular
US_Election,#bernie,53,0.00017725280396560484,1.6977511998828971e-06,3,Regular
US_Election,#kamalaharris,118,0.00034987379656658077,0.00023364319128606876,3,Regular
US_Election,Mother,19,6.984372670651258e-05,3.1779608524332963e-07,13,Regular
US_Election,#bluewave,56,0.00016160779419890095,8.35601740451729e-06,3,Regular
US_Election,#liberal,90,0.0003360533646650639,8.893021902357557e-05,3,Regular
US_Election,Creepy,7,4.829052671005329e-05,0.0,2,Regular
US_Election,Supports,21,0.00011600342856739859,2.161156744691435e-06,1,Regular
US_Election,#bhfyp,41,0.00013198855452352485,8.342248720360343e-07,3,Regular
US_Election,Vets,47,8.745874042523832e-05,3.078157481608579e-06,3,Regular
US_Election,Millionen,7,4.9787011522855054e-05,3.5433600975132694e-08,1,Regular
US_Election,#TwitterCEO,26,0.00015389301190123022,1.930337963570662e-08,1,Regular
US_Election,Chris,47,0.0001292463340954482,6.172127362968373e-06,13,Regular
US_Election,@willchamberlain,17,5.521337598161241e-05,6.748455807471111e-08,1,Regular
US_Election,#Polls,41,9.91227898526437e-05,6.93645823388097e-07,1,Regular
US_Election,#RemoveTrump,12,6.482876973074598e-05,1.440131525923126e-07,13,Regular
US_Election,Energy,35,0.00013316298917845365,3.274241057068611e-05,1,Regular
US_Election,@murray_nyc,6,4.858417826650212e-05,0.0,2,Regular
US_Election,#youtube,24,9.014581852638587e-05,5.810783941922143e-06,2,Regular
US_Election,Den,15,7.969366452132261e-05,0.0,13,Regular
US_Election,#Censorship2020,67,0.00017428404900044468,1.5499614119468503e-05,1,Regular
US_Election,#RoevWade,31,8.103677788306719e-05,1.8841030690277171e-07,0,Regular
US_Election,Healthcare,18,6.142906296081744e-05,6.106257149334746e-08,13,Regular
US_Election,@MaddowBlog,9,4.869199617164503e-05,1.6480301651005635e-07,2,Regular
US_Election,Contra,14,9.905234945326095e-05,1.4444503376046006e-05,3,Regular
US_Election,Syndrome,20,0.00013827314480479422,3.4622388172188845e-06,12,Regular
US_Election,#webdesign,15,0.00019805354569305412,0.0,2,Regular
US_Election,#BidenHarrisToEndThisNightmare,21,6.579780340378211e-05,1.1471243167862526e-07,2,Regular
US_Election,#MeidasTouch,18,9.064299409544635e-05,3.784177348585005e-08,13,Regular
US_Election,#BidenForPresident,57,0.0001777034273118694,1.2846389832782214e-05,13,Regular
US_Election,#Joe2020,67,0.00020795404926024627,1.8251171215670207e-05,13,Regular
US_Election,#Taxes,22,6.328782930899185e-05,2.0718416983308355e-07,2,Regular
US_Election,European,18,5.565411887172935e-05,6.332038130738294e-08,0,Regular
US_Election,Minister,27,7.555594257663585e-05,3.9229961135243236e-07,13,Regular
US_Election,Benefit,42,0.00012460273043157639,7.513803820685794e-07,13,Regular
US_Election,Faith,46,0.0001263947461500802,1.3450244474572658e-06,13,Regular
US_Election,@derspiegel,31,9.028185981603467e-05,5.561580523214386e-06,13,Regular
US_Election,Bullshit,4,4.384938526851057e-05,0.0,13,Regular
US_Election,#Communist,14,5.1232628167511036e-05,0.0,1,Regular
US_Election,@realDailyWire,5,4.372690356488891e-05,9.427171319053301e-08,13,Regular
US_Election,Mails,21,7.819724848338354e-05,2.799908090514956e-07,1,Regular
US_Election,#burisma,32,9.777730810590023e-05,6.006035301759049e-07,1,Regular
US_Election,#Trumps,18,6.205218740950172e-05,0.0,13,Regular
US_Election,#Colombia,27,7.472954649403223e-05,4.21143330261441e-06,3,Regular
US_Election,#Communism,23,7.130997965485616e-05,1.4279343103802677e-06,3,Regular
US_Election,#ConfirmACB,26,9.968231234076499e-05,3.829747770858965e-08,13,Regular
US_Election,#Shopify,14,0.00012544589319750453,0.0,5,Regular
US_Election,@gelliottmorris,14,0.00012544589319750453,0.0,5,Regular
US_Election,@Keefmorris,14,0.00012544589319750453,0.0,5,Regular
US_Election,#shopifyexpert,14,0.00012544589319750453,0.0,5,Regular
US_Election,@ColMorrisDavis,14,0.00012544589319750453,0.0,5,Regular
US_Election,#dropshipping,14,0.00012544589319750453,0.0,5,Regular
US_Election,Kindly,14,0.00012544589319750453,0.0,5,Regular
US_Election,@jenmorrisonlive,14,0.00012544589319750453,0.0,5,Regular
US_Election,#bitcoin,42,0.0001276683881616459,5.7032079290395e-06,3,Regular
US_Election,#TrumpDerangementSyndrome,10,5.483672498141937e-05,3.860675927141324e-08,13,Regular
US_Election,Learn,16,6.36688020529616e-05,1.6217259380468256e-08,1,Regular
US_Election,@andrebercoff,13,6.0478087012589136e-05,0.0,3,Regular
US_Election,#hypocrisy,23,0.00010290881196755627,9.432421220087836e-09,1,Regular
US_Election,#FoxBusiness,17,5.608639961506732e-05,0.0,3,Regular
US_Election,Reminder,17,5.99215645947351e-05,5.173305742369374e-08,13,Regular
US_Election,@Varneyco,33,0.00011190415475298888,1.4045161618082584e-07,13,Regular
US_Election,Biggest,12,5.381448032311793e-05,0.0,13,Regular
US_Election,#usdtry,9,6.31922838024919e-05,0.0,3,Regular
US_Election,#dolar,12,7.076827604746696e-05,2.4658669126386437e-07,3,Regular
US_Election,#voteBiden,21,9.579914262207722e-05,6.520777146703188e-07,3,Regular
US_Election,#JaredKushner,19,9.391095322741489e-05,4.443188325727743e-06,1,Regular
US_Election,#print,21,0.00016819590274133893,0.0,6,Regular
US_Election,#Delaware,8,5.1124510166622916e-05,0.0,1,Regular
US_Election,#GhislaineMaxwell,33,0.00011595656765857031,7.721668380490942e-07,0,Regular
US_Election,#texas,26,7.006001288523185e-05,1.836353452905492e-06,3,Regular
US_Election,Electoral,18,8.098191358531951e-05,5.910045095415718e-07,13,Regular
US_Election,Photo,13,5.3153311452794853e-05,0.0,13,Regular
US_Election,Surely,7,5.23616000864268e-05,0.0,13,Regular
US_Election,@ByronYork,17,5.771694401472285e-05,4.3164492678274224e-07,1,Regular
US_Election,#tier3,18,0.00017877848996771916,5.179168541693229e-07,6,Regular
US_Election,#westminster,15,0.00011361802244138941,0.0,6,Regular
US_Election,#Tier2,18,0.00017827702786674332,5.179168541693229e-07,6,Regular
US_Election,#liverpool,18,0.00017827702786674332,5.179168541693229e-07,6,Regular
US_Election,#circuitbreaker,18,0.00017827702786674332,5.179168541693229e-07,6,Regular
US_Election,#casedemic,18,0.00017827702786674332,5.179168541693229e-07,6,Regular
US_Election,#SadiqKhan,18,0.00017827702786674332,5.179168541693229e-07,6,Regular
US_Election,#PCR,18,0.00017827702786674332,5.179168541693229e-07,6,Regular
US_Election,#Manchester,18,0.00017827702786674332,5.179168541693229e-07,6,Regular
US_Election,@SkyNews,9,5.003874482925235e-05,7.253710096408859e-08,1,Regular
US_Election,Welcome,26,8.083802652094438e-05,1.782431115209293e-06,13,Regular
US_Election,#ratings,23,6.490720214024674e-05,0.0,2,Regular
US_Election,#BoycottComcast,39,0.0003460297571324881,6.718414272056512e-07,2,Regular
US_Election,Miss,8,4.939088541065201e-05,0.0,3,Regular
US_Election,#masks,38,9.408367652914212e-05,5.392384267689655e-07,3,Regular
US_Election,#Zensur,24,7.935145366333476e-05,1.6472791418866174e-07,1,Regular
US_Election,Stick,7,4.966296759206355e-05,1.6319595502066869e-07,13,Regular
US_Election,@SecPompeo,32,9.386897320184506e-05,2.157404755692633e-06,13,Regular
US_Election,#ObamaBiden,16,5.3098138243450465e-05,6.385596687009815e-08,1,Regular
US_Election,Pete,7,4.907120637170911e-05,0.0,2,Regular
US_Election,Quand,6,5.100514142743353e-05,9.23804596851674e-08,13,Regular
US_Election,Language,7,6.452230145815331e-05,0.0,13,Regular
US_Election,#NYPOST,10,5.017754384011596e-05,2.351502610167897e-08,1,Regular
US_Election,#RuleofLaw,26,8.290594555735657e-05,1.6710331989954464e-06,3,Regular
US_Election,#NoMoreTrump,12,0.00011124267555364605,0.0,9,Regular
US_Election,#WarRoomPandemic,32,8.302710670574929e-05,8.13412852573801e-09,1,Regular
US_Election,Storm,23,6.456444272586254e-05,3.2866598826427093e-06,13,Regular
US_Election,Gotta,11,4.7973446249602384e-05,0.0,13,Regular
US_Election,Europa,10,5.964631202441871e-05,0.0,13,Regular
US_Election,Kind,19,6.23424488478445e-05,8.244833335928929e-08,2,Regular
US_Election,#Tucson,44,9.604944502514335e-05,1.148660438389553e-06,0,Regular
US_Election,#morningjoe,15,6.668709582013104e-05,0.0,5,Regular
US_Election,Dec,10,4.867212500225709e-05,0.0,1,Regular
US_Election,#JOEBIDEN2020,148,0.0003306487180856353,1.7859086436481666e-05,2,Regular
US_Election,#pelosi,27,7.153862881673748e-05,1.1036028825626067e-05,3,Regular
US_Election,Heard,7,4.591795969044965e-05,0.0,1,Regular
US_Election,#JamesWoods,15,7.029832165781589e-05,8.919492659257542e-08,1,Regular
US_Election,#marketing,34,7.802317675337098e-05,1.39241146963175e-05,2,Regular
US_Election,@WhenWeAllVote,19,8.024939956983104e-05,8.532632982693311e-07,2,Regular
US_Election,#guns,15,5.419724611058167e-05,1.6014521633516631e-06,3,Regular
US_Election,#LA,42,0.0001637187201868344,0.0,0,Regular
US_Election,#city,42,0.00016330944805188443,0.0,0,Regular
US_Election,#UnitedKingdom,55,0.0001873272736403183,1.6607388747453216e-05,0,Regular
US_Election,#NewZealand,60,0.000192772899173885,1.7653062954238907e-05,0,Regular
US_Election,#Brazil,56,0.0001610044163059267,5.066420493932983e-07,0,Regular
US_Election,#Ratings,12,5.1761528554462216e-05,0.0,2,Regular
US_Election,Curious,28,9.115095869195278e-05,9.640793085254022e-07,1,Regular
US_Election,#JoeBidenTownHall,249,0.0008342079344508253,0.00012279287491385083,2,Regular
US_Election,@NateSilver538,28,7.241042630290776e-05,3.512917672859507e-07,2,Regular
US_Election,@VanityFair,49,0.00014166180891463543,6.476489543595541e-07,1,Regular
US_Election,#StockMarket,46,9.710668322417538e-05,1.1443376108323095e-06,13,Regular
US_Election,#michigan,38,0.00016651452886794693,5.987123661591688e-06,3,Regular
US_Election,#WashingtonDC,35,7.453042054746556e-05,2.164246461083567e-06,13,Regular
US_Election,Find,23,6.348607356207496e-05,1.8456618686321603e-05,2,Regular
US_Election,Defense,15,5.60751638483707e-05,0.0,1,Regular
US_Election,Drop,30,9.561276691533852e-05,1.8116342399172033e-07,1,Regular
US_Election,#ClintonEmails,15,6.037087847642941e-05,1.7921583206069603e-07,2,Regular
US_Election,#TurnTexasBlue,36,7.872939040306975e-05,1.5253190144621918e-06,2,Regular
US_Election,@jimmy_dore,17,5.6339201689198305e-05,1.348690564205189e-07,1,Regular
US_Election,#musicpromotion,11,0.00010820338429677632,0.0,3,Regular
US_Election,#forextradingbot,11,0.00010820338429677632,0.0,3,Regular
US_Election,#endsars,14,0.00011195370959182187,6.441096831345273e-06,3,Regular
US_Election,#samsung,41,0.00024470803964703647,8.98447900216716e-05,3,Regular
US_Election,#TDS,40,8.80685040613189e-05,2.2896592632631935e-07,1,Regular
US_Election,Qanon,43,0.00021083801241779073,4.0303848737188066e-07,2,Regular
US_Election,#history,47,9.580667295252512e-05,5.344656100044921e-05,3,Regular
US_Election,#nba,43,9.300999482379814e-05,9.452343650979438e-06,3,Regular
US_Election,Financial,16,6.314576183020582e-05,1.941451934834713e-06,13,Regular
US_Election,Upset,11,7.194480606241876e-05,0.0,2,Regular
US_Election,#children,23,6.710469768840976e-05,1.9173834819304808e-07,3,Regular
US_Election,#Salvini,3,4.510394467139564e-05,0.0,13,Regular
US_Election,#HealthCare,9,0.00012945746684513268,0.0,13,Regular
US_Election,Redemption,9,0.00012902008514378187,0.0,13,Regular
US_Election,Void,9,0.00012902008514378187,0.0,13,Regular
US_Election,Infidelity,9,0.00012902008514378187,0.0,13,Regular
US_Election,#Novel,9,0.00012902008514378187,0.0,13,Regular
US_Election,@BostonGlobe,18,5.996924609113272e-05,0.0,1,Regular
US_Election,#Anonymous,16,7.377364553445671e-05,2.878806841623403e-06,1,Regular
US_Election,#presidential,17,5.7620847370550586e-05,0.0,3,Regular
US_Election,Nor,18,0.00010030296743483284,0.0,13,Regular
US_Election,#StrongerTogether,22,7.520107640663601e-05,3.0602226163482645e-07,13,Regular
US_Election,#DemocratsTheEnemyWithin,33,8.77949309926629e-05,2.521330218067681e-07,1,Regular
US_Election,#dnc,67,0.00014943876261794097,8.13862488936764e-05,5,Regular
US_Election,@abc,71,0.0001917873129229239,7.321116038081098e-05,5,Regular
US_Election,Dept,26,7.211060708945816e-05,4.085292808008516e-06,3,Regular
US_Election,Firm,35,0.00012342521713903958,3.2620853204098304e-05,1,Regular
US_Election,#elecciones2020,15,0.00011628983275408966,2.672005312337376e-06,1,Regular
US_Election,#GOD,11,4.9043735410612233e-05,0.0,2,Regular
US_Election,@MarkDice,41,0.00010168412845223606,1.2101265252949867e-06,1,Regular
US_Election,Wife,5,4.400701199688384e-05,0.0,13,Regular
US_Election,#tRUmp,5,4.607729655323692e-05,0.0,13,Regular
US_Election,Shoot,10,5.929273464295015e-05,1.675116596743659e-06,2,Regular
US_Election,@sarahcpr,33,8.538752988098951e-05,1.2521647784428714e-06,13,Regular
US_Election,Antifa,59,0.00017246371755264955,3.339608652556134e-07,13,Regular
US_Election,#dementia,6,4.5776965386597726e-05,0.0,2,Regular
US_Election,#HUNTER,4,4.453023995464331e-05,0.0,1,Regular
US_Election,Anybody,11,5.1670128049546984e-05,0.0,13,Regular
US_Election,#SleepyJoeBiden,48,0.00010693526760551765,9.112902713878545e-07,1,Regular
US_Election,#islam,42,0.00019098988571889213,5.04297261801556e-05,3,Regular
US_Election,#virginia,26,8.040838739574425e-05,2.399699188918444e-06,3,Regular
US_Election,Pacific,17,5.541990447655048e-05,5.16677757454119e-07,1,Regular
US_Election,#voter,31,0.00012077354610338973,4.0987936332814484e-06,3,Regular
US_Election,#votingday,30,0.00011989102596282981,1.7364393225912269e-07,3,Regular
US_Election,#votersuppression,45,0.00013977012889868702,2.600791605026879e-06,3,Regular
US_Election,#votebymail,30,0.0001191731238721078,1.7364393225912269e-07,3,Regular
US_Election,#ivoted,30,0.0001248203652479338,1.7364393225912269e-07,3,Regular
US_Election,#registertovote,32,0.00011548967689069098,6.217366225981459e-07,3,Regular
US_Election,#Decision2020,23,7.743731001734818e-05,7.903904453579972e-06,13,Regular
US_Election,Child,6,4.577122411750628e-05,0.0,2,Regular
US_Election,Made,37,8.794413472625853e-05,1.9503839019479748e-07,13,Regular
US_Election,#Bernie,33,9.07420702573534e-05,1.0187047436576375e-06,2,Regular
US_Election,#eeuu,9,6.582691819715606e-05,2.8756558778910993e-07,3,Regular
US_Election,Scranton,6,4.966818954236409e-05,0.0,2,Regular
US_Election,#climatechange,16,8.337200101131342e-05,2.717205901768948e-07,3,Regular
US_Election,Stocks,31,7.581180003591136e-05,1.1217437399629921e-07,13,Regular
US_Election,Words,21,6.978213440674263e-05,3.4683782127184065e-07,1,Regular
US_Election,#UPDATE,13,8.436448725894271e-05,0.0,2,Regular
US_Election,Deadliest,7,8.286382145517901e-05,0.0,13,Regular
US_Election,#harris,84,0.00017755593173363022,6.1301490414441336e-06,3,Regular
US_Election,Latest,60,0.00014640487922860755,8.556962362577243e-07,1,Regular
US_Election,#CreepyJoeBiden,18,6.113728852288239e-05,0.0,1,Regular
US_Election,#NagornoKarabakh,38,0.00025557682755213,2.241216566966703e-05,4,Regular
US_Election,#Karabakh,22,0.00022583621651736164,9.139564251884566e-06,4,Regular
US_Election,@DTCahill,10,5.5231114137045776e-05,1.598049348716315e-07,13,Regular
US_Election,Catch,19,5.888354670788041e-05,1.2035907364790815e-07,3,Regular
US_Election,Virginia,12,5.963136666777116e-05,2.0208225556130368e-08,1,Regular
US_Election,#maine,21,8.56180814740437e-05,7.539117608550851e-07,3,Regular
US_Election,#CorruptGOP,5,4.46705796664404e-05,0.0,13,Regular
US_Election,#Black,8,5.1546222041294115e-05,0.0,13,Regular
US_Election,Losing,17,6.042594388622603e-05,0.0,13,Regular
US_Election,Transparency,19,9.998890943626193e-05,5.623158415618885e-08,2,Regular
US_Election,@SteveGuest,9,4.833262677850843e-05,0.0,13,Regular
US_Election,Radio,44,0.00010033177962463178,1.1581103962002701e-05,0,Regular
US_Election,@coloradodems,27,7.775506819266636e-05,7.463950412860984e-06,1,Regular
US_Election,#Governor,12,0.00011072306036585594,0.0,9,Regular
US_Election,@debates,41,0.00010286030964898802,4.036500013780284e-05,13,Regular
US_Election,#finance,37,0.00010359612262324862,3.0169091134913712e-06,3,Regular
US_Election,#Townhall,64,0.00018198472009973938,8.221375733090096e-05,2,Regular
US_Election,@TheRickyDavila,6,4.7396385493505096e-05,0.0,2,Regular
US_Election,@GlennKesslerWP,12,5.3710807925039986e-05,0.0,1,Regular
US_Election,#courtpacking,20,6.0934390966547084e-05,1.8743861385396283e-08,1,Regular
US_Election,#SocialismKills,21,6.024784168631347e-05,7.185146864401908e-08,1,Regular
US_Election,#TheApprentice,7,4.764124736490833e-05,1.2933264355923435e-08,2,Regular
US_Election,Weird,9,6.947894295150802e-05,2.1758723644228483e-07,13,Regular
US_Election,@politvidchannel,7,5.608811658654628e-05,0.0,2,Regular
US_Election,@Waverlywray1,19,6.890243573915914e-05,0.0,13,Regular
US_Election,@erikmouthaanRTL,14,6.894222237761667e-05,1.0892303241197457e-06,1,Regular
US_Election,#noticias,15,5.869451054567382e-05,6.301653534002653e-07,3,Regular
US_Election,#Internacional,10,5.974805635203168e-05,8.919492659257542e-08,1,Regular
US_Election,#Virginia,17,5.71496041283355e-05,6.766022713348782e-07,9,Regular
US_Election,Online,27,6.925121442912947e-05,1.459049707381936e-07,13,Regular
US_Election,Hot,16,6.218886588808737e-05,7.752691830964388e-07,3,Regular
US_Election,#CountryOverParty,29,7.116037691387955e-05,0.0,13,Regular
US_Election,@Hansen4Congress,48,0.00012071765418798234,8.656443485984926e-06,13,Regular
US_Election,@georgesoros,12,5.607804878613278e-05,0.0,13,Regular
US_Election,Winning,50,9.313267124829851e-05,2.8776496518206586e-07,13,Regular
US_Election,Atlanta,33,7.667175493666757e-05,0.0001567380101627587,1,Regular
US_Election,Fired,37,9.882268234273761e-05,9.662339981141001e-06,1,Regular
US_Election,#NY,23,5.88136775044368e-05,9.313152033301427e-08,9,Regular
US_Election,Mainstream,18,5.5268434829544686e-05,0.0,1,Regular
US_Election,Moron,5,4.451836720260953e-05,0.0,2,Regular
US_Election,Marxist,16,6.821822162037756e-05,1.3696723659593176e-06,8,Regular
US_Election,@beck_amikebeck,16,7.584429663767326e-05,0.0,13,Regular
US_Election,@SexCounseling,16,7.766361643260115e-05,0.0,13,Regular
US_Election,Yesterday,24,6.537317298523295e-05,1.7767005269847613e-07,2,Regular
US_Election,@BetteMidler,43,0.00011002704135523819,1.1561330896344335e-05,1,Regular
US_Election,Prosecutor,55,0.000141552550214866,1.9976932000312822e-05,1,Regular
US_Election,#Elections_2020,17,5.964877999737731e-05,9.544844543116926e-09,13,Regular
US_Election,#StopArmenianTerror,17,0.0002148273192939698,0.0,4,Regular
US_Election,#Turquía,17,0.0002148273192939698,0.0,4,Regular
US_Election,#turquie,17,0.0002148273192939698,0.0,4,Regular
US_Election,#libya,17,0.0002148273192939698,0.0,4,Regular
US_Election,#sirte,17,0.0002148273192939698,0.0,4,Regular
US_Election,#StopArmenianOccupation,22,0.0002246865734521616,9.139564251884566e-06,4,Regular
US_Election,Cant,17,7.095874884449711e-05,1.4162925254088736e-06,13,Regular
US_Election,Mehr,11,6.678702513043813e-05,0.0,13,Regular
US_Election,Jobs,49,9.501663547827559e-05,4.1929382268183964e-07,13,Regular
US_Election,@brithume,4,4.297933333453353e-05,0.0,2,Regular
US_Election,#leadership,64,0.00015975191535348306,7.445197503491827e-06,0,Regular
US_Election,#Kelly,50,0.00041151213149933285,4.7457095666355896e-05,9,Regular
US_Election,#washingtonpost,23,8.094485383366568e-05,4.978208217552726e-07,9,Regular
US_Election,Tired,11,5.019728270886376e-05,0.0,13,Regular
US_Election,#Fracking,39,9.801235256424494e-05,2.428821802910767e-06,3,Regular
US_Election,Interesting,23,6.958031361053166e-05,2.1074650934702796e-07,3,Regular
US_Election,@FoxNewsSunday,69,0.00013184320664817563,6.961617157723786e-06,2,Regular
US_Election,@mattyglesias,4,4.301148415086784e-05,0.0,3,Regular
US_Election,@BretBaier,17,5.48499780754845e-05,3.142376260245947e-08,2,Regular
US_Election,#BreonnaTaylor,56,0.00040156127607079766,1.1276383944644715e-06,0,Regular
US_Election,#NASA,40,0.0001555621862326242,0.0,0,Regular
US_Election,#JohnLewis,42,0.00019090421748113628,0.0,0,Regular
US_Election,#Giants,37,0.00015480553152997828,0.0,0,Regular
US_Election,Boycott,20,9.094387881557482e-05,2.644697337344608e-07,13,Regular
US_Election,#DanielPrude,44,0.00022585881695715346,0.0,0,Regular
US_Election,#EricTrumpsUkraineScandal,103,0.00023520452835106036,8.089363704990328e-06,13,Regular
US_Election,#Yankees,43,0.00011085047136182449,1.28818674077429e-07,0,Regular
US_Election,#YoshihideSuga,29,0.0001266415554517325,0.0,0,Regular
US_Election,#HK,28,9.858368479154353e-05,0.0,0,Regular
US_Election,#MikePompeo,17,0.0001146440832526609,2.88999078056877e-06,1,Regular
US_Election,#LyingBiden,48,0.00010467870163764783,9.03855492378003e-06,1,Regular
US_Election,@Google,22,7.90200539757601e-05,1.8428331616411456e-06,1,Regular
US_Election,#p2,21,6.407989655269936e-05,5.5623727349931e-07,3,Regular
US_Election,Special,28,8.608424912778838e-05,2.63766170471349e-06,13,Regular
US_Election,#ridenwithbiden,13,6.26250456726115e-05,0.0,3,Regular
US_Election,Omg,8,4.8432401519723225e-05,0.0,3,Regular
US_Election,@4a_of,16,5.934258240810061e-05,7.499119668560648e-08,2,Regular
US_Election,Roe,18,7.13095370862044e-05,8.865766286052259e-08,13,Regular
US_Election,@catturd2,32,9.007435465173313e-05,1.6418592099629615e-06,1,Regular
US_Election,Alert,8,4.9190663022450414e-05,1.2779296923114823e-07,2,Regular
US_Election,#education,10,5.052808633475972e-05,6.99095370590456e-08,0,Regular
US_Election,#senate,23,6.827672158141908e-05,4.945225253539466e-08,3,Regular
US_Election,Doing,23,6.1776421783259e-05,1.1496234983043054e-08,13,Regular
US_Election,Demand,39,8.418149806661531e-05,2.485394046244956e-06,13,Regular
US_Election,#EricTrumpUkraineScandal,72,0.00017134845047459213,9.277443201669513e-07,13,Regular
US_Election,@PpollingNumbers,7,5.5952299393824926e-05,1.0147638186955313e-07,1,Regular
US_Election,@DaisyCousens,8,5.001678062488838e-05,0.0,13,Regular
US_Election,Ten,24,0.00014300306833395324,5.561381890517466e-06,12,Regular
US_Election,Work,28,0.00019491325093766904,1.5690676936115087e-05,7,Regular
US_Election,Including,14,5.223120049118736e-05,0.0,1,Regular
US_Election,@ksorbs,9,4.8132448714762605e-05,0.0,2,Regular
US_Election,#PutinsGOP,39,0.00010112555616019855,3.4535911503174937e-07,1,Regular
US_Election,#CNBC,46,9.736607684762789e-05,1.0078563089267627e-05,5,Regular
US_Election,@HunterBiden,12,5.118447702037141e-05,0.0,2,Regular
US_Election,#Τουρκια,17,0.0001782822145796938,0.0,4,Regular
US_Election,@businessinsider,16,5.280967601817924e-05,0.0,1,Regular
US_Election,@BrianKarem,18,6.188341203667724e-05,5.805241640505592e-07,2,Regular
US_Election,Stream,19,5.6572510641820874e-05,0.0,13,Regular
US_Election,#Emails,6,4.696235149059585e-05,0.0,1,Regular
US_Election,#Today,19,0.00014059631870213762,1.0631312398404728e-06,2,Regular
US_Election,@ABCNewsLive,28,0.0002050364162251537,1.2329419671824971e-05,2,Regular
US_Election,Biz,26,0.00011530510542465259,1.1588841641280885e-06,13,Regular
US_Election,#bidentownhall,18,6.296742055305865e-05,0.0,3,Regular
US_Election,@DaisyLuther,4,5.765013026246353e-05,0.0,3,Regular
US_Election,#WomensRights,16,6.395448470619864e-05,0.0,0,Regular
US_Election,@TimMurtaugh,25,6.641646523027329e-05,2.282789022207097e-07,2,Regular
US_Election,Drugs,6,4.517147803210667e-05,0.0,1,Regular
US_Election,#socialist,5,4.4130602874988456e-05,0.0,3,Regular
US_Election,Step,16,0.00010035603091400973,2.1003801810295973e-06,5,Regular
US_Election,#Section230,27,6.557258134127417e-05,3.5839345968227945e-07,1,Regular
US_Election,@BeanfromPa,26,7.442992161902371e-05,2.9628741845192176e-06,1,Regular
US_Election,@tomiahonen,21,5.941691223032827e-05,2.9393782627098717e-08,2,Regular
US_Election,Move,29,8.524488844310012e-05,4.896221100069979e-07,13,Regular
US_Election,Crack,7,4.992328200692319e-05,0.0,1,Regular
US_Election,Repeats,25,7.453863449106238e-05,0.0,13,Regular
US_Election,Removal,20,0.00024347315188063482,0.0,10,Regular
US_Election,@flipboard,46,0.00013364717049643438,1.4726404846442952e-06,0,Regular
US_Election,#LeadRight,15,5.8460873085767264e-05,1.1700839832574411e-07,1,Regular
US_Election,#Bullshit,1,3.9585296887279004e-05,0.0,13,Regular
US_Election,#FAKENEWS,6,4.527465072380744e-05,0.0,13,Regular
US_Election,Chicago,15,8.614698398673877e-05,9.612733005494514e-07,13,Regular
US_Election,#breakingnews,19,6.26310791015267e-05,4.318353216983652e-08,3,Regular
US_Election,#BeijingBiden,48,0.00025643448014341937,1.9227326235829875e-06,1,Regular
US_Election,Host,28,6.777166358775411e-05,2.2566992473970577e-07,13,Regular
US_Election,#FUCKING,8,5.6111384481402775e-05,8.252700844222708e-08,13,Regular
US_Election,Pot,18,0.00013584300157378678,0.0,12,Regular
US_Election,@GovMikeHuckabee,18,7.545243732624626e-05,2.0953567901317517e-08,1,Regular
US_Election,@BonginoReport,59,0.00013404317416212686,2.3007316886616623e-06,2,Regular
US_Election,#EricTrumpsUkraineScandel,17,6.324726410234156e-05,3.0696432099456554e-07,1,Regular
US_Election,@RepAdamSchiff,56,0.00011186553839832198,2.4170282247761763e-06,2,Regular
US_Election,#Minnesota,41,0.00011506715026451711,5.897143104784199e-06,9,Regular
US_Election,#DairyQueen,13,6.377258454938855e-05,1.0363192592887367e-07,2,Regular
US_Election,#DACA,15,5.6624776997546536e-05,4.981054515456999e-08,13,Regular
US_Election,Regardless,14,6.942336298899015e-05,4.966937417610178e-08,1,Regular
US_Election,@anthonymace,28,0.0001692882631700182,3.216718018844137e-07,13,Regular
US_Election,Civiqs,25,0.00011649802368178011,9.286455103992114e-06,1,Regular
US_Election,@TeamJoe,36,9.258326923298465e-05,2.994281308556766e-05,2,Regular
US_Election,Sight,6,7.069042182565867e-05,0.0,2,Regular
US_Election,Impeached,11,4.844617276835667e-05,3.193398606400848e-08,13,Regular
US_Election,Shokin,37,9.425326263002281e-05,6.14082907903679e-07,1,Regular
US_Election,#TrumpLied200KAmericansdied,21,0.0001028649759344471,1.0603556953661503e-06,2,Regular
US_Election,Worse,6,4.5544327868219014e-05,0.0,13,Regular
US_Election,#MOG,11,5.1533886575148984e-05,0.0,13,Regular
US_Election,Duell,10,5.715694605267721e-05,0.0,13,Regular
US_Election,Compare,14,5.4713359749546846e-05,0.0,13,Regular
US_Election,#ClassActionLawsuit,7,9.602837496141086e-05,0.0,13,Regular
US_Election,Away,29,7.007225148745298e-05,5.3621259023495464e-08,13,Regular
US_Election,Claims,38,8.000869285639576e-05,2.0640850771524962e-07,1,Regular
US_Election,@cspan,145,0.0004165891391046938,0.00012279278132673306,2,Regular
US_Election,#CROOKEDJOE,111,0.0002468081120864521,5.660541986603821e-06,1,Regular
US_Election,Line,33,6.903044649854175e-05,0.0,13,Regular
US_Election,#ByeDon,13,5.2281428997916824e-05,0.0,2,Regular
US_Election,#CensorshipIsReal,31,7.821748012499312e-05,0.0,1,Regular
US_Election,Notice,40,8.335239417629912e-05,5.2972847470884655e-08,13,Regular
US_Election,Cunningham,17,0.00010956915894634131,0.0,1,Regular
US_Election,Forest,17,0.00010998446270170453,0.0,1,Regular
US_Election,#bluewave2020,25,7.513013002048344e-05,2.460059730151184e-07,3,Regular
US_Election,#AXJUS,4,4.62507919370632e-05,0.0,2,Regular
US_Election,Action,10,5.130403422968809e-05,1.3676348263156433e-07,3,Regular
US_Election,Karen,13,5.482405393678841e-05,1.7716800487566347e-08,13,Regular
US_Election,#RidinWithBiden,29,0.00012493659821340378,5.228572889471721e-07,2,Regular
US_Election,#Guthrie,23,8.426425715735241e-05,3.186960302758911e-08,13,Regular
US_Election,#ecommerce,15,0.00019845521180655986,0.0,2,Regular
US_Election,#RIP,9,7.16366716419176e-05,0.0,2,Regular
US_Election,#quote,35,9.930913100688483e-05,1.4776112634247758e-07,1,Regular
US_Election,#Lockdowns,27,6.860778231402524e-05,3.996263062301088e-07,0,Regular
US_Election,Jill,12,5.763385264519395e-05,0.0,1,Regular
US_Election,Samantha,14,5.828619046049636e-05,6.991008426742368e-08,13,Regular
US_Election,Eastern,7,4.8714084387313585e-05,6.475738685488186e-08,1,Regular
US_Election,#pennsylvania,50,0.000200106805599126,8.895535347823379e-06,3,Regular
US_Election,Mexican,17,6.215341192076826e-05,6.1278008375334e-08,1,Regular
US_Election,#Breaking,48,0.00010398355620758629,3.6341767732747955e-06,1,Regular
US_Election,Subpoena,37,9.032957419720708e-05,5.29240488765755e-06,1,Regular
US_Election,Whoever,18,7.331181324978846e-05,8.697809362170731e-08,3,Regular
US_Election,#wsj,42,0.0001033112596886829,5.844202148278909e-06,9,Regular
US_Election,@Timodc,14,5.114451330963649e-05,0.0,2,Regular
US_Election,#navy,12,9.449969575811882e-05,0.0,3,Regular
US_Election,#usarmy,12,9.411226873652073e-05,0.0,3,Regular
US_Election,#JoeBidenUkraineScandal,184,0.0005683000045565057,6.957284824301625e-05,1,Regular
US_Election,#HappyLAYDay,15,0.00019805354569305407,0.0,2,Regular
US_Election,#Friends,15,0.00019805354569305407,0.0,2,Regular
US_Election,Helpful,15,0.00019805354569305407,0.0,2,Regular
US_Election,#LoveinTime,15,0.00019805354569305407,0.0,2,Regular
US_Election,#dance,28,0.00020209924176439102,0.0,3,Regular
US_Election,#BidenUkraineScandal,73,0.00020058745354827452,8.936906213005788e-06,1,Regular
US_Election,Satan,12,4.95468431721258e-05,0.0,3,Regular
US_Election,@cesarconde_,25,6.949065395914207e-05,1.596699303200424e-08,2,Regular
US_Election,Failed,21,6.31308387865332e-05,1.764973196805326e-06,3,Regular
US_Election,Asking,15,5.54002076226038e-05,9.075974986612937e-09,2,Regular
US_Election,#NBCTrumptownhall,94,0.0002461708437834524,1.117352633637091e-05,13,Regular
US_Election,Clan,15,5.849815090593252e-05,9.249536075442754e-08,1,Regular
US_Election,#HunterBidensUkraineScandal,95,0.00042527828405963575,1.1853616211917052e-05,1,Regular
US_Election,#BenghaziAintGoingAway,24,7.587124508088165e-05,3.3424056063629187e-07,1,Regular
US_Election,Empathy,10,6.245492975820654e-05,0.0,13,Regular
US_Election,#JoeBidenIsUnfitForPresident,38,0.00010403956146829006,4.222930738441013e-07,1,Regular
US_Election,@AndrewCMcCarthy,8,4.9588521331740066e-05,0.0,1,Regular
US_Election,#TrumpLandslide,12,5.1896408991590696e-05,6.308909441913872e-08,1,Regular
US_Election,#karma,28,0.00020169513976627413,0.0,3,Regular
US_Election,Shop,18,6.268878139333184e-05,1.6948803909797556e-07,1,Regular
US_Election,#albums,23,0.00018431231052267702,0.0,0,Regular
US_Election,#LPs,23,0.00018431231052267702,0.0,0,Regular
US_Election,#records,23,0.00018431231052267702,0.0,0,Regular
US_Election,Previously,16,0.0001309490555730712,0.0,13,Regular
US_Election,#ChinaJoe,67,0.00014305682697633064,9.405323792499083e-06,1,Regular
US_Election,#ChineseCommunistParty,17,5.879576753665799e-05,6.259053443506195e-08,1,Regular
US_Election,#ByeTiffany,55,0.00015248984162628774,3.880928410516147e-06,13,Regular
US_Election,@mviser,15,5.533817209287843e-05,4.322847429871481e-07,2,Regular
US_Election,#Debatenight,77,0.00017100524407761116,2.859444740615162e-05,2,Regular
US_Election,#Maga2020,15,7.787051214480112e-05,8.119025369324172e-08,2,Regular
US_Election,#VoteLikeYourLifeDependsOnItBecauseItDoes,11,5.31570307107894e-05,0.0,2,Regular
US_Election,@HouseDemocrats,24,8.734850470744622e-05,5.484487418542051e-07,2,Regular
US_Election,#HarrisBiden,24,6.229731729998181e-05,3.803093658801265e-08,2,Regular
US_Election,@kyledcheney,27,7.459403319092227e-05,7.13930423829422e-07,1,Regular
US_Election,@ConanOBrien,16,6.680058017645149e-05,0.0,2,Regular
US_Election,@DineshDSouza,22,6.568427993642733e-05,4.387061095874433e-06,1,Regular
US_Election,Leadership,11,4.955698120602321e-05,0.0,3,Regular
US_Election,#HunterGate,23,6.234385439825887e-05,2.1956443827215954e-07,1,Regular
US_Election,#transgender,8,4.820648077363671e-05,0.0,2,Regular
US_Election,#EleccionesEEUU,8,5.128454947373075e-05,1.2933264355923435e-07,1,Regular
US_Election,#WWE,44,0.00010003061177534049,1.270199633507146e-06,0,Regular
US_Election,#FridayVibes,34,7.630457548989372e-05,1.499419437987238e-06,1,Regular
US_Election,Minion,8,7.168596023586458e-05,0.0,13,Regular
US_Election,Swimming,8,7.168596023586458e-05,0.0,13,Regular
US_Election,#BlackoutNBC,11,5.604262550703789e-05,6.259070036967074e-07,2,Regular
US_Election,#JoeBidenMustStepDown,16,5.863945112522906e-05,3.3376166079802416e-08,1,Regular
US_Election,@RyanAFournier,24,7.107632949857572e-05,4.243840019096596e-06,1,Regular
US_Election,Raise,9,4.899644589519772e-05,1.3130217620226836e-08,1,Regular
US_Election,#BidenIsCorrupt,15,5.680113288306588e-05,3.2150695137138507e-07,1,Regular
US_Election,@Politics_Polls,12,6.147664509780463e-05,1.3072824195477222e-06,1,Regular
US_Election,#DemExit,14,6.87499302072868e-05,2.091220136290121e-07,1,Regular
US_Election,#Joebiden,29,6.985589964351928e-05,2.2862422059038106e-07,2,Regular
US_Election,@dcexaminer,59,0.0001246723629479833,5.086022182401487e-06,2,Regular
US_Election,Brain,19,8.01671765888109e-05,3.953670774484955e-07,1,Regular
US_Election,#QAnons,54,0.00013617684668433414,4.711854072785341e-06,1,Regular
US_Election,#PassItOn,18,0.0001112362568001816,5.988189068756499e-07,2,Regular
US_Election,#TheTrumpShow,9,5.394173242649567e-05,0.0,13,Regular
US_Election,#BidenHarris2020Landslide,37,0.00011073930203691558,4.1842134452312185e-07,2,Regular
US_Election,#QuidProQuoJoe,17,5.8944089779463815e-05,0.0,1,Regular
US_Election,@SaraCarterDC,12,5.043756991052224e-05,0.0,1,Regular
US_Election,Mushbrain,18,0.0001007400474941976,8.836738423706559e-07,1,Regular
US_Election,#JesusChrist,2,4.238819879805744e-05,0.0,13,Regular
US_Election,#BidenTownHallOnABC,71,0.00016748999139922231,5.262102312359096e-07,2,Regular
US_Election,Liberate,12,0.00010995894448965427,0.0,9,Regular
US_Election,@gretchenwhitmer,12,0.00010655747149752854,0.0,9,Regular
US_Election,#FreePalestine,16,0.00011918721851827915,1.4134715143085721e-08,1,Regular
US_Election,Censor,34,9.749129484485513e-05,3.363181344307992e-07,1,Regular
US_Election,#WorstPresidentInUSHistory,6,9.86683425608019e-05,0.0,3,Regular
US_Election,#americalast,6,9.815445803130301e-05,0.0,3,Regular
US_Election,#squanderer,6,9.815445803130301e-05,0.0,3,Regular
US_Election,#dazzler,6,9.815445803130301e-05,0.0,3,Regular
US_Election,Opposite,28,8.890393668141934e-05,2.8336758486226466e-07,13,Regular
US_Election,#EndsSARS,7,5.8226544885734183e-05,8.562412776128764e-07,1,Regular
US_Election,Annually,14,9.587410907078306e-05,0.0,1,Regular
US_Election,Introductions,26,0.00012940939413084854,5.351096486444581e-06,1,Regular
US_Election,Offered,14,9.587410907078306e-05,0.0,1,Regular
US_Election,Alone,14,9.090900901942394e-05,0.0,1,Regular
US_Election,@hughhewitt,7,4.670492430367443e-05,0.0,1,Regular
US_Election,@AnnCoulter,7,4.873360063601092e-05,0.0,13,Regular
US_Election,#Covid19UK,21,0.00024463561653307144,7.676858497737808e-06,10,Regular
US_Election,#BoycottIsrael,16,0.00011783733487170724,1.4134715143085721e-08,1,Regular
US_Election,#Apartheid,16,0.00011783733487170724,1.4134715143085721e-08,1,Regular
US_Election,Marshals,38,0.00014234026599961065,8.296256792700714e-05,13,Regular
US_Election,#TheLincolnProject,24,8.128232359141431e-05,4.537987493306468e-08,13,Regular
US_Election,#Drumpf,4,4.227070845571651e-05,0.0,13,Regular
US_Election,@ReesusP,12,5.4208271549089956e-05,0.0,2,Regular
US_Election,#ABCTownHallJoeBiden,54,0.00013417575585833252,2.991034410715885e-07,2,Regular
US_Election,#UkraineScandal,16,5.796671827874621e-05,0.0,1,Regular
US_Election,@Jillbiden46,10,5.303124652431899e-05,0.0,2,Regular
US_Election,#TeamJoe,34,0.0001096719810242873,3.0853497616497762e-06,2,Regular
US_Election,@BenSasse,50,0.0001368100484089005,4.023497125056058e-06,13,Regular
US_Election,#RepublicanVotersAgainstTrump,12,6.414703836813282e-05,0.0,13,Regular
US_Election,#AZ,61,0.00046762634357742363,3.1684498945388996e-05,9,Regular
US_Election,#BenSasse,34,9.828646218146493e-05,9.45741919099949e-07,13,Regular
US_Election,#USMarshals,8,5.3136444819179226e-05,0.0,13,Regular
US_Election,Twiter,6,9.43730419016514e-05,0.0,1,Regular
US_Election,Ultimas,6,9.43730419016514e-05,0.0,1,Regular
US_Election,Avance,8,9.784581554963199e-05,1.1142071182849004e-06,1,Regular
US_Election,@RadioFreeTom,7,4.677946189920721e-05,0.0,13,Regular
US_Election,#Trumptownhall,23,6.826682036947541e-05,1.431288959226872e-07,13,Regular
US_Election,@DCfegan,19,8.270843855095206e-05,1.8846590164719605e-06,2,Regular
US_Election,@USMarshalsHQ,7,4.806751264529927e-05,0.0,13,Regular
US_Election,Seeing,5,4.4154620018303576e-05,0.0,2,Regular
US_Election,#ChrisChristie,8,4.8831844960020735e-05,0.0,13,Regular
US_Election,@SenSasse,28,9.04574007455233e-05,2.791954403046993e-07,13,Regular
US_Election,#TaraReade,12,5.944877896742222e-05,1.9040647099639318e-07,1,Regular
US_Election,@CarolineRoseGiu,25,7.018351968145422e-05,0.0,1,Regular
US_Election,Sasse,48,0.00016054414560249115,5.968181263525541e-06,13,Regular
US_Election,Marshalls,16,0.0001749793592575822,4.9820631529737705e-05,2,Regular
US_Election,#olmushbrainBiden,12,8.818124574929976e-05,0.0,1,Regular
US_Election,#TrumpRussiaCollusion,16,0.0001680181510503622,1.8743861385396283e-08,13,Regular
US_Election,#senators,18,0.0001266788341516448,4.105798208229662e-08,3,Regular
US_Election,Unable,18,0.00012550983172525618,4.105798208229662e-08,3,Regular
US_Election,Fear,17,6.391276399102277e-05,1.2617818883827742e-08,13,Regular
US_Election,#JustSaying,9,5.5043278626867565e-05,0.0,2,Regular
US_Election,Scully,64,0.00016892167434116629,8.980528596806977e-06,13,Regular
US_Election,#Scully,18,6.48204752407052e-05,6.724595157491936e-07,13,Regular
US_Election,Daughter,50,0.00014283005616408124,7.521446601562507e-07,1,Regular
US_Election,Vanity,30,0.00011034473230441456,2.750724974567041e-07,1,Regular
US_Election,Effect,32,7.760980062711495e-05,5.526724375762665e-07,13,Regular
US_Election,Winner,27,7.071088138863595e-05,0.0,13,Regular
US_Election,False,29,7.846967205385385e-05,3.0249750025393434e-07,13,Regular
US_Election,Transition,23,7.619682042934008e-05,1.141075644496044e-06,1,Regular
US_Election,Bombshells,37,0.0001016649456180588,7.017086810676447e-06,1,Regular
US_Election,Gross,6,4.596810033982654e-05,0.0,13,Regular
US_Election,#SteveScully,64,0.00016947346467977026,7.1145427105642005e-06,2,Regular
US_Election,#Sasse,20,7.998220582458582e-05,3.103036611557007e-06,13,Regular
US_Election,#Poland,8,4.8501151568152664e-05,0.0,2,Regular
US_Election,@ABCNews,22,8.449263606512939e-05,8.056300627988289e-07,2,Regular
US_Election,#DEBATES2020,43,0.00010355756409486037,2.332302260096161e-06,2,Regular
US_Election,#ps5,28,0.00020209924176439102,0.0,3,Regular
US_Election,#CorruptJoeBiden,35,8.482686118157617e-05,3.032191990724671e-07,1,Regular
US_Election,Island,5,4.631832456997236e-05,6.789963786859804e-07,2,Regular
US_Election,@SteveScully,25,6.900713760733426e-05,4.225081790394765e-07,13,Regular
US_Election,Wade,17,7.025271219294739e-05,8.865766286052259e-08,13,Regular
US_Election,Irish,10,5.409524226615541e-05,2.4319865577541615e-07,2,Regular
US_Election,#MT,53,0.00045398391585014315,2.9766858305311565e-05,9,Regular
US_Election,#OK,29,9.313017964598141e-05,5.349637468915301e-06,9,Regular
US_Election,Thou,18,0.0001358510981410546,0.0,12,Regular
US_Election,#makkah,23,0.00014571476925687987,0.0,3,Regular
US_Election,#allah,23,0.00014571476925687987,0.0,3,Regular
US_Election,#quran,23,0.00014571476925687987,0.0,3,Regular
US_Election,#sunnah,23,0.00014571476925687987,0.0,3,Regular
US_Election,#ramadan,23,0.00014571476925687987,0.0,3,Regular
US_Election,#dua,23,0.00014571476925687987,0.0,3,Regular
US_Election,#deen,23,0.00014571476925687987,0.0,3,Regular
US_Election,#muslim,23,0.00014571476925687987,0.0,3,Regular
US_Election,#islamic,23,0.00014571476925687987,0.0,3,Regular
US_Election,#muslimah,23,0.00014571476925687987,0.0,3,Regular
US_Election,#islamicquotes,23,0.00014571476925687987,0.0,3,Regular
US_Election,#allahuakbar,23,0.00014571476925687987,0.0,3,Regular
US_Election,#hijab,23,0.00014571476925687987,0.0,3,Regular
US_Election,Quid,11,5.665947536562512e-05,0.0,1,Regular
US_Election,Hungary,4,4.98315712750884e-05,0.0,13,Regular
US_Election,#JoeBidenIsCorrupt,24,7.766928476470137e-05,1.0102883354218298e-07,1,Regular
US_Election,@AnaCabrera,8,4.836839809611461e-05,0.0,2,Regular
US_Election,@mercedesschlapp,76,0.00026207518767031843,1.2274237944352064e-06,2,Regular
US_Election,#CarolineGiuliani,18,6.890995535989245e-05,2.4887617725583936e-07,1,Regular
US_Election,@ABC2020,16,7.002670924377634e-05,1.8047539377640175e-06,2,Regular
US_Election,#yeonjun,14,8.616530071990655e-05,0.0,10,Regular
US_Election,#Stephanopoulos,16,6.040172179919083e-05,4.1720207599753016e-08,2,Regular
US_Election,@AndrewYang,10,4.9540952535792704e-05,0.0,13,Regular
US_Election,@MichaelSteele,14,6.079247447534746e-05,9.364591620152924e-07,2,Regular
US_Election,#NBCTownHall,24,7.314545574716594e-05,1.5325305421623387e-07,13,Regular
US_Election,#PA,55,0.0004593400223746194,3.9980003054561554e-05,9,Regular
US_Election,#joebiden2020,21,5.894879852775678e-05,9.882790011299505e-08,3,Regular
US_Election,Wallace,17,6.060012125342504e-05,0.0,13,Regular
US_Election,@elisabethlehem,8,5.20880587653101e-05,1.7877507869923706e-07,1,Regular
US_Election,#VoteTrump2020ToSaveAmerica,21,6.394438469413939e-05,0.0,1,Regular
US_Election,@seanmdav,34,7.276935440403824e-05,3.761346219934021e-06,1,Regular
US_Election,Likely,18,8.028594302362433e-05,8.904023997528476e-07,2,Regular
US_Election,Six,12,5.4001663039273794e-05,0.0,1,Regular
US_Election,Mister,30,8.845149322408345e-05,3.280712339979863e-07,2,Regular
US_Election,Switched,21,6.664239622753118e-05,5.783473365142198e-08,2,Regular
US_Election,#TwitterDown,29,8.513406715619009e-05,0.0,1,Regular
US_Election,Blah,8,6.92190816737501e-05,0.0,2,Regular
US_Election,Future,8,4.628689696190774e-05,0.0,13,Regular
US_Election,#TrumpTownhall,40,0.0002152702454080461,3.0194332565312593e-06,13,Regular
US_Election,#ABCTownHall,40,0.000100591035914872,4.8779975945352644e-05,2,Regular
US_Election,@DailyCaller,10,4.923591450105583e-05,0.0,2,Regular
US_Election,#trumptownhall,78,0.00021152764411362348,6.600761039030935e-07,3,Regular
US_Election,Christie,26,8.307912688439989e-05,3.546540821430653e-06,13,Regular
US_Election,#CaliforniaFires,7,4.904740692470953e-05,0.0,0,Regular
US_Election,#crazyuncle,13,5.361110655480258e-05,4.2812683391643784e-08,13,Regular
US_Election,Silent,2,4.212672221503496e-05,2.649237204196771e-08,3,Regular
US_Election,#CrazyUncle,19,0.0001418656443333022,1.6414957022476205e-06,2,Regular
US_Election,Savanah,25,7.684235711454779e-05,1.2534219034105976e-07,13,Regular
US_Election,#GP,28,0.00020169513976627413,0.0,3,Regular
US_Election,#EuropaLeague,28,0.00020169513976627413,0.0,3,Regular
US_Election,#xbox_series_x,28,0.00020169513976627413,0.0,3,Regular
US_Election,#coffin_dance,28,0.00020169513976627413,0.0,3,Regular
US_Election,#iPhone_12,28,0.00020169513976627413,0.0,3,Regular
US_Election,#Cartoon,28,0.00020169513976627413,0.0,3,Regular
US_Election,#E3,28,0.00020169513976627413,0.0,3,Regular
US_Election,#madrid,28,0.00020169513976627413,0.0,3,Regular
US_Election,#shiba,28,0.00020169513976627413,0.0,3,Regular
US_Election,#Fútbol,28,0.00020169513976627413,0.0,3,Regular
US_Election,#TheWalkingDead,28,0.00020169513976627413,0.0,3,Regular
US_Election,#Rosalía,28,0.00020169513976627413,0.0,3,Regular
US_Election,#Black_Friday,28,0.00020169513976627413,0.0,3,Regular
US_Election,#Feliz,28,0.00020169513976627413,0.0,3,Regular
US_Election,#cat,28,0.00020169513976627413,0.0,3,Regular
US_Election,#gifs,28,0.00020169513976627413,0.0,3,Regular
US_Election,Watched,25,7.51414699986691e-05,3.116449242391189e-08,13,Regular
US_Election,Rivera,4,7.91279225850895e-05,0.0,3,Regular
US_Election,Juan,4,7.91279225850895e-05,0.0,3,Regular
US_Election,#ImWatchingBiden,18,6.621863994669178e-05,0.0,2,Regular
US_Election,#BidenCalm,15,6.112684944466951e-05,2.7994078692474972e-08,2,Regular
US_Election,@neal_katyal,5,4.632136103499829e-05,0.0,1,Regular
US_Election,@TheBabylonBee,6,4.864459842926094e-05,0.0,13,Regular
US_Election,@RonaldKlain,9,5.048888898117545e-05,0.0,2,Regular
US_Election,@jonfavs,3,4.264708386377652e-05,0.0,1,Regular
US_Election,#Townhalls,5,4.8950897235551254e-05,0.0,2,Regular
US_Election,Bravo,7,4.445098616508387e-05,0.0,1,Regular
US_Election,Dude,16,5.5761911524437816e-05,4.949175935634168e-07,3,Regular
US_Election,#BidenWonTheDebate,189,0.0007411995566043276,0.0001595212896405065,2,Regular
US_Election,#CourtPacking,24,7.198007581097836e-05,2.1126545433777373e-08,5,Regular
US_Election,#GreenNewDeal,48,0.0001374999184063475,1.3713305819529259e-05,1,Regular
US_Election,#VoteGreen,29,9.712836612420822e-05,1.100906279361775e-06,1,Regular
US_Election,#NeverBidenOrTrump,20,7.927506364151986e-05,3.7682694796396887e-07,1,Regular
US_Election,Worked,19,7.297041348019919e-05,9.642254609887968e-08,1,Regular
US_Election,#GeorgeStephanopoulos,21,6.492445131380433e-05,3.3162216297239576e-08,2,Regular
US_Election,Rogers,93,0.0003578150607427579,2.7186528129672638e-05,2,Regular
US_Election,#nytimes,20,8.166059274105131e-05,2.5889062086005024e-07,9,Regular
US_Election,#DemVoice1,14,5.6463301560886334e-05,1.5569728133600308e-07,2,Regular
US_Election,Commercial,25,0.000189984639052431,1.781435318961835e-05,7,Regular
US_Election,#CCPVirus,10,5.247518644299327e-05,0.0,2,Regular
US_Election,@LisaMarieBoothe,2,4.152485389812778e-05,0.0,2,Regular
US_Election,#CrackheadHunter,25,7.13572152898797e-05,1.0605777752545162e-07,1,Regular
US_Election,Rodgers,23,7.77495264768909e-05,2.4991815180528377e-08,2,Regular
US_Election,Owns,22,8.808954113135619e-05,4.238088719025401e-07,1,Regular
US_Election,@FrankLuntz,29,8.213375808093705e-05,3.201791702292491e-07,2,Regular
US_Election,#MrRogers,38,0.00012323065578960328,2.3470760968675863e-06,2,Regular
US_Election,Running,19,5.752315460813856e-05,0.0,2,Regular
US_Election,#FridayThoughts,40,0.00014370518400122666,5.180393361253633e-06,6,Regular
US_Election,Showed,9,8.295169321734102e-05,0.0,2,Regular
US_Election,#Savannah,16,6.474708873911722e-05,0.0,13,Regular
US_Election,@JBWolfsthal,7,4.929848357096173e-05,0.0,2,Regular
US_Election,@DNCWarRoom,24,7.351076113345048e-05,3.1343848619436324e-07,13,Regular
US_Election,#minnesota,21,8.802605328314199e-05,6.815044113309913e-07,3,Regular
US_Election,#BidenTownhall,10,5.567418402436226e-05,0.0,2,Regular
US_Election,@philipaklein,4,4.5599970239620324e-05,0.0,2,Regular
US_Election,#fridaymorning,15,5.800965441589252e-05,2.389718162214435e-07,2,Regular
US_Election,#MisterRogers,23,0.0001116825184576109,1.6887999523773145e-05,2,Regular
US_Election,Banned,18,0.0001354270151554563,0.0,12,Regular
US_Election,Bol,18,0.0001354270151554563,0.0,12,Regular
US_Election,Crat,18,0.0001354270151554563,0.0,12,Regular
US_Election,Cil,18,0.0001354270151554563,0.0,12,Regular
US_Election,Commandments,18,0.0001354270151554563,0.0,12,Regular
US_Election,Cha,18,0.0001354270151554563,0.0,12,Regular
US_Election,#Marxism,27,0.0001917492105989389,1.3573751093171943e-06,8,Regular
US_Election,Neighborhood,8,5.2518872733117634e-05,0.0,2,Regular
US_Election,Responds,15,6.0023519017513407e-05,0.0,1,Regular
US_Election,@Schwarzenegger,6,0.00011563011344321633,4.416695942146895e-05,3,Regular
US_Election,#TrumpClownHall,10,0.00011233128876544482,0.0,2,Regular
US_Election,#BidenHarris2020ToEndThisNightmare,13,9.637905311971341e-05,0.0,2,Regular
US_Election,@dnc,30,7.950551921676085e-05,1.2404440627977907e-07,2,Regular
US_Election,@DoYouEvenLif,2,4.220297978774753e-05,0.0,2,Regular
US_Election,#JoeBidenIsARacist,25,6.46437660491164e-05,1.3685994027432207e-08,1,Regular
US_Election,Computer,65,0.00016649977170249126,8.454358797842117e-06,1,Regular
US_Election,Reading,16,6.079243527393206e-05,4.188665009091988e-07,13,Regular
US_Election,#JoeBidenCrimeFamily,32,7.467129730479336e-05,3.339545212025783e-08,1,Regular
US_Election,Pozharskyi,21,7.98836129358526e-05,0.0,1,Regular
US_Election,Lid,13,6.280818406756935e-05,0.0,1,Regular
US_Election,@TodayShow,27,0.00012594233011563712,0.0,2,Regular
US_Election,@kamalaharris,29,9.211500639163636e-05,8.321006936578042e-05,2,Regular
US_Election,#CrackPipeBiden,46,0.00022640154437474557,8.38437685360785e-06,1,Regular
US_Election,Streisand,9,5.211713612773153e-05,3.403490619979851e-08,1,Regular
US_Election,#Scandal,10,4.999608288975192e-05,0.0,1,Regular
US_Election,#RedChina,18,7.795440545929626e-05,0.0,1,Regular
US_Election,Influence,27,0.00018229236223897305,1.8445297223645563e-06,1,Regular
US_Election,Tara,9,5.4180638659925244e-05,0.0,1,Regular
US_Election,#NationalDessertDay,12,6.453373706766087e-05,0.0,2,Regular
US_Election,#allinwithchris,28,0.00014611338130373648,0.0,5,Regular
US_Election,Ucrania,11,5.16275580942967e-05,0.0,1,Regular
US_Election,#SmokingGunEmail,19,0.00013795109926166446,2.654065113095245e-07,1,Regular
US_Election,#Hickenlooper,39,0.0003978618966020054,0.0,9,Regular
US_Election,#arizona,24,9.746148963916067e-05,8.457369167519092e-07,3,Regular
US_Election,#Amtrak,6,5.74072598296605e-05,0.0,1,Regular
US_Election,#Nature,9,5.034402514583829e-05,0.0,1,Regular
US_Election,#wisconsin,19,0.00010572354702225597,3.7223533313978403e-06,3,Regular
US_Election,Byrd,16,6.105309955191845e-05,5.443994122917295e-07,13,Regular
US_Election,#Hamilton,10,5.34196535728103e-05,0.0,2,Regular
US_Election,#UKRAINE,26,8.441476788780154e-05,2.8543141711289093e-06,1,Regular
US_Election,Historical,9,9.127771007916557e-05,0.0,5,Regular
US_Election,Packing,10,5.510431887817836e-05,0.0,13,Regular
US_Election,#TXVote,39,0.00039891844252861055,0.0,9,Regular
US_Election,#Vota,57,0.000578516292831985,1.2262497362704326e-05,9,Regular
US_Election,#Peters,39,0.0003978618966020054,0.0,9,Regular
US_Election,#AK,50,0.000447058525081881,1.314097025886378e-05,9,Regular
US_Election,#MS,39,0.00039957084422418077,0.0,9,Regular
US_Election,#Greenfield,39,0.0003982364778960007,0.0,9,Regular
US_Election,#Bullock,39,0.0003978618966020054,0.0,9,Regular
US_Election,#Gideon,39,0.0003978618966020054,0.0,9,Regular
US_Election,#NHVote,39,0.0003978618966020054,0.0,9,Regular
US_Election,#Bollier,39,0.0003978618966020054,0.0,9,Regular
US_Election,#NCVote,39,0.0003978618966020054,0.0,9,Regular
US_Election,#Votamos,39,0.0003978618966020054,0.0,9,Regular
US_Election,#Hegar,39,0.00039844213809968034,0.0,9,Regular
US_Election,#AZVote,39,0.0003978618966020054,0.0,9,Regular
US_Election,#AL,50,0.000447058525081881,1.3273707332185636e-05,9,Regular
US_Election,#Shaheen,39,0.0003978618966020054,0.0,9,Regular
US_Election,#ABC2020,25,9.313851927085238e-05,2.1338719994178072e-06,2,Regular
US_Election,#TrumpCovidCoverup,13,9.218005605114543e-05,0.0,2,Regular
US_Election,#Hacking,23,0.00017789623026231077,1.927144624252886e-06,1,Regular
US_Election,#votingfraud,18,0.00017345093903431533,5.211109321921141e-07,1,Regular
US_Election,@Pink_About_it,15,9.421266754734126e-05,0.0,1,Regular
US_Election,#BURISMA,26,8.286357539750268e-05,3.6476199792168233e-06,1,Regular
US_Election,Poroshenko,14,5.838824927282104e-05,1.2931618020916184e-06,1,Regular
US_Election,#ChinaJoeBiden,20,6.026127520713052e-05,0.0,1,Regular
US_Election,#Veterans4Biden,49,0.00026081557013743056,5.981788829180012e-06,9,Regular
US_Election,@mirandadevine,18,6.258148191528397e-05,4.556822275269893e-07,1,Regular
US_Election,#design,15,0.00018040611876133663,0.0,7,Regular
US_Election,Kitchen,15,0.00017999807139427667,0.0,7,Regular
US_Election,#gigs,15,0.00017999807139427667,0.0,7,Regular
US_Election,#cad,15,0.00017999807139427667,0.0,7,Regular
US_Election,Engineer,15,0.00017999807139427667,0.0,7,Regular
US_Election,#kitchenlayout,15,0.00017999807139427667,0.0,7,Regular
US_Election,#Freelance,15,0.00017999807139427667,0.0,7,Regular
US_Election,#CommercialKitchen,15,0.00017999807139427667,0.0,7,Regular
US_Election,#ModiLies,31,0.00015704855742866073,1.3257949369949975e-06,13,Regular
US_Election,#Katyayan,31,0.00015704855742866073,1.3257949369949975e-06,13,Regular
US_Election,#bidencrimefamily,20,8.63254421725251e-05,2.539442295570134e-07,1,Regular
US_Election,#thereidout,42,0.0002179246165622825,9.713388220515327e-06,5,Regular
US_Election,#VeteransForBiden,24,0.00021237305828390713,0.0,9,Regular
US_Election,#CriminalJoeBiden,6,5.870191701251855e-05,0.0,1,Regular
US_Election,Schumer,8,7.6852706585126e-05,0.0,13,Regular
US_Election,#CommunistJack,30,0.0002204256636515011,1.367964124472621e-07,1,Regular
US_Election,#TwitterTyranny,30,0.0002204256636515011,1.367964124472621e-07,1,Regular
US_Election,#Statism,16,0.00018092872466720874,5.93119950652841e-08,8,Regular
US_Election,#Collectivism,16,0.00018092872466720874,5.93119950652841e-08,8,Regular
US_Election,#CommunistDemocrats,25,0.00018846567921913278,4.1720207599753016e-08,1,Regular
US_Election,@BIGIRVSATX1,6,6.167248015903729e-05,0.0,2,Regular
US_Election,#Bobwoodward,29,0.0001737440234369434,4.779320694802549e-08,5,Regular
US_Election,#nprpolitics,29,0.00019111835335990746,4.779320694802549e-08,5,Regular
US_Election,#Peacefulprotest,29,0.00019111835335990746,4.779320694802549e-08,5,Regular
US_Election,#JudyWoodruff,29,0.00017421208177981895,4.779320694802549e-08,5,Regular
US_Election,#ElectionSecurity,31,0.00010761032567489459,5.786577904022518e-06,5,Regular
US_Election,#CNNPolitics,29,0.00019111835335990746,4.779320694802549e-08,5,Regular
US_Election,#BBCWorld,29,0.00019111835335990746,4.779320694802549e-08,5,Regular
US_Election,#HinaKhan,20,0.00024347315188063482,0.0,10,Regular
US_Election,#alibaba,20,0.00024347315188063482,0.0,10,Regular
US_Election,#BatmanDay,20,0.00024347315188063482,0.0,10,Regular
US_Election,#photoediting,20,0.00024347315188063482,0.0,10,Regular
US_Election,#designers,20,0.00024347315188063482,0.0,10,Regular
US_Election,#jewelryretouching,20,0.00024347315188063482,0.0,10,Regular
US_Election,#3D,20,0.00024347315188063482,0.0,10,Regular
US_Election,#Message4SSR,20,0.00024347315188063482,0.0,10,Regular
US_Election,#AmazonQuiz,20,0.00024347315188063482,0.0,10,Regular
US_Election,#BrightWin,20,0.00024347315188063482,0.0,10,Regular
US_Election,#photo,20,0.00024347315188063482,0.0,10,Regular
US_Election,#Photoshoot,20,0.00024347315188063482,0.0,10,Regular
US_Election,#backgroundremove,20,0.00024347315188063482,0.0,10,Regular
US_Election,#cukur,20,0.00024347315188063482,0.0,10,Regular
US_Election,#RidinWithBidenHarris,10,4.9187467427106334e-05,0.0,2,Regular
US_Election,Refreshing,3,4.44740499854447e-05,0.0,2,Regular
US_Election,#Votas,24,0.00020933666660273565,0.0,9,Regular
US_Election,#NotMyChild,24,0.00020933666660273565,0.0,9,Regular
US_Election,#Dem1,24,0.00020933666660273565,0.0,9,Regular
US_Election,#Mamala,24,0.00020933666660273565,0.0,9,Regular
US_Election,#AllIn4Biden,24,0.00020933666660273565,0.0,9,Regular
US_Election,Iron,10,0.00014360811295866947,3.1176271512652643e-07,1,Regular
US_Election,Curtain,10,0.00014360811295866947,3.1176271512652643e-07,1,Regular
US_Election,#YourVoiceYourVote,8,5.542731112130193e-05,0.0,2,Regular
US_Election,@tomselliott,5,5.048578981287069e-05,2.9063515406569517e-08,2,Regular
US_Election,#Stamina,5,5.280795336550012e-05,0.0,4,Regular
US_Election,#ccpcontrolltwitter,17,9.42912015113711e-05,1.5427406690740773e-07,1,Regular
US_Election,#banforbiden,16,9.241526389430897e-05,1.5427406690740773e-07,1,Regular
US_Election,#chitter,19,9.94740355713666e-05,1.5427406690740773e-07,1,Regular
US_Election,@GovArnoldUSC,3,0.00011060527122191636,0.0,3,Regular
US_Election,#hesback,3,0.00011060527122191636,0.0,3,Regular
US_Election,#shopify,21,0.0001420015612882265,0.0,6,Regular
US_Election,#logo,21,0.0001676629267577308,0.0,6,Regular
US_Election,#shop,21,0.0001676629267577308,0.0,6,Regular
US_Election,#Gift,21,0.0001676629267577308,0.0,6,Regular
US_Election,#shoponline,21,0.0001676629267577308,0.0,6,Regular
US_Election,#allourwords,21,0.0001676629267577308,0.0,6,Regular
US_Election,#subscriptions,21,0.0001420015612882265,0.0,6,Regular
US_Election,#trippy,21,0.0001676629267577308,0.0,6,Regular
US_Election,#printondemand,21,0.00015093837056146843,0.0,6,Regular
US_Election,#clothes,21,0.00013747236444350212,0.0,6,Regular
AU_Election,They,179,0.0027444395405664536,0.007732794397587592,0,Top Node
AU_Election,Facebook,19,0.00034414163060232964,6.702587824492385e-05,0,Regular
AU_Election,Vote,425,0.01130187094617471,0.06074643747837129,0,Top Node
AU_Election,Majority,12,0.00019577596896131857,1.9281286269322513e-06,1,Regular
AU_Election,This,330,0.006351895563183398,0.02854978204325209,0,Top Node
AU_Election,Shares,12,0.0003392364961280781,6.167941199199472e-05,2,Regular
AU_Election,India,54,0.0009991942143340877,0.002084070988178598,2,Regular
AU_Election,Asia,11,0.0003212870791347767,2.2820080995751076e-05,3,Regular
AU_Election,@tanya_plibersek,30,0.00045070006392122823,0.00011388379099274847,0,Regular
AU_Election,#auspol,550,0.020602433311238677,0.09835469985040739,0,Top Node
AU_Election,@AustralianLabor,149,0.0026778039711381225,0.002684836968102668,0,Top Node
AU_Election,Zero,15,0.00035679841483018395,4.433907987907716e-06,4,Regular
AU_Election,But,164,0.0022764308615745976,0.006423409237270723,0,Top Node
AU_Election,Gravity,15,0.0003499807521369239,4.433907987907716e-06,4,Regular
AU_Election,Australians,258,0.005000007620415001,0.015419613176888286,0,Top Node
AU_Election,Quiet,5,0.00021766873682463843,2.0331851716243852e-07,0,Regular
AU_Election,Any,3,0.0003127461363243127,0.001771479185119575,0,Regular
AU_Election,False,4,0.00017072147978558966,5.070582538882005e-07,0,Regular
AU_Election,News,239,0.009305784431720098,0.014841334250794487,5,Top Node
AU_Election,Fox,4,0.00022591041730171912,7.852301352480385e-08,5,Regular
AU_Election,Conservatives,82,0.002512044937759027,0.002017215587932332,1,Regular
AU_Election,Australian,530,0.021718530589784884,0.08584015763001544,5,Top Node
AU_Election,How,199,0.004164417039990745,0.008116443250870181,0,Top Node
AU_Election,Find,17,0.0003277820551230744,2.8260195769038442e-05,0,Regular
AU_Election,Hello,19,0.0005426365675344439,2.4282079011844538e-05,2,Regular
AU_Election,Stay,19,0.0002558885850091428,2.3129290083330544e-05,0,Regular
AU_Election,Morrison,456,0.027005892409905564,0.05526840356084779,1,Top Node
AU_Election,Premier,12,0.0002120764739185649,3.0271640424286323e-06,0,Regular
AU_Election,Christian,44,0.0006444831459590803,0.00014992015783825852,3,Regular
AU_Election,Labor,538,0.02319777340367925,0.08111808638616802,0,Top Node
AU_Election,Whatever,7,0.00016882876915884815,0.0,0,Regular
AU_Election,Now,74,0.0008289140039645876,0.0008211900486324341,0,Regular
AU_Election,Get,52,0.0006013295888562785,0.0003608526399398949,0,Regular
AU_Election,Murdoch,78,0.0011029482987546344,0.0006448494087953885,0,Regular
AU_Election,Iran,4,0.00015871338846515576,2.904710694005172e-07,3,Regular
AU_Election,#Trump,31,0.0004510566481731582,0.00011503225033954158,0,Regular
AU_Election,Seems,10,0.00021446557117095225,3.0460237328362285e-05,0,Regular
AU_Election,May,170,0.0030771676373666946,0.009408975964599449,2,Top Node
AU_Election,Leftist,9,0.00041687847151754406,4.0531881278998896e-05,1,Regular
AU_Election,Prime,292,0.01676053143907048,0.013660489129926004,1,Top Node
AU_Election,Sydney,77,0.0013011474395916742,0.002717626974834969,7,Regular
AU_Election,Voters,85,0.002619190754077124,0.0029469091638547333,1,Regular
AU_Election,Reject,6,0.0003865297490705429,0.0,1,Regular
AU_Election,Reuters,77,0.001958535201669972,0.0024058216270321,2,Regular
AU_Election,Ideas,6,0.0003865297490705429,0.0,1,Regular
AU_Election,Review,22,0.00032789039979537373,0.00036851316825788733,1,Regular
AU_Election,Minister,286,0.016392096775250806,0.012620160841731655,1,Top Node
AU_Election,Scott,300,0.019633284652242428,0.014346323145735982,1,Top Node
AU_Election,National,133,0.003393280104063706,0.003733311727871671,8,Top Node
AU_Election,Sad,14,0.00021094257239837478,6.311411804591029e-07,0,Regular
AU_Election,Successes,8,0.00038798737975667176,1.2080463619200594e-07,3,Regular
AU_Election,Miracle,27,0.0009199998577606686,0.00018115638846210458,1,Regular
AU_Election,@pamelageller,14,0.0003786981931268845,1.4455067013144447e-05,1,Regular
AU_Election,Trump,234,0.006166323749146162,0.015102893967197271,3,Top Node
AU_Election,Election,658,0.04661617315361613,0.15647060134694565,1,Top Node
AU_Election,President,61,0.0011335375573311899,0.0006222518439074759,3,Regular
AU_Election,Acknowledges,8,0.00038798737975667176,1.2080463619200594e-07,3,Regular
AU_Election,Media,37,0.0007972588152404204,0.0004057004922274601,3,Regular
AU_Election,Japan,5,0.0001710032252286109,7.00519556970724e-07,5,Regular
AU_Election,Queensland,111,0.002316897157673354,0.0035035789880454625,0,Regular
AU_Election,Let,86,0.001074597539864168,0.0005163699781740074,0,Regular
AU_Election,Then,37,0.0004528908873658963,0.00023977698032315187,0,Regular
AU_Election,China,55,0.0008590631483617671,0.0007144633333912102,5,Regular
AU_Election,Saturday,264,0.0060514754756669994,0.016546389626156587,0,Top Node
AU_Election,Labour,105,0.001411235878020042,0.0014117818508787335,0,Regular
AU_Election,Brexit,146,0.003312628896391913,0.005535494599775051,3,Top Node
AU_Election,Twitter,35,0.0003908656197060533,0.00040209841902532235,0,Regular
AU_Election,That,121,0.0015591638408041205,0.0019792673338250018,0,Regular
AU_Election,You,241,0.004341990822267505,0.013779737063207861,0,Top Node
AU_Election,Our,75,0.0009377978222128104,0.0003370730635386621,0,Regular
AU_Election,Aussie,81,0.0012783411556723774,0.0018314331274011143,0,Regular
AU_Election,Yes,41,0.000464414424071335,0.0001249632749703901,0,Regular
AU_Election,Press,45,0.0009289528786284114,0.00037622843045563093,5,Regular
AU_Election,Just,124,0.0014306953831339903,0.001964722347962138,0,Regular
AU_Election,#auspoI,23,0.00030580563914229576,2.3572479462427217e-06,0,Regular
AU_Election,There,116,0.0014599129580379804,0.0016338134585358098,0,Regular
AU_Election,Palmer,122,0.0028069205742407505,0.0023458533725371337,0,Regular
AU_Election,Politics,135,0.006985396172571962,0.002574553004655631,5,Top Node
AU_Election,Power,21,0.0003155504065451288,3.9953553892153926e-05,1,Regular
AU_Election,Coal,26,0.0006064587460099756,0.00024173094882394758,2,Regular
AU_Election,Jim,14,0.0003005427750457899,2.6909396214918123e-06,0,Regular
AU_Election,@LesStonehouse,12,0.00022970072701445948,5.369434531825933e-07,0,Regular
AU_Election,After,56,0.0007037789621333456,0.000319621970027801,1,Regular
AU_Election,@abcnews,73,0.0008884117794515148,0.0005192519417054776,0,Regular
AU_Election,Read,59,0.0007335813883853546,0.0005908118595348012,0,Regular
AU_Election,Former,48,0.0009124168862403011,0.0002572637661465738,7,Regular
AU_Election,Than,15,0.0003977332237012078,1.618192798340379e-05,2,Regular
AU_Election,Tuesday,7,0.00020380149748925656,1.035024040091681e-05,0,Regular
AU_Election,Commonwealth,20,0.000418694032678096,0.00019049536618365891,2,Regular
AU_Election,Bank,8,0.0002693433383410119,2.6476959837730484e-05,2,Regular
AU_Election,@business,6,0.00018070997855490175,2.2435146721372528e-07,0,Regular
AU_Election,Check,13,0.00019844243153162544,3.1709899338228286e-07,0,Regular
AU_Election,#Adani,6,0.00019341972390738422,1.9867927916510785e-05,0,Regular
AU_Election,@OneNationAus,22,0.00041103910086257684,1.3897567068413252e-05,0,Regular
AU_Election,Government,95,0.0014231429740617864,0.0023446614966834527,0,Regular
AU_Election,#ClimateAction,28,0.0005113249926684397,0.00022216249082760868,0,Regular
AU_Election,#ClimateChange,32,0.0003963376274660241,0.00014445329639403557,0,Regular
AU_Election,Only,37,0.0003940826148060796,8.922097445094283e-05,0,Regular
AU_Election,Who,90,0.0011951051708185476,0.0015751152720793469,2,Regular
AU_Election,Tanya,34,0.0008105718151414961,9.790282172122654e-05,5,Regular
AU_Election,Plibersek,35,0.0008365209085400963,0.00015388993086388192,5,Regular
AU_Election,While,39,0.0004378382496807923,3.2534323203686684e-05,0,Regular
AU_Election,Nats,16,0.0002649821681523822,4.068544094016888e-06,0,Regular
AU_Election,Libs,49,0.0006341765886511328,9.84258355902199e-05,0,Regular
AU_Election,Article,7,0.00020614658554923536,1.310159487195968e-06,2,Regular
AU_Election,@ShashiTharoor,11,0.00028335293400252783,3.6505935805072935e-05,2,Regular
AU_Election,#AustraliaElection,14,0.00022507755000526777,2.6452383356195304e-06,1,Regular
AU_Election,Scomo,10,0.0001840094894467518,9.660333622315573e-07,0,Regular
AU_Election,Wait,13,0.0001985824403200921,2.178268810929748e-05,8,Regular
AU_Election,#AusVotes2019,236,0.005012764494793141,0.00819747163518867,0,Top Node
AU_Election,#Australia,408,0.011267580324714302,0.05150345356931516,0,Top Node
AU_Election,Monday,30,0.0004883360937246739,0.000388720829241445,1,Regular
AU_Election,Guardian,81,0.0014889912664087944,0.004387351732022091,5,Regular
AU_Election,Top,56,0.0010459326356532068,0.000685715667870798,5,Regular
AU_Election,Federal,334,0.014728159255596373,0.02180219647115545,5,Top Node
AU_Election,Better,1,0.00013797583786611872,0.0,0,Regular
AU_Election,@realDonaldTrump,104,0.00156485207848047,0.002848510027377649,3,Regular
AU_Election,Change,76,0.003565936738258836,0.000802708356637523,9,Regular
AU_Election,What,226,0.006845732067741833,0.010506474419013626,9,Top Node
AU_Election,Was,39,0.0030427027238272043,0.0019297946723412687,9,Regular
AU_Election,Happened,28,0.002870629688351421,3.8074534798328345e-05,9,Regular
AU_Election,Democrats,27,0.00039594405767507746,0.00015226431042973017,0,Regular
AU_Election,Donald,30,0.0004963652332263075,2.5847937021579206e-05,3,Regular
AU_Election,Supposed,25,0.0028285912533975582,2.945945534035274e-05,9,Regular
AU_Election,Some,48,0.000524759114859845,0.0003378812158933725,0,Regular
AU_Election,Climate,144,0.004833412530644238,0.008147151667609955,9,Top Node
AU_Election,@bopinion,5,0.0003269087210375799,1.280788409709478e-05,9,Regular
AU_Election,@davidfickling,3,0.0003180644682745894,0.0,9,Regular
AU_Election,Sheppard,5,0.00020787650846567108,5.717389200573088e-06,1,Regular
AU_Election,Good,153,0.001911859333541797,0.004244416390329322,0,Top Node
AU_Election,Qld,25,0.00032284986763596904,2.450016582362971e-05,0,Regular
AU_Election,#2020Elections,14,0.0004232546007949885,2.3539843654264135e-06,10,Regular
AU_Election,#2019Elections,18,0.0004510156007222322,9.140640600065304e-06,10,Regular
AU_Election,#Politics,30,0.0006407529682430852,6.424219558994185e-05,10,Regular
AU_Election,#Elections,16,0.0004706989093348022,8.936211189649521e-06,10,Regular
AU_Election,#News,29,0.0004152046793472289,9.319784740797785e-05,1,Regular
AU_Election,Asian,13,0.0004024087057163466,9.371439608872426e-05,2,Regular
AU_Election,Coalition,211,0.005672990532225845,0.007910313710551412,5,Top Node
AU_Election,Fears,4,0.0002365828699403052,0.0,1,Regular
AU_Election,State,28,0.0004116092183648308,0.00018949424932064013,0,Regular
AU_Election,Back,17,0.0006802212421007029,0.00013636372896166007,2,Regular
AU_Election,Trust,9,0.000489205991536734,0.0,2,Regular
AU_Election,Fossil,10,0.0004968688561614264,3.3381605126550076e-05,2,Regular
AU_Election,Faith,9,0.0004912565976206847,0.0,2,Regular
AU_Election,Fuel,9,0.000489205991536734,0.0,2,Regular
AU_Election,Fraser,61,0.0012044382750157504,0.0005670566789457892,0,Regular
AU_Election,Anning,67,0.0013295945002347943,0.000626386295946621,0,Regular
AU_Election,#AUSVote19,113,0.0017286664048329302,0.0015505449492562253,0,Regular
AU_Election,#7NEWS,40,0.003875976488603845,0.00020200973121675304,8,Regular
AU_Election,Washington,8,0.00032570827408997844,8.481268529002774e-06,3,Regular
AU_Election,Indian,18,0.0003221741163014103,8.519427492338312e-05,9,Regular
AU_Election,Political,50,0.001041908720277377,0.0015075358382971352,2,Regular
AU_Election,Jesus,12,0.00027568347826468066,1.2990241471434293e-05,1,Regular
AU_Election,@ScottMorrisonMP,197,0.004557360649468421,0.010210099786202652,0,Top Node
AU_Election,With,95,0.0012168107611663654,0.0009828597647170807,0,Regular
AU_Election,Votes,133,0.00564408163544726,0.002314089514887311,5,Top Node
AU_Election,@GoogleNews,21,0.0003963521646670047,7.56324218702523e-05,1,Regular
AU_Election,Zealand,40,0.000593969373037437,0.0006593097675362653,1,Regular
AU_Election,New,178,0.0073360792122344936,0.008201421567541568,1,Top Node
AU_Election,Congrats,21,0.00027027410769121763,2.90121439220709e-06,0,Regular
AU_Election,Keating,37,0.0004638177294632428,8.192825862667617e-05,5,Regular
AU_Election,Turnbull,53,0.0008510313521811748,0.00036229679853706944,0,Regular
AU_Election,Kevin,28,0.0003383998191434374,3.993416530448808e-05,0,Regular
AU_Election,Malcolm,29,0.00035347391807774434,7.850575969776517e-05,0,Regular
AU_Election,Tony,123,0.0024772669726223938,0.001039639538784263,7,Regular
AU_Election,Paul,34,0.0004067383461538084,9.009991490957568e-05,5,Regular
AU_Election,Julia,21,0.0004025205787325462,2.384851258840553e-05,7,Regular
AU_Election,Rudd,36,0.0005088135210516316,0.00011890115078377447,0,Regular
AU_Election,Ministers,28,0.00037485669286742903,5.0972071189731586e-05,0,Regular
AU_Election,Rupert,29,0.00038620087782262206,3.39935332323512e-05,0,Regular
AU_Election,Howard,41,0.0005028340533189317,8.387200284494276e-05,0,Regular
AU_Election,Abbott,134,0.00285779926690261,0.00167533904244663,7,Top Node
AU_Election,Gillard,36,0.0004930782580517756,0.00013310319742333994,0,Regular
AU_Election,John,41,0.00047814868125619053,9.684361334026509e-05,0,Regular
AU_Election,Nation,80,0.0015163581822859376,0.00040889838030385426,0,Regular
AU_Election,One,138,0.002256603306860188,0.0015695880053011554,0,Top Node
AU_Election,Clive,113,0.0023896441754552205,0.0015481735400241033,0,Regular
AU_Election,Really,6,0.00016348807325248594,9.452414467590041e-08,5,Regular
AU_Election,Class,11,0.000367849089997718,6.910042905629044e-06,1,Regular
AU_Election,Deliver,8,0.0003523827204641619,0.0,1,Regular
AU_Election,Working,14,0.00039203690587604005,4.2607707331400375e-05,1,Regular
AU_Election,Win,118,0.009412952266053288,0.0034522611855050127,1,Regular
AU_Election,South,79,0.0012114411121489312,0.0016366258788451978,0,Regular
AU_Election,Tim,4,0.00017982562453058612,1.7984933049356394e-05,5,Regular
AU_Election,Thank,63,0.0006935995189068908,0.0003659440311232999,0,Regular
AU_Election,Well,109,0.0012533275317147066,0.0027009965763970614,0,Regular
AU_Election,@PatsKarvelas,12,0.0003113303926200566,0.0001286869613285238,0,Regular
AU_Election,Not,112,0.0013254549434884113,0.0026385563457626926,0,Regular
AU_Election,@AuConservatives,18,0.0003777209136903594,4.4881526186911465e-05,0,Regular
AU_Election,Why,141,0.0023085785677858014,0.002571249635322106,5,Top Node
AU_Election,Won,26,0.0005116659295987464,8.824974667241426e-05,2,Regular
AU_Election,Times,60,0.00432147829569642,0.0005662827977550196,1,Regular
AU_Election,York,55,0.004294168351381179,0.0003979850362885903,1,Regular
AU_Election,Liberal,283,0.006979957340916066,0.014281811147081306,0,Top Node
AU_Election,#ClimateEmergency,23,0.00037058965574694015,8.459087851588648e-05,0,Regular
AU_Election,Brazil,12,0.000339626905303551,3.8524134303590736e-05,4,Regular
AU_Election,Israel,64,0.0008549888461305867,0.002120778373872958,4,Regular
AU_Election,@WSJ,11,0.00019987230023425648,8.721611298399775e-06,1,Regular
AU_Election,Tom,7,0.00019048105063076642,5.363093830461461e-06,5,Regular
AU_Election,Same,7,0.00017403743359605342,3.376868059245317e-07,0,Regular
AU_Election,Yep,6,0.00017462542574467574,0.0,0,Regular
AU_Election,#democracy,11,0.00024233565407251462,4.4172391225484735e-07,0,Regular
AU_Election,British,3,0.00015159480596956906,0.0,4,Regular
AU_Election,Bill,227,0.008383470023088972,0.007331282782324675,3,Top Node
AU_Election,Shorten,268,0.009356205243660851,0.013080246597999464,3,Top Node
AU_Election,April,5,0.00017443659288621274,7.517927083273464e-06,0,Regular
AU_Election,Europe,77,0.0013955603599470573,0.002196435145050741,4,Regular
AU_Election,Should,5,0.00017164756025779716,0.0,0,Regular
AU_Election,#topNews,2,0.00014975129427407743,0.0,5,Regular
AU_Election,#australiavotes,105,0.001630521417603436,0.0008391940370868695,0,Regular
AU_Election,#climate,28,0.0004717854772007212,0.00015887827154765905,0,Regular
AU_Election,She,27,0.00032850463447040327,7.281079149449609e-05,4,Regular
AU_Election,Senate,109,0.0017076228567127047,0.001964502263270034,0,Regular
AU_Election,@billshortenmp,179,0.00330159131140559,0.0058850634415744925,0,Top Node
AU_Election,Christians,11,0.0002103908341069378,1.1715291494066725e-05,0,Regular
AU_Election,#AUSTRALIA,6,0.000195904733547591,3.382647739443051e-05,4,Regular
AU_Election,Christchurch,17,0.0007924368411284634,7.501637271745846e-06,5,Regular
AU_Election,Muslims,26,0.0008568758865977934,0.00011725946041400795,5,Regular
AU_Election,Right,53,0.0014383051514292413,0.0005456037951280701,5,Regular
AU_Election,@YouTube,40,0.0006756095785679257,0.0008283562284173218,1,Regular
AU_Election,Florida,2,0.00016637762303177726,0.0,0,Regular
AU_Election,Austria,7,0.000180941560913459,5.6485502737238345e-06,4,Regular
AU_Election,Hell,13,0.0003377466212118062,3.5530273863773266e-05,2,Regular
AU_Election,Results,90,0.0061508039632468745,0.001099378012757483,1,Regular
AU_Election,Are,57,0.0009293954421287461,0.0007363971992644349,2,Regular
AU_Election,Tharoor,12,0.0003127296349085786,8.942851402548291e-06,8,Regular
AU_Election,Exit,43,0.0006867933062135597,0.0005173147197311894,8,Regular
AU_Election,Make,92,0.0013024466766068197,0.001028772582145588,0,Regular
AU_Election,Wrong,19,0.000336339552095635,5.631985909712685e-05,8,Regular
AU_Election,Polls,114,0.002480180696572955,0.0033352186001403233,8,Regular
AU_Election,Point,8,0.00024593022752348594,0.0,8,Regular
AU_Election,Wentworth,26,0.0007936571935695795,0.00011745800306853315,5,Regular
AU_Election,Liberals,118,0.0020316081305194514,0.0023135388856612028,5,Regular
AU_Election,Albo,23,0.00038786063600896014,5.072527079239922e-05,0,Regular
AU_Election,#ImpeachTrump,17,0.0004210621429836639,4.385081933932439e-06,1,Regular
AU_Election,#ImpeachKavanaugh,17,0.0004210621429836639,4.385081933932439e-06,1,Regular
AU_Election,#TheResistance,19,0.00043388777168337284,7.697901269842195e-06,1,Regular
AU_Election,@Reuters,15,0.00039232807269829124,2.4284235482913795e-05,5,Regular
AU_Election,Via,21,0.0004667188328428963,0.0017902683190812604,5,Regular
AU_Election,Before,11,0.0003101511273288724,3.897890986750667e-05,2,Regular
AU_Election,#Labor,65,0.000971064753020831,0.0004812295885620475,0,Regular
AU_Election,Will,75,0.0016947405405983568,0.0037705573206756778,1,Regular
AU_Election,Interesting,13,0.0002066117860274306,1.7643005786545142e-06,0,Regular
AU_Election,Note,5,0.00015846651692967846,0.0,0,Regular
AU_Election,Lots,7,0.0001810677002455917,3.2071491241409667e-07,0,Regular
AU_Election,Corporation,79,0.003752220104866873,0.00032489131082309486,5,Regular
AU_Election,Broadcasting,79,0.003752220104866873,0.00032489131082309486,5,Regular
AU_Election,Thursday,15,0.00022764300514966536,7.882300482682197e-06,1,Regular
AU_Election,Galaxy,18,0.0002616871079183115,2.2758389120044694e-06,0,Regular
AU_Election,Party,298,0.008413552301976294,0.017003019511085658,0,Top Node
AU_Election,Corp,10,0.00022316113012227096,2.1129344646458785e-06,5,Regular
AU_Election,#ausbiz,5,0.0001934216706518918,2.8717990532486565e-05,0,Regular
AU_Election,#UK,8,0.00020507920882321002,1.4118894264300492e-06,10,Regular
AU_Election,Its,22,0.00028208962080709493,3.3986103522300246e-05,0,Regular
AU_Election,Left,114,0.0035547592600236964,0.0025675152598093358,8,Regular
AU_Election,Lost,24,0.0014109399696515844,9.055063220100424e-05,8,Regular
AU_Election,Night,37,0.0034899202676934244,0.00022092386136508496,8,Regular
AU_Election,Unlosable,14,0.0013017303874936928,2.9808881959218693e-05,8,Regular
AU_Election,Glorious,13,0.001287060188860545,9.045134763850299e-06,8,Regular
AU_Election,Last,65,0.00222001548628416,0.0010794327002518487,8,Regular
AU_Election,Far,26,0.0013953072349047206,0.0001279661442960065,8,Regular
AU_Election,Office,8,0.00027216608583398197,1.5562404261587386e-05,2,Regular
AU_Election,Govt,32,0.00046677614298686125,4.719574835635396e-05,0,Regular
AU_Election,Fed,22,0.00041172966984092264,2.6375209357757595e-05,0,Regular
AU_Election,Aust,7,0.00017277447157910175,1.238023545578926e-07,0,Regular
AU_Election,England,20,0.0003299566899428931,0.00017558507270940536,0,Regular
AU_Election,Always,7,0.00016333484277519892,3.536267275753343e-08,0,Regular
AU_Election,God,66,0.000910483339673719,0.0003739775245689812,0,Regular
AU_Election,Lib,25,0.00038741830160375754,2.0519275299408722e-05,0,Regular
AU_Election,Live,81,0.003247288713150639,0.0013711804466622756,1,Regular
AU_Election,Investors,3,0.00016716403695667765,0.0,3,Regular
AU_Election,Unfortunately,16,0.00023114628783943767,1.911853985367254e-06,0,Regular
AU_Election,Report,19,0.0002500228994455097,8.32687750620928e-05,3,Regular
AU_Election,Great,85,0.0011603621038283188,0.0006240020880257315,0,Regular
AU_Election,United,104,0.0023515266267747537,0.0011665677650761692,0,Regular
AU_Election,Here,117,0.0020100747976190283,0.0030527914283352887,2,Regular
AU_Election,@20thCenturyDan,2,0.0001434485937570001,3.27179223020016e-08,0,Regular
AU_Election,Indonesia,8,0.00017772507051355146,6.45559259108275e-07,0,Regular
AU_Election,Analysis,33,0.0011273494637966289,0.00016029482657165892,9,Regular
AU_Election,Voting,70,0.0009038882656507523,0.0005092074476921902,0,Regular
AU_Election,Getting,1,0.00013717144533350193,0.0,5,Regular
AU_Election,@SamRoggeveen,5,0.00018294598222939873,2.570929329325653e-06,5,Regular
AU_Election,#ExitPoll2019,5,0.00018436020676863087,2.3909978573607554e-06,8,Regular
AU_Election,Seizes,49,0.0068897136057650575,0.00017045034903397555,1,Regular
AU_Election,Stunning,49,0.006819381077725254,0.00016360486262325974,1,Regular
AU_Election,#ausvotes,440,0.016529967097449028,0.052293108942088766,0,Top Node
AU_Election,#Election,34,0.00048153819800517757,4.6238066765450434e-05,0,Regular
AU_Election,#ClimateCrisis,10,0.00022738316697761606,3.817189009201044e-05,0,Regular
AU_Election,Sorry,18,0.00026589276923351607,0.00015345017658073266,4,Regular
AU_Election,Shame,6,0.00016801480903671096,0.0,0,Regular
AU_Election,Imagine,8,0.0003179736544581887,0.0017714791851195745,0,Regular
AU_Election,More,50,0.0006368791779779938,0.0002940009156027379,0,Regular
AU_Election,Another,51,0.0005633562114283934,0.0001970487709353542,3,Regular
AU_Election,Promise,8,0.00018011102070680113,8.584991684764493e-07,0,Regular
AU_Election,Plus,4,0.0001534995559434931,4.326518068364506e-08,0,Regular
AU_Election,Tory,8,0.00018481712611258266,0.0,3,Regular
AU_Election,London,21,0.000461922032391439,0.0006694668106001745,2,Regular
AU_Election,From,77,0.001678570336004248,0.002225805693572161,8,Regular
AU_Election,Looks,19,0.00028409680596672593,9.838455800298873e-06,0,Regular
AU_Election,North,39,0.0009080823358220411,0.00021338232742760087,4,Regular
AU_Election,Shock,37,0.0009388720847159351,0.0012144368350376093,1,Regular
AU_Election,Peter,64,0.001029137474017562,0.001031062406600555,0,Regular
AU_Election,Banks,8,0.000288075102574473,2.399243533206086e-05,7,Regular
AU_Election,Breaking,14,0.000371079126676715,2.0569019063955678e-05,1,Regular
AU_Election,Winning,21,0.00042343829116208174,6.342102732028484e-05,0,Regular
AU_Election,Financial,5,0.0002139265452520149,1.552676559335757e-05,0,Regular
AU_Election,Join,15,0.0011502186184496064,4.9847473620837196e-05,8,Regular
AU_Election,Head,6,0.00017092815363023677,0.0,0,Regular
AU_Election,Even,46,0.0004951950961266291,0.00022948285823921189,0,Regular
AU_Election,@LiberalAus,112,0.0019842083638643977,0.001898875148024077,0,Regular
AU_Election,@SenatorDoug,5,0.00016968466913396834,1.4084870462633175e-06,0,Regular
AU_Election,#australia,100,0.00204953558479595,0.002718641717199015,0,Regular
AU_Election,Boothby,19,0.00041485485718497386,3.256056916673833e-06,5,Regular
AU_Election,Chisholm,21,0.00041777870749332906,2.099875853771766e-05,5,Regular
AU_Election,Bass,19,0.00046390535587975776,3.0863861912187714e-06,5,Regular
AU_Election,Did,43,0.0004886214091555237,0.0003010756412354707,0,Regular
AU_Election,Man,10,0.0002520529210356673,7.1608840752718445e-06,2,Regular
AU_Election,@theage,33,0.0005280902334328339,0.00022682177222261478,0,Regular
AU_Election,Citizens,21,0.00039454183794446614,3.222584586658256e-05,0,Regular
AU_Election,For,146,0.002588369825041511,0.002759614660367989,1,Top Node
AU_Election,Show,9,0.0002747082694741195,8.564456322748439e-07,0,Regular
AU_Election,Canada,54,0.0007519225291585975,0.0011122238997426997,3,Regular
AU_Election,Old,12,0.00029431227134165414,1.521151306504109e-06,0,Regular
AU_Election,Leave,8,0.0002299528801929319,3.4621720347657526e-06,0,Regular
AU_Election,Hawke,144,0.003968403580732925,0.002481111462496801,0,Top Node
AU_Election,Bob,149,0.004162968005887319,0.003380653832320011,0,Top Node
AU_Election,Campaign,25,0.0003003947712549227,2.886776619923787e-05,5,Regular
AU_Election,Very,23,0.0003248559904150261,3.0222587883214104e-05,0,Regular
AU_Election,Controversial,4,0.00016493917267664605,1.9327858511183018e-07,0,Regular
AU_Election,Surprise,66,0.0031544224695967877,0.0010203724870569116,1,Regular
AU_Election,Victory,70,0.0028454665784149033,0.0007396825385084021,1,Regular
AU_Election,#climatecrisis,7,0.00016994876572650912,1.809837582764828e-06,0,Regular
AU_Election,Queenslanders,11,0.00020654905225805416,2.552839949098101e-06,0,Regular
AU_Election,Does,17,0.0002552466301815993,3.081184262776518e-05,0,Regular
AU_Election,#politics,49,0.0008863715966319335,0.0006628549265003493,0,Regular
AU_Election,#MAGA,41,0.0005499380512746415,0.00020574133486435313,8,Regular
AU_Election,#Trump2020,10,0.0002121623156067547,3.943469419988058e-07,8,Regular
AU_Election,Americans,14,0.00023937326426269904,8.479776850498569e-07,3,Regular
AU_Election,Take,19,0.0003319429364612847,2.4461957487624216e-05,0,Regular
AU_Election,Unexpected,13,0.00025313515585117315,1.537410622078394e-06,1,Regular
AU_Election,All,107,0.0012490579533964133,0.0013428033551303568,0,Regular
AU_Election,Need,20,0.0006757025156667415,1.5897070233287716e-05,2,Regular
AU_Election,Result,41,0.0007518099180966139,0.0003654696497444994,1,Regular
AU_Election,Know,15,0.0006475567677680641,7.4820456060829145e-06,2,Regular
AU_Election,#australiavotes2019,167,0.003287078114235156,0.004900070275747791,0,Top Node
AU_Election,Tasmania,26,0.00032724898058487885,4.6892875373454934e-05,0,Regular
AU_Election,@frankelly08,4,0.00018924459603671408,2.382259350717025e-06,0,Regular
AU_Election,Julie,13,0.0002657169012023764,5.703021344268005e-06,3,Regular
AU_Election,#Auspol,147,0.0023467796094878857,0.002473064466008669,0,Top Node
AU_Election,Millions,4,0.00016682773750230974,6.525314874534508e-08,0,Regular
AU_Election,#India,4,0.00017777828024641382,4.9544282343031e-07,0,Regular
AU_Election,Post,29,0.0004795276615699201,0.00017218349994703395,3,Regular
AU_Election,Both,13,0.0002274651893233585,0.00013198846641214562,0,Regular
AU_Election,Okay,15,0.00027602169339332875,9.772325213670574e-06,4,Regular
AU_Election,These,33,0.0005616821404988322,0.0003322512942026078,0,Regular
AU_Election,Set,29,0.0006462178188523849,8.41569561266765e-05,1,Regular
AU_Election,Western,46,0.000658962578157896,0.0009121436944035116,0,Regular
AU_Election,#Australian,34,0.0004445316574038233,0.0002276606870508974,0,Regular
AU_Election,#news,57,0.0007120135830227488,0.0007414477294407607,9,Regular
AU_Election,Albanese,19,0.0004641893581810027,1.2966503167788816e-05,5,Regular
AU_Election,Anthony,18,0.00044475292757015976,1.0663118132296725e-05,5,Regular
AU_Election,Teenagers,12,0.0008930739167259097,0.009709359196813797,6,Regular
AU_Election,Like,30,0.000340738727870814,5.935033844101085e-05,0,Regular
AU_Election,Sunday,31,0.0005677917836468475,0.0004117320204011832,1,Regular
AU_Election,#AusVotes,140,0.0026328422244098868,0.0026377675965751205,0,Top Node
AU_Election,#afrobeats,6,0.0004988161253432137,0.0,3,Regular
AU_Election,#applemusic,6,0.0004988161253432137,0.0,3,Regular
AU_Election,#Enjoy,9,0.0005306600023868306,5.0195475109109034e-05,3,Regular
AU_Election,#newmusic,6,0.0004988161253432137,0.0,3,Regular
AU_Election,#spotify,9,0.0005306600023868306,5.0195475109109034e-05,3,Regular
AU_Election,Stock,8,0.0004192157339899268,3.708447665243048e-07,8,Regular
AU_Election,Winners,9,0.00042423564308996905,1.5035776413165459e-05,8,Regular
AU_Election,Market,14,0.00047511773586880957,3.8127579240614745e-05,8,Regular
AU_Election,Losers,8,0.0004192157339899268,3.708447665243048e-07,8,Regular
AU_Election,Bloomberg,12,0.00026390091213665003,7.387955344681697e-05,8,Regular
AU_Election,His,40,0.0007707618336517614,0.0021052077357951106,2,Regular
AU_Election,#auspol2019,97,0.001310769134497604,0.0004997114154615214,0,Regular
AU_Election,Adani,51,0.0010055229087889415,0.0002225378911239111,0,Regular
AU_Election,Have,51,0.0005940521628852763,0.00014178341721023718,0,Regular
AU_Election,#ALP,35,0.0005413671810976575,8.732548107588665e-05,0,Regular
AU_Election,#election,94,0.001611403238735064,0.0028716362539453985,0,Regular
AU_Election,Centre,27,0.0003529901053050342,8.934452950884235e-05,0,Regular
AU_Election,Aboriginal,12,0.00022056910514048523,4.0210634165388574e-05,5,Regular
AU_Election,Indigenous,14,0.00023164405137088447,3.128359345709298e-06,5,Regular
AU_Election,Education,10,0.0002443410770842046,1.5694008330120123e-06,0,Regular
AU_Election,Greens,114,0.002071519120776181,0.0015850612971519914,0,Regular
AU_Election,#auspol19,47,0.000625881418489119,0.00012138736612905694,0,Regular
AU_Election,#AustralianElection,25,0.0003383122718708136,1.1974482688514756e-05,0,Regular
AU_Election,#AUS,36,0.0006395930715841231,0.00033170285777825074,4,Regular
AU_Election,#AustraliaDecides,115,0.001692154738817128,0.0013750819352454833,0,Regular
AU_Election,Markets,7,0.00022003122797320242,1.3117371805238336e-05,1,Regular
AU_Election,Modi,13,0.0002497047378744794,0.00017596895415545824,2,Regular
AU_Election,Thanks,52,0.0005617986808110528,0.0003654168089867415,0,Regular
AU_Election,Seriously,6,0.0001684144544637398,2.5737632311837666e-07,3,Regular
AU_Election,Where,30,0.00042709660648503154,0.00019204895242156642,0,Regular
AU_Election,#polls,9,0.00026329940318800467,9.456477568105791e-06,0,Regular
AU_Election,World,76,0.0013438243430581294,0.0025408170297761983,2,Regular
AU_Election,Tweet,13,0.00021431158640569615,1.2893702269003317e-06,5,Regular
AU_Election,Parliament,54,0.0006285788519716309,0.00038579665380108444,0,Regular
AU_Election,Exactly,3,0.0001468902315188697,0.0,0,Regular
AU_Election,Considering,3,0.00014480380010426782,0.0,1,Regular
AU_Election,Green,63,0.0009984244584506931,0.00035809011725194045,5,Regular
AU_Election,Antony,27,0.0005059595380513041,4.695033107194878e-05,5,Regular
AU_Election,Pollsters,31,0.0011596201047857286,0.0005474827553571067,1,Regular
AU_Election,Nationals,29,0.00047863804272288223,0.0002975161488090667,0,Regular
AU_Election,@MikeCarlton01,9,0.0001914377167457406,1.07529217191379e-05,0,Regular
AU_Election,Once,8,0.00018539586497867862,1.4655928999452123e-05,0,Regular
AU_Election,Down,12,0.00026503287845529224,9.806439586106356e-07,0,Regular
AU_Election,Under,16,0.00030002159151044,7.224410445292406e-06,0,Regular
AU_Election,#Sydney,11,0.0002816089431888162,4.770407424415844e-05,0,Regular
AU_Election,#elections,16,0.00031757210830205516,3.0341986816481038e-05,0,Regular
AU_Election,#Ausvotes2019,27,0.0003152907338197548,7.737680132603076e-05,0,Regular
AU_Election,#Ausvotes,41,0.000680622265840435,0.00010846657227028598,0,Regular
AU_Election,Looking,7,0.00019085277152033176,1.20098559277574e-05,0,Regular
AU_Election,Wins,43,0.0014749431902298183,0.00031602460099904755,1,Regular
AU_Election,#ExitPolls,6,0.00018333726921036548,7.114726986947852e-05,3,Regular
AU_Election,Daily,11,0.00026263758520215754,5.036285750001628e-07,0,Regular
AU_Election,Confounding,14,0.0008747719294677468,9.402095215598727e-07,1,Regular
AU_Election,France,56,0.001303047474360777,0.0009624401872524302,4,Regular
AU_Election,Eurovision,89,0.001400985910341014,0.0028050840946774493,4,Regular
AU_Election,Spain,35,0.0009126245601906752,0.00012389664460335124,4,Regular
AU_Election,Business,8,0.00033370819358311747,5.624304136711425e-05,3,Regular
AU_Election,Outcome,13,0.0003485940832404509,1.9568783079257515e-05,1,Regular
AU_Election,Gov,18,0.00030574732210586334,1.9376049380014596e-05,0,Regular
AU_Election,Mining,28,0.0005112488314737941,0.0003299559309468773,0,Regular
AU_Election,Rural,19,0.000394924905477957,0.00030007197627143225,0,Regular
AU_Election,Shows,18,0.00037561293762419323,3.9857081164573185e-05,0,Regular
AU_Election,Poor,17,0.0002892203535606569,6.741843327911367e-06,0,Regular
AU_Election,David,8,0.00018521788927486512,5.244016974826307e-06,0,Regular
AU_Election,However,11,0.0001956059039751472,3.2606692544720176e-07,0,Regular
AU_Election,Brigid,11,0.0009601654464765073,1.9644587517550866e-05,3,Regular
AU_Election,Delaney,11,0.0009601654464765073,1.9644587517550866e-05,3,Regular
AU_Election,Freedom,5,0.0001594442673817759,2.804393340171566e-08,0,Regular
AU_Election,End,6,0.00015813896010233398,2.2176373599928894e-07,5,Regular
AU_Election,#Coalition,17,0.0003367017357894426,2.6494866345849986e-05,0,Regular
AU_Election,@Kattavernd,28,0.00039879536123397103,0.0003440419115386185,9,Regular
AU_Election,@BelindaJones68,5,0.00017278544011433726,1.0535613656806019e-06,0,Regular
AU_Election,@ABCaustralia,12,0.0002635501277130737,4.56114947502046e-05,0,Regular
AU_Election,Totally,3,0.00014818013791685335,0.0,0,Regular
AU_Election,Glad,2,0.00014220539411633338,0.0,3,Regular
AU_Election,Elections,38,0.0006092211834902474,0.00022610805230103553,5,Regular
AU_Election,White,20,0.00025391450644984283,7.653247407562576e-06,3,Regular
AU_Election,#AusPol,84,0.001417009200292813,0.0009709934167090654,0,Regular
AU_Election,@SBSNews,8,0.00017021102543115135,0.0,3,Regular
AU_Election,Day,149,0.0031331898389519433,0.0024692609949701545,0,Top Node
AU_Election,Fear,6,0.0002918808561795383,6.84633323510243e-06,9,Regular
AU_Election,Lies,11,0.0002311675401755993,6.223275159899513e-05,0,Regular
AU_Election,#qldpol,22,0.00030431588896886607,2.940117315194948e-05,0,Regular
AU_Election,Must,3,0.00016568279994167795,9.95101418873346e-06,0,Regular
AU_Election,George,2,0.00014609482708711048,1.456761789374189e-07,0,Regular
AU_Election,School,24,0.0003980287033740522,5.7753929214366416e-05,0,Regular
AU_Election,Amazing,13,0.00021244724777747743,3.070415109559648e-06,4,Regular
AU_Election,Herald,8,0.00019513208434276372,4.960590967278156e-07,0,Regular
AU_Election,Perhaps,4,0.00015501995479045858,0.0,3,Regular
AU_Election,Which,7,0.0001811204385030782,1.7117953849490485e-07,0,Regular
AU_Election,Jane,10,0.00021476825980129067,7.367124676671128e-06,0,Regular
AU_Election,#BobHawke,32,0.0004647039767177949,2.4612279710093084e-05,0,Regular
AU_Election,Medicare,14,0.0002411108685011023,1.6931935832391433e-05,0,Regular
AU_Election,Associated,31,0.0006965963517758785,0.00014743179827173702,5,Regular
AU_Election,#leadership,21,0.0003006847902630986,5.628407602981272e-05,5,Regular
AU_Election,Sadly,5,0.0001701105264442479,1.7079265583253352e-06,0,Regular
AU_Election,Stop,22,0.0002894656599087182,3.1008460929559174e-05,0,Regular
AU_Election,#ClimateElection,37,0.0006953750375288982,0.0002026469529910429,0,Regular
AU_Election,#ClimateStrike,15,0.0003694166743808885,3.5267668859917864e-05,0,Regular
AU_Election,Congratulations,54,0.0008585713369557411,0.0003520632790825896,0,Regular
AU_Election,#democracysausage,106,0.0020580322581986244,0.002588315415005466,0,Regular
AU_Election,Mark,10,0.00019919713622347946,4.860352870069044e-06,0,Regular
AU_Election,Still,11,0.00020642841061497774,9.076305818688387e-06,0,Regular
AU_Election,Please,108,0.0012879484570284309,0.001445485733640383,0,Regular
AU_Election,Many,15,0.0003121225549294111,2.6061937526631703e-05,5,Regular
AU_Election,#brexit,3,0.00014987428461980156,0.0,0,Regular
AU_Election,#eurovision,56,0.0008704336600217407,0.0008541260026458421,4,Regular
AU_Election,Morning,16,0.0002938357371874657,2.716978119556634e-05,0,Regular
AU_Election,Murphy,7,0.00047869835930162513,1.367521020620079e-05,0,Regular
AU_Election,Full,6,0.00023891540605054345,1.7534608804498705e-05,0,Regular
AU_Election,Moon,5,0.00023919796827918233,1.1313086220207116e-05,0,Regular
AU_Election,Scummo,2,0.00014158428368647242,0.0,0,Regular
AU_Election,Victorian,11,0.00027199559541408124,9.158397344386603e-07,0,Regular
AU_Election,Barrier,16,0.00039731334310724633,8.112901209161416e-05,0,Regular
AU_Election,Reef,16,0.0003940615798651018,8.112901209161416e-05,0,Regular
AU_Election,Today,74,0.0009663109935715837,0.0004138242137628669,0,Regular
AU_Election,Follow,36,0.0007700070671313609,0.0004492876426292957,3,Regular
AU_Election,Because,21,0.00026282694978644754,9.282846007466119e-06,0,Regular
AU_Election,Didn,9,0.00023277168012099053,1.1842666865301865e-05,0,Regular
AU_Election,When,79,0.0009074455493769313,0.0003348737457106884,0,Regular
AU_Election,Look,38,0.001157302189251551,7.415492154527806e-05,1,Regular
AU_Election,@The_Nationals,10,0.00027800683836066157,0.0,0,Regular
AU_Election,Best,34,0.00038611108345678913,0.00011270712847223298,0,Regular
AU_Election,Big,33,0.000494644672492054,0.0001238600130100788,1,Regular
AU_Election,Farage,5,0.00025232596631846857,1.3808847409301268e-05,3,Regular
AU_Election,Nauru,7,0.0002973623713258996,4.6861161726083015e-06,9,Regular
AU_Election,Manus,7,0.00030115156585085537,4.6861161726083015e-06,9,Regular
AU_Election,@vanOnselenP,9,0.0001831612508262125,9.279130749948424e-06,0,Regular
AU_Election,Can,75,0.0009775620911492882,0.0024177724249463267,5,Regular
AU_Election,Opposition,34,0.0006000064551062587,9.66972787797977e-05,3,Regular
AU_Election,October,9,0.0002260374246373799,2.6454100800509115e-05,3,Regular
AU_Election,Leader,66,0.002325153409289989,0.0004737261718475744,5,Regular
AU_Election,@AlboMP,11,0.00021630133125052513,8.888720434607985e-06,0,Regular
AU_Election,Nobody,2,0.00014607062544877306,0.0,0,Regular
AU_Election,Phelps,11,0.00047785790900697266,1.834427619897757e-05,5,Regular
AU_Election,Dave,12,0.0005062871275749625,4.0075382354463464e-05,5,Regular
AU_Election,Sharma,9,0.0004484302029682907,6.54358446040032e-08,5,Regular
AU_Election,Kerryn,11,0.0004750038121391736,1.834427619897757e-05,5,Regular
AU_Election,Would,11,0.0002672311548828004,5.673212663294742e-05,0,Regular
AU_Election,#coal,8,0.0002064310594170998,1.904866195450015e-06,0,Regular
AU_Election,@Australia,3,0.00015294959408826102,2.7998609872985614e-07,0,Regular
AU_Election,Most,37,0.00045663698062126985,0.00012540437283840974,0,Regular
AU_Election,Clinton,14,0.00029270002533552053,4.671325453880007e-05,3,Regular
AU_Election,Commission,11,0.00029097770244643315,1.9538049554635503e-06,5,Regular
AU_Election,Electoral,19,0.00039221022198057285,8.67435732030696e-05,5,Regular
AU_Election,@samanthamaiden,7,0.00016693276156477127,0.0,0,Regular
AU_Election,Don,139,0.0019311073388523655,0.0021007607587424514,0,Top Node
AU_Election,Life,11,0.00019029849244777956,3.1365874892918782e-06,5,Regular
AU_Election,Molan,11,0.0002723173523030948,5.446201720158809e-07,0,Regular
AU_Election,@TonyAbbottMHR,58,0.0011223590262540216,0.00023193258291967722,0,Regular
AU_Election,Senator,15,0.00023988046555530182,7.509779731122443e-06,0,Regular
AU_Election,@narendramodi,3,0.0001498191066351711,0.0,0,Regular
AU_Election,Almost,5,0.0001616180632550374,0.0,0,Regular
AU_Election,Representatives,11,0.00021176237070734546,1.9749271884553634e-07,0,Regular
AU_Election,House,49,0.0006727846327192536,0.0002972701072743533,0,Regular
AU_Election,Brisbane,7,0.00017607765165488412,2.0843572164542275e-06,0,Regular
AU_Election,Canberra,28,0.00034618767008660347,1.2026602348046688e-05,5,Regular
AU_Election,#LatestComments,5,0.00015587865894319488,0.0,5,Regular
AU_Election,Jobs,13,0.0002159064300900124,2.7095160150404287e-06,9,Regular
AU_Election,#Eurovision2019,53,0.0009505569533587682,0.0012005154782016158,4,Regular
AU_Election,#Vote,16,0.0002444243622468274,6.978418436047275e-06,0,Regular
AU_Election,Wow,12,0.00019458881292165196,1.3095445460148112e-06,0,Regular
AU_Election,@SkyNewsAust,52,0.0007146168328894995,0.0004992478121137649,0,Regular
AU_Election,Strong,7,0.00017865229081508077,7.868039695815586e-07,0,Regular
AU_Election,#WWG1WGA,9,0.0001912687190535085,1.2480436563641608e-06,1,Regular
AU_Election,Although,3,0.00014721921412498632,0.0,3,Regular
AU_Election,Gold,2,0.00017218748193324962,0.0,0,Regular
AU_Election,Sam,2,0.0001882311373618382,5.234867568320256e-07,3,Regular
AU_Election,@SenatorWong,13,0.0002633452347599339,0.0006506091540389881,0,Regular
AU_Election,#ausvotes19,98,0.0017243573465105856,0.0005602899787338362,0,Regular
AU_Election,#Election2019,59,0.0008489033699916047,0.00016408916208793335,0,Regular
AU_Election,Forget,5,0.0001720047744774471,5.188239949509627e-06,0,Regular
AU_Election,Way,5,0.0001986150055086059,0.0,1,Regular
AU_Election,Aussies,59,0.0005563000953826395,0.0002555472072922709,0,Regular
AU_Election,Australias,15,0.0002454610956326806,4.075070563695074e-05,0,Regular
AU_Election,Again,32,0.0004519620103098933,8.431363484083415e-05,0,Regular
AU_Election,@RitaPanahi,15,0.00027360940340860954,8.142063190097522e-05,0,Regular
AU_Election,Conservative,93,0.0016821389585725275,0.0012655866599661396,1,Regular
AU_Election,#Brexit,19,0.0003050252261114703,0.00018339042827166086,0,Regular
AU_Election,Loses,16,0.00032752880650578685,1.7918865621213445e-05,7,Regular
AU_Election,Italy,56,0.0012810098627386711,0.0019763819505614153,4,Regular
AU_Election,#australiapm,8,0.0002789563220713032,0.0,3,Regular
AU_Election,Got,4,0.0001555934693963281,3.880495995517844e-07,0,Regular
AU_Election,Alan,11,0.00032271786305315524,1.7940071265320467e-06,7,Regular
AU_Election,Melbourne,55,0.0007510043699484215,0.002162202746680213,7,Regular
AU_Election,Next,13,0.00031090370328832044,0.0011299989575962997,3,Regular
AU_Election,@newscomauHQ,20,0.0003092712404201315,0.00011326334199643915,0,Regular
AU_Election,@leighsales,18,0.0003597383374139085,8.143387952807471e-05,0,Regular
AU_Election,Guess,6,0.00017702378913045643,1.1926132216515905e-06,0,Regular
AU_Election,Josh,2,0.00014750204036916015,0.0,0,Regular
AU_Election,Out,14,0.0002029970817938511,2.5054256922187943e-06,0,Regular
AU_Election,@mirandadevine,9,0.00019281381408073561,7.0073790700257495e-06,0,Regular
AU_Election,Watch,24,0.0003502677851913034,0.0002828739061736383,0,Regular
AU_Election,Maybe,22,0.00032054991715649425,0.0003220399831279905,0,Regular
AU_Election,Russia,71,0.0013074540661482535,0.0026323563760923766,4,Regular
AU_Election,Nations,5,0.00017231795351935734,1.1382942992539134e-07,0,Regular
AU_Election,Professor,5,0.00018459324849738975,1.3952015122286791e-05,0,Regular
AU_Election,University,5,0.0001836568539682854,7.177321098721875e-06,0,Regular
AU_Election,Enjoy,17,0.00026128783196400005,2.9209963319572882e-05,0,Regular
AU_Election,Happy,63,0.0010994338756390805,0.0002897180171316889,0,Regular
AU_Election,@AntonyGreenABC,8,0.00019129874914614186,1.33086215967758e-07,0,Regular
AU_Election,Policy,18,0.00030661517438216967,4.5814458019216865e-05,5,Regular
AU_Election,Otherwise,11,0.0008871135856807701,1.0086889001653505e-05,8,Regular
AU_Election,Defeat,22,0.0012649101298119767,0.00019247440382514462,8,Regular
AU_Election,Predicting,11,0.0008871135856807701,1.0086889001653505e-05,8,Regular
AU_Election,Despite,21,0.0009588580426612028,0.00021926186913552538,8,Regular
AU_Election,Shocking,21,0.000979252833113509,0.00014286346971975993,8,Regular
AU_Election,@smh,50,0.001007430868252826,0.0003561610334227356,0,Regular
AU_Election,#9News,48,0.0010289628258912092,0.0006646386418216398,0,Regular
AU_Election,Poll,22,0.0003485168646710443,5.914699249985834e-05,2,Regular
AU_Election,Updates,35,0.0019133763172980351,0.00023197694866765713,1,Regular
AU_Election,American,36,0.000440507810078977,0.0002984460489105433,3,Regular
AU_Election,Bless,10,0.0002554971530198749,0.0,0,Regular
AU_Election,States,16,0.0002735795784389471,5.134873928895563e-06,0,Regular
AU_Election,Hillary,21,0.0003324054937994376,1.3549996223082788e-05,3,Regular
AU_Election,#Morrison,25,0.00035942478623065524,6.271850999555267e-05,0,Regular
AU_Election,Whoever,4,0.00015138789914791127,0.0,0,Regular
AU_Election,Welcome,8,0.00017622349306706757,1.1597782631354682e-06,1,Regular
AU_Election,Question,2,0.00014778931526637654,0.0,0,Regular
AU_Election,Answer,3,0.00023034638095478124,0.0,3,Regular
AU_Election,Hanson,52,0.0009162657509120325,0.0003250910414831393,0,Regular
AU_Election,Greed,4,0.00015301293436772333,0.0,9,Regular
AU_Election,Complete,16,0.0004356386323437293,8.715863785318591e-05,3,Regular
AU_Election,Dear,30,0.0004021989090768113,2.7083158173176608e-05,0,Regular
AU_Election,Hunter,16,0.00027153704222630137,4.42590010293641e-06,0,Regular
AU_Election,About,33,0.0009568075669683174,0.00012699315015067469,2,Regular
AU_Election,@9NewsAUS,7,0.00019451192824076487,0.00012771590384334146,0,Regular
AU_Election,Their,18,0.00024134993352429337,1.2080349853417042e-06,5,Regular
AU_Election,#ExtinctionRebellion,20,0.00035414233740174093,5.136605108004834e-05,0,Regular
AU_Election,Lol,5,0.00016489108097577236,4.624463882009881e-05,4,Regular
AU_Election,@Meshel_Laurie,8,0.00019333342951045613,2.95610932899988e-06,0,Regular
AU_Election,Pacific,17,0.0003778279261816083,0.00010851208119855734,3,Regular
AU_Election,Global,12,0.000196202117739319,7.817848384329618e-07,0,Regular
AU_Election,Your,57,0.0006389187255967999,0.0009539633813014599,0,Regular
AU_Election,#voting,6,0.0001802948025291733,1.8051267476966403e-08,0,Regular
AU_Election,Jenny,10,0.00019826935410334647,5.608786680343132e-08,0,Regular
AU_Election,Victoria,30,0.0003920410803329368,5.753503270178962e-05,0,Regular
AU_Election,#Greens,15,0.00026969140137147346,0.0001264238655271808,0,Regular
AU_Election,Thread,6,0.00024318097860414389,3.193905762908395e-05,8,Regular
AU_Election,Real,9,0.00019951501893737157,6.057152149281159e-06,0,Regular
AU_Election,Everything,15,0.0006249519633545451,4.789430889117881e-06,2,Regular
AU_Election,Chinese,51,0.0010597344260261617,0.00041213347389040193,5,Regular
AU_Election,Democracy,60,0.0007601005600895857,0.00027932411658975316,0,Regular
AU_Election,Aus,28,0.0003169257950491625,4.102421226857337e-05,0,Regular
AU_Election,Save,7,0.000318124711583901,2.3537610933724985e-07,2,Regular
AU_Election,Folau,11,0.00023251207911016396,7.658560669089513e-06,4,Regular
AU_Election,@JoshFrydenberg,12,0.00025425157540155435,9.199384892382773e-05,0,Regular
AU_Election,#climatechange,68,0.0009832594068051694,0.0014582323176138764,0,Regular
AU_Election,Every,29,0.00033386433769660626,2.3206619934157e-05,0,Regular
AU_Election,Yeah,5,0.00015820575778709644,6.553424437032502e-08,3,Regular
AU_Election,Zali,35,0.000959399799956003,5.588007853524406e-05,7,Regular
AU_Election,Steggall,39,0.0010553545000879622,8.019038066878544e-05,7,Regular
AU_Election,@zalisteggall,15,0.0003013610645312655,3.3321463747064243e-06,0,Regular
AU_Election,Apparently,19,0.0002462074101663565,9.286352458277503e-06,0,Regular
AU_Election,Laurie,3,0.0002834902373804104,0.0,5,Regular
AU_Election,Britain,33,0.00043739106938572885,0.00029772576477667264,4,Regular
AU_Election,@thinkprogress,3,0.00015414353491173993,0.0,0,Regular
AU_Election,Bad,30,0.0004227419636485299,0.00013474994880215133,0,Regular
AU_Election,Group,19,0.0007390662057395704,0.001885936260221992,7,Regular
AU_Election,Kiwis,4,0.00015688630422532661,5.06600087256799e-08,0,Regular
AU_Election,#ScottMorrison,60,0.000905726945913814,0.0005403462959100713,0,Regular
AU_Election,Dutton,73,0.0010541877375660983,0.0005816045767720956,0,Regular
AU_Election,Money,5,0.00015675732471886398,0.0,0,Regular
AU_Election,Muslim,15,0.00031004421267144706,2.6013589172161626e-05,0,Regular
AU_Election,@fraser_anning,1,0.00015063053258682958,0.0,5,Regular
AU_Election,Wong,25,0.0005016338931186275,0.00014988253786673802,0,Regular
AU_Election,Penny,10,0.00026561829132933703,2.0814943195913548e-05,0,Regular
AU_Election,Jacinda,9,0.00020086809333243942,5.93554548039488e-06,0,Regular
AU_Election,#environment,11,0.00024002996115551483,1.4579567313800465e-05,0,Regular
AU_Election,Everyone,32,0.0003643217025228507,7.840884169976198e-05,0,Regular
AU_Election,Health,18,0.0002850606574351352,5.665888387539796e-05,0,Regular
AU_Election,Primary,8,0.00020828935345427516,1.5017516063349176e-06,0,Regular
AU_Election,@rowandean,6,0.00020860030569909153,0.0,0,Regular
AU_Election,@SpeakerPelosi,9,0.0001859826586988543,9.80944238500544e-06,1,Regular
AU_Election,@Greens,25,0.00042928216431695567,2.964167519811888e-05,0,Regular
AU_Election,@LowyInstitute,6,0.00018623021331224754,1.2499368206543167e-05,5,Regular
AU_Election,Jones,8,0.00029814166221988215,0.0,7,Regular
AU_Election,Remember,60,0.0008023890172942738,0.000385572913857842,0,Regular
AU_Election,Probably,4,0.00015240134601360585,0.0,1,Regular
AU_Election,@BreitbartNews,9,0.00030357906699170895,0.0,1,Regular
AU_Election,#cdnpoli,15,0.0002587979221629691,2.486560032501801e-05,3,Regular
AU_Election,Radio,21,0.00030681774608535737,2.2639947902354453e-05,0,Regular
AU_Election,#Eurovision,164,0.005305848206495315,0.011520904160819741,4,Top Node
AU_Election,Germany,34,0.0004818296542905074,0.0003977653066079037,4,Regular
AU_Election,#ScoMo,14,0.00023656121209494858,1.0438702185926732e-06,0,Regular
AU_Election,#AusVotes19,101,0.001647199367770519,0.0010625770113987553,0,Regular
AU_Election,#Elections2019,19,0.00029667640045901475,3.4489574264061712e-06,0,Regular
AU_Election,Deal,9,0.00024251887275287255,6.605993493863244e-07,5,Regular
AU_Election,Socialist,17,0.0004035343917123118,2.311295188582615e-05,0,Regular
AU_Election,Warringah,56,0.0015269481449888757,0.0003890396983778606,7,Regular
AU_Election,Tight,13,0.00032374723851294777,1.3899083608793668e-05,1,Regular
AU_Election,Race,9,0.000293368822362349,8.694530494219588e-06,1,Regular
AU_Election,@skinnergj,53,0.0021050721900437957,0.00013635420339543693,5,Regular
AU_Election,Alabama,9,0.00021941469884117503,7.668351799577748e-05,0,Regular
AU_Election,Ohio,8,0.0003524002464940708,2.2306944123120252e-05,2,Regular
AU_Election,#Queensland,13,0.00024094494410708823,1.8830073636548343e-06,0,Regular
AU_Election,Over,13,0.0002229651274406843,6.214302004362888e-05,0,Regular
AU_Election,Until,4,0.00023751817589792831,0.0,8,Regular
AU_Election,Miraculous,12,0.0003518246150092052,3.997455494584788e-05,2,Regular
AU_Election,Celebrates,11,0.00032240168356174957,3.6811534790325374e-06,1,Regular
AU_Election,Pentecostal,23,0.0005905341178247835,0.00014775718750762657,1,Regular
AU_Election,Could,15,0.0004321103648400537,0.00018977670037304754,2,Regular
AU_Election,#AUSVote2019,57,0.000862778262357597,0.00046517714176462656,0,Regular
AU_Election,Institute,5,0.00016081044813118136,3.897659016760946e-08,0,Regular
AU_Election,@Nigel_Farage,7,0.00023592457469432315,8.068254101699815e-06,3,Regular
AU_Election,Nigel,10,0.0003140673596704047,0.00018606525058914014,3,Regular
AU_Election,International,4,0.00015832169734922817,2.9401890731667326e-07,0,Regular
AU_Election,@JaneCaro,14,0.0002707948508532265,7.636388032388866e-05,0,Regular
AU_Election,Though,2,0.0001431909215969156,0.0,0,Regular
AU_Election,Putin,11,0.00020755570653240696,4.729163262604811e-06,3,Regular
AU_Election,Wonder,1,0.00013726283704081806,0.0,0,Regular
AU_Election,Independent,23,0.00043293628870372665,6.782089837112239e-05,0,Regular
AU_Election,Pauline,35,0.0006236219461786478,7.38952394096286e-05,0,Regular
AU_Election,High,6,0.00016501818043499305,0.0,0,Regular
AU_Election,@ABCNews,7,0.00017247095460553398,0.0,0,Regular
AU_Election,Sara,9,0.0004043248315952512,0.0,8,Regular
AU_Election,Carter,9,0.0004043248315952512,0.0,8,Regular
AU_Election,@nytimes,59,0.0007494847092533894,0.000474676274227269,1,Regular
AU_Election,Game,7,0.00016907538999829806,2.0064408337430975e-06,3,Regular
AU_Election,Making,5,0.00015897262464378272,9.84614589652713e-08,0,Regular
AU_Election,Insider,3,0.00027283582111994816,0.0,3,Regular
AU_Election,Meulders,10,0.0008717051186748915,0.0,6,Regular
AU_Election,Alateras,10,0.0008717051186748915,0.0,6,Regular
AU_Election,Isabella,10,0.0008717051186748915,0.0,6,Regular
AU_Election,Chelsea,11,0.0008767185886772034,0.006148301580055987,6,Regular
AU_Election,Use,8,0.00018166597478313243,1.1980840286537797e-06,0,Regular
AU_Election,Oscar,10,0.0008717051186748915,0.0,6,Regular
AU_Election,Pearson,10,0.0008717051186748915,0.0,6,Regular
AU_Election,Claudia,10,0.0008717051186748915,0.0,6,Regular
AU_Election,Vipen,10,0.0008717051186748915,0.0,6,Regular
AU_Election,Grace,10,0.0008717051186748915,0.0,6,Regular
AU_Election,Cox,10,0.0008717051186748915,0.0,6,Regular
AU_Election,Upset,6,0.00025647661533336136,1.8866608671483845e-07,1,Regular
AU_Election,Slate,17,0.000294474993208243,1.2069492115394978e-05,2,Regular
AU_Election,Russian,8,0.00022089021696221751,5.696292518220863e-05,0,Regular
AU_Election,Tell,11,0.00018694902217942697,8.415279394057545e-06,8,Regular
AU_Election,Sir,5,0.0001877870041056714,1.1364036173947177e-05,2,Regular
AU_Election,Friday,22,0.0004908430221116599,5.312886494329129e-05,0,Regular
AU_Election,Bowen,8,0.00024723072869697063,1.2942068347294637e-05,0,Regular
AU_Election,@Bowenchris,21,0.000575342718901307,0.0001639271245229663,0,Regular
AU_Election,Also,60,0.0005998025483797886,0.0008151559029199545,4,Regular
AU_Election,Close,17,0.00037865059583085835,3.9327058514753086e-05,1,Regular
AU_Election,Facts,11,0.0003270617306051783,2.209124262222417e-05,5,Regular
AU_Election,#StopAdani,29,0.0005864812973687514,0.0001392995667435747,0,Regular
AU_Election,Sportsbet,6,0.0001784504553035136,0.0,0,Regular
AU_Election,Africa,6,0.00020919565193902833,1.5718929107720267e-07,0,Regular
AU_Election,Indi,4,0.00018773615258516594,0.0,1,Regular
AU_Election,Northern,4,0.0002034635341360825,3.0201159048001484e-08,5,Regular
AU_Election,Territory,11,0.00027414965079015165,0.00013725334548749467,5,Regular
AU_Election,Leftists,6,0.00023718699884509606,0.0,1,Regular
AU_Election,Soros,21,0.0007510622476097992,1.1992972879499985e-05,0,Regular
AU_Election,Socialism,1,0.0001377086681814225,0.0,2,Regular
AU_Election,#CNN,11,0.00024064577062051287,3.463172485576994e-05,0,Regular
AU_Election,#election2019,27,0.0005489747768186895,2.9815556447661865e-05,0,Regular
AU_Election,@CNN,18,0.00038922146135243535,1.5519930971397657e-05,0,Regular
AU_Election,Katharine,5,0.0004581574313078195,2.1569593221319578e-07,0,Regular
AU_Election,Nine,35,0.00044194331467473796,0.00013689651458721958,0,Regular
AU_Election,Dems,12,0.00020742821796898195,3.589960773888671e-07,0,Regular
AU_Election,Labors,14,0.0003089739560585968,1.1548111512936136e-05,0,Regular
AU_Election,Anti,5,0.00016728912221033987,4.382009821943441e-06,1,Regular
AU_Election,Immigration,12,0.0002134604136676707,2.0103565267354707e-05,1,Regular
AU_Election,Energy,5,0.00016888779545632803,0.0,9,Regular
AU_Election,Key,10,0.00026744331205278077,4.131142676503965e-05,1,Regular
AU_Election,Republicans,5,0.00016434641989430867,1.3087168920800643e-07,0,Regular
AU_Election,Has,42,0.0005146012717516695,0.0002614348891771733,1,Regular
AU_Election,Ross,22,0.0008282195558275808,3.388152662015106e-05,0,Regular
AU_Election,Meanwhile,3,0.00015122703118103348,0.0,0,Regular
AU_Election,Lets,2,0.00014625682142995397,0.0,0,Regular
AU_Election,Getup,4,0.00015021013163085356,0.0,7,Regular
AU_Election,Union,14,0.00026609762940523157,5.470639380920325e-06,3,Regular
AU_Election,@GretaThunberg,6,0.0001777292695489863,4.884712084622518e-06,0,Regular
AU_Election,Downer,14,0.00020833733353285407,2.2160528984391792e-06,5,Regular
AU_Election,@Paul_Karp,2,0.00015238304453071188,2.374884014884487e-07,0,Regular
AU_Election,Sounds,3,0.0001500606094972028,0.0,3,Regular
AU_Election,#vote,43,0.0009674990544308482,0.0005291222720058047,0,Regular
AU_Election,@washingtonpost,11,0.00029354097982350826,7.955977236338175e-05,3,Regular
AU_Election,@POTUS,9,0.0002139311670812027,7.732629004392263e-05,1,Regular
AU_Election,Absolutely,3,0.00014902725383600992,0.0,0,Regular
AU_Election,West,5,0.00016035250642447522,7.222162500258843e-08,0,Regular
AU_Election,#BBC,10,0.00022001668199892626,0.00014981462299307478,3,Regular
AU_Election,Turns,6,0.00016709978304038073,4.6419418293455115e-07,0,Regular
AU_Election,#FederalElection,23,0.0003057648901424399,3.5094573047219013e-06,0,Regular
AU_Election,Wouldn,1,0.0001552691691611482,0.0,0,Regular
AU_Election,Hey,32,0.0003538748348695076,1.706001577315419e-05,0,Regular
AU_Election,@NYTimes,8,0.0001758008463334545,0.0,1,Regular
AU_Election,Society,10,0.00018081467003369734,0.0,0,Regular
AU_Election,Ukraine,7,0.0001924714456205252,3.192923284874007e-06,4,Regular
AU_Election,#BreakingNews,23,0.00032149360611567876,7.759960154302808e-05,5,Regular
AU_Election,Rugby,15,0.0002654759510102039,4.0771926109819597e-05,0,Regular
AU_Election,@FrBower,10,0.00020072182358583525,3.31292436383605e-05,0,Regular
AU_Election,See,28,0.00035037541466791057,8.519741811335909e-06,0,Regular
AU_Election,Sky,26,0.0004477256259407688,8.791353041700125e-05,0,Regular
AU_Election,Free,8,0.00017727777565005747,1.412659731645606e-07,0,Regular
AU_Election,#Liberals,8,0.00018486004916889467,0.0,0,Regular
AU_Election,#China,20,0.00029354659392590585,3.675999313018207e-05,3,Regular
AU_Election,Age,5,0.0001656202454672478,2.1019057821934385e-07,0,Regular
AU_Election,Historic,3,0.00018514417519461103,0.0,0,Regular
AU_Election,Obama,9,0.00020532503210980122,1.764377002918156e-05,3,Regular
AU_Election,Yet,16,0.00027259178117382114,6.364895634838445e-05,0,Regular
AU_Election,@BreakfastNews,4,0.0001617948971337619,9.901086723891413e-06,0,Regular
AU_Election,Those,5,0.00016730957146681002,0.0,0,Regular
AU_Election,June,9,0.00018404190181832002,3.278619407959924e-06,1,Regular
AU_Election,August,8,0.0002888769953173793,5.280956296913455e-05,7,Regular
AU_Election,#FoxNews,6,0.0001857004529592164,3.5353015013592454e-06,0,Regular
AU_Election,March,10,0.000403196333867543,0.0,0,Regular
AU_Election,Google,10,0.0001928087247952097,8.724225065618084e-07,0,Regular
AU_Election,Public,36,0.00047219566091454473,0.0007528352792179404,4,Regular
AU_Election,Marino,28,0.0006947339492343763,7.547532185675564e-06,4,Regular
AU_Election,Sweden,53,0.0016332709041002665,0.0004669495604944833,4,Regular
AU_Election,Azerbaijan,35,0.0009671102075924074,3.771648822635871e-05,4,Regular
AU_Election,Switzerland,47,0.0014381686422197128,0.0002839295050103696,4,Regular
AU_Election,Final,51,0.0006816464086029648,0.0012164209751119636,4,Regular
AU_Election,San,28,0.0006784274850318833,7.547532185675564e-06,4,Regular
AU_Election,Macedonia,36,0.0009174825351677825,8.18484830834876e-05,4,Regular
AU_Election,Norway,53,0.002051550729526577,0.0004623688917385082,4,Regular
AU_Election,Slovenia,30,0.0006549595071991235,1.2126815963571162e-05,4,Regular
AU_Election,Netherlands,52,0.0015361342235912573,0.0003858647822280827,4,Regular
AU_Election,Iceland,60,0.0018687451244816774,0.0005380785806853837,4,Regular
AU_Election,Someone,1,0.0001365606419580197,0.0,1,Regular
AU_Election,#BREAKING,35,0.0005065431084605242,4.120443138567563e-05,0,Regular
AU_Election,Wonderful,1,0.00013916715382892995,0.0,2,Regular
AU_Election,Tax,12,0.00030487857433543914,5.6887116273292224e-06,0,Regular
AU_Election,@GetUp,1,0.0001405920753832489,0.0,0,Regular
AU_Election,Earth,9,0.00018409025917361877,3.94081143305961e-08,0,Regular
AU_Election,Communist,16,0.0003037210912672012,1.1457938408018435e-05,0,Regular
AU_Election,@sarahinthesen8,4,0.00016738431254725015,1.1217573360686264e-07,0,Regular
AU_Election,Keep,34,0.0006458378873642036,0.00020020182470952908,0,Regular
AU_Election,Hopefully,18,0.0002472479386188847,1.896866278508557e-05,0,Regular
AU_Election,James,1,0.00014977206494995766,0.0,7,Regular
AU_Election,Chris,7,0.0002547110484338389,4.778295062788755e-06,0,Regular
AU_Election,@GuardianAus,30,0.00037171933270794904,3.424518572031318e-05,0,Regular
AU_Election,Republican,3,0.0001522072726507428,0.0,0,Regular
AU_Election,Equality,5,0.00020383978278530515,0.0,0,Regular
AU_Election,Thinking,2,0.00014331328110885405,0.0,0,Regular
AU_Election,#Election2019Results,55,0.0006943818347882782,0.0001842801814181285,0,Regular
AU_Election,Negative,10,0.00031761773168942613,1.236355513435029e-05,9,Regular
AU_Election,Republic,37,0.0006846135093161582,0.0003597895454487266,4,Regular
AU_Election,@SaraCarterDC,14,0.0003753213864594534,4.927866371566383e-05,8,Regular
AU_Election,Sound,14,0.0002156319246900799,5.099232080874811e-06,3,Regular
AU_Election,Islamophobia,7,0.0005927599090438174,3.803144408705324e-05,9,Regular
AU_Election,#Insiders,7,0.00018568957955074198,5.2535635239214e-07,0,Regular
AU_Election,Economy,16,0.00046555825637382677,0.00010317659096777236,1,Regular
AU_Election,#elections2019,8,0.00019698921257780682,0.0,0,Regular
AU_Election,Given,5,0.0001554396650051085,0.0,0,Regular
AU_Election,Regional,3,0.00015486413422352932,0.0,0,Regular
AU_Election,@dailytelegraph,9,0.0002129037156099583,5.887307823687078e-06,0,Regular
AU_Election,Help,3,0.00015031082263778527,7.392738552959987e-06,4,Regular
AU_Election,Visa,8,0.0003646775729934803,0.0017915046462134946,5,Regular
AU_Election,Wake,24,0.00039282242993535807,3.931252539136579e-05,0,Regular
AU_Election,Elect,16,0.0004100926512376977,1.3631155404438e-05,2,Regular
AU_Election,@canberratimes,7,0.0001799923473770211,0.0,3,Regular
AU_Election,#WarringahVotes,19,0.0003349959239010477,2.8571262292645802e-05,0,Regular
AU_Election,General,43,0.0005824621983986748,0.00038641190399538373,1,Regular
AU_Election,Fines,2,0.0001544443779011847,0.0,5,Regular
AU_Election,Venezuela,2,0.00014317260147558654,0.0,3,Regular
AU_Election,#LNP,32,0.0005546256639122075,0.00010983625873699241,0,Regular
AU_Election,Kiwi,1,0.00019799045131333593,0.0,5,Regular
AU_Election,#USA,13,0.00023437440551538687,4.0397686891136685e-06,0,Regular
AU_Election,Fake,9,0.00019173755586359553,3.165026797382695e-06,3,Regular
AU_Election,@AOC,14,0.00023123490345032513,8.87141621431345e-06,0,Regular
AU_Election,Bishop,18,0.0003262235941893523,9.601231364859595e-06,3,Regular
AU_Election,@jacindaardern,11,0.00022865165369320093,6.264643125133688e-06,0,Regular
AU_Election,Murray,6,0.0001694890376320865,6.132528812642723e-07,0,Regular
AU_Election,Opinion,8,0.00018847711818293657,4.2805008676624024e-06,3,Regular
AU_Election,Self,3,0.00023783405640231365,0.0,3,Regular
AU_Election,European,30,0.0004468276113342764,0.00014371265309493653,4,Regular
AU_Election,Ireland,9,0.00021019629459566766,2.0468033122242306e-05,4,Regular
AU_Election,@jennycohn1,1,0.0001918221864313469,0.0,0,Regular
AU_Election,#FakeNews,6,0.0001777795875679259,3.343055221936506e-05,0,Regular
AU_Election,Watching,14,0.00021747690220457014,2.9793631241645635e-06,0,Regular
AU_Election,Gotta,3,0.0001472963495593514,0.0,0,Regular
AU_Election,Scores,12,0.0011385691727872974,2.7698562597813305e-06,1,Regular
AU_Election,Patriots,2,0.00014611112210294541,0.0,3,Regular
AU_Election,Such,11,0.00020227329315614649,1.2726249097874697e-06,0,Regular
AU_Election,Since,9,0.00017790313631877786,3.152566726759695e-07,0,Regular
AU_Election,Anyone,12,0.00020133137635997548,1.7667122321589093e-07,0,Regular
AU_Election,Biden,13,0.0002472357825874507,5.140473670656586e-05,3,Regular
AU_Election,#FraserAnning,10,0.0003366312481154545,0.0017722575508434199,5,Regular
AU_Election,Christ,9,0.0002653199542226093,7.660076043730108e-05,1,Regular
AU_Election,First,43,0.0006534435003464996,0.0008759080611662339,0,Regular
AU_Election,@murpharoo,11,0.0002237697842809817,5.032004335277393e-05,0,Regular
AU_Election,Too,11,0.00019627519277187609,1.0870752231896328e-06,0,Regular
AU_Election,Schadenfreude,3,0.00043645095934023747,0.0,0,Regular
AU_Election,Gore,7,0.0005131132751775454,4.756982324380232e-05,0,Regular
AU_Election,Young,9,0.00018443785160672093,2.154755845814544e-07,0,Regular
AU_Election,Tories,4,0.00015243634573761588,4.691052669286987e-08,0,Regular
AU_Election,Oakes,4,0.0003020712259453935,5.234867568320256e-07,5,Regular
AU_Election,Hope,23,0.0002787980282217124,1.5662922482296185e-05,0,Regular
AU_Election,Dem,4,0.0003299980920696208,1.0945831629653997e-05,1,Regular
AU_Election,Nothing,15,0.00020802213261347205,3.942871132253024e-07,0,Regular
AU_Election,Country,18,0.0002990961568491205,8.689066086010399e-05,0,Regular
AU_Election,Corbyn,6,0.00019554926288685182,4.657741421298036e-06,2,Regular
AU_Election,Michael,6,0.00016778929962986102,1.1636136663142528e-06,0,Regular
AU_Election,Term,14,0.0004649645550265661,1.2400569254116508e-05,1,Regular
AU_Election,Leaders,28,0.0005190362688610249,8.338816693557347e-05,2,Regular
AU_Election,Economic,10,0.0003365250218692049,3.704832915720482e-05,1,Regular
AU_Election,Against,10,0.00018414869109077448,0.0,0,Regular
AU_Election,Lefties,3,0.0001487313352702212,0.0,0,Regular
AU_Election,Belarus,20,0.000352205630068588,1.47522211705676e-05,4,Regular
AU_Election,Hungary,5,0.00022389534218873283,0.0,4,Regular
AU_Election,Australien,1,0.0001360108109595853,0.0,9,Regular
AU_Election,Place,2,0.0003033876979143874,0.0,1,Regular
AU_Election,Much,2,0.00014098872445966325,0.0,5,Regular
AU_Election,Major,17,0.0007408443369116505,0.0003510932392562085,7,Regular
AU_Election,Something,3,0.00014648344803957355,0.0,3,Regular
AU_Election,Garnaut,23,0.000866464613457943,6.708858788961324e-05,0,Regular
AU_Election,Echoes,5,0.0002970567305912406,0.0,2,Regular
AU_Election,Had,6,0.00016565432691710225,1.4881377563168472e-07,5,Regular
AU_Election,Other,14,0.00025613362380080655,5.144906669028338e-07,0,Regular
AU_Election,@PaulineHansonOz,27,0.0004175900300064938,0.00019980247089174222,0,Regular
AU_Election,#BillShorten,42,0.000577733348602225,5.8342358797110964e-05,0,Regular
AU_Election,Give,13,0.00022001620344214807,5.27895352679778e-07,0,Regular
AU_Election,#SBSEurovision,23,0.0004025887725232301,0.00010832370629778458,4,Regular
AU_Election,Love,18,0.000304992015763289,9.838771504978637e-05,0,Regular
AU_Election,Two,24,0.0003436334066331524,4.893369136599212e-05,0,Regular
AU_Election,@businessinsider,1,0.00017049797870309424,0.0,3,Regular
AU_Election,Heidke,15,0.0004260254919059179,9.961180683408e-06,4,Regular
AU_Election,Miller,15,0.0004260254919059179,9.961180683408e-06,4,Regular
AU_Election,Kate,36,0.0007535947174879848,0.00026791286183722326,4,Regular
AU_Election,Bernie,4,0.00016421963583942574,3.082249244707541e-06,0,Regular
AU_Election,Voter,2,0.00014108011616697938,0.0,0,Regular
AU_Election,#ClivePalmer,6,0.00016987131085184924,0.0,0,Regular
AU_Election,Yup,1,0.0001381902995347072,0.0,0,Regular
AU_Election,#Democracy,15,0.0002845471829694123,5.790922045984761e-06,0,Regular
AU_Election,Three,2,0.0001491831474169651,0.0,0,Regular
AU_Election,Shifty,7,0.00020432895293237714,1.939860791851028e-07,3,Regular
AU_Election,#World,16,0.0002566752681450057,1.7219718353087935e-06,1,Regular
AU_Election,@theprojecttv,5,0.0001589473299699718,0.0,0,Regular
AU_Election,@JustinTrudeau,13,0.0003073749138942722,6.324267570103445e-05,3,Regular
AU_Election,#scomo,13,0.0004100362495479072,9.183506023623667e-06,0,Regular
AU_Election,Skeptics,5,0.00027922460996826785,0.0,1,Regular
AU_Election,@JoanneNova,5,0.0002691721975050639,0.0,1,Regular
AU_Election,Russians,13,0.00018932893141656806,8.468066249963055e-06,1,Regular
AU_Election,Yesterday,6,0.00016384466243213845,0.0,0,Regular
AU_Election,Fuck,16,0.00022338092093801147,5.274973907499972e-07,0,Regular
AU_Election,Greece,30,0.0005963628993401306,0.00012663705511908576,4,Regular
AU_Election,#ElectionResults2019,7,0.00017650856303160623,1.0469735136640514e-07,0,Regular
AU_Election,Sustainable,5,0.00017598200514787373,0.0,0,Regular
AU_Election,Wales,9,0.0002493960341266932,7.4335157152154e-07,0,Regular
AU_Election,#GlobalWarming,4,0.00016802434763146868,0.0,0,Regular
AU_Election,@CliveFPalmer,28,0.0006503011066658611,4.99408943095044e-05,0,Regular
AU_Election,@UnitedAusParty,15,0.0002537889935669575,7.02571617757337e-06,0,Regular
AU_Election,Admits,9,0.0004595290276573157,0.0,1,Regular
AU_Election,@RealMarkLatham,12,0.0002605684434021691,0.00010789286148840498,0,Regular
AU_Election,@kmillerheidke,56,0.0012550605079188675,0.0011424942116915054,4,Regular
AU_Election,Surely,5,0.00015606079796180318,0.0,0,Regular
AU_Election,#FederalElection2019,10,0.0001906461802944851,3.3666698104619475e-06,0,Regular
AU_Election,@arabianights_x,1,0.00014191651446322749,0.0,0,Regular
AU_Election,@guardian,17,0.0003285760264884817,0.00038359866163645815,0,Regular
AU_Election,Queen,25,0.000381566092329562,0.00017949458311086397,2,Regular
AU_Election,@bpolitics,19,0.0003390810275477128,6.810459257161094e-05,1,Regular
AU_Election,Off,12,0.0002111865847031643,3.0230669367089985e-05,0,Regular
AU_Election,Polling,10,0.00020505720988541767,1.3639311942437173e-06,0,Regular
AU_Election,Debate,7,0.0002734799558782913,0.00019102431349309377,9,Regular
AU_Election,Choose,3,0.00015625877560415828,1.6832003109489598e-07,0,Regular
AU_Election,Tonight,20,0.0006101046848599443,6.86368142535184e-05,8,Regular
AU_Election,Clearly,7,0.00017395597127520308,0.0,0,Regular
AU_Election,Put,36,0.0006779942180673573,0.00022926545398573725,0,Regular
AU_Election,Support,3,0.00017633463113434433,0.0,0,Regular
AU_Election,@annabelcrabb,11,0.00018949260271918812,1.1237631456458774e-06,0,Regular
AU_Election,Perth,11,0.00022713638828773895,7.548408856760222e-06,0,Regular
AU_Election,Unwinnable,4,0.0002962476460091968,0.0,1,Regular
AU_Election,Snatch,4,0.0002842579954258951,0.0,1,Regular
AU_Election,Regardless,3,0.00014931671420881178,4.4870293442745056e-08,0,Regular
AU_Election,Billy,6,0.00016771824500391895,0.0,0,Regular
AU_Election,Tough,7,0.00024324616757918297,9.417525895104063e-07,5,Regular
AU_Election,Democratic,2,0.0001507018226161289,0.0,0,Regular
AU_Election,@bbceurovision,20,0.0003661864824339685,9.544164289508054e-05,4,Regular
AU_Election,@australian,52,0.000639947356092606,0.00021532600493921248,0,Regular
AU_Election,@JuliaGillard,3,0.00016054710971728065,0.0,0,Regular
AU_Election,Adelaide,7,0.00019453438110949173,0.0,0,Regular
AU_Election,Generational,3,0.00017538612038575597,1.453840302664126e-06,5,Regular
AU_Election,Joyce,29,0.0004508670746425081,4.1187697720391896e-05,0,Regular
AU_Election,Feeling,9,0.00020626524918699614,1.8202311646270266e-07,0,Regular
AU_Election,@BBCWorld,8,0.00017414945126051408,1.7914014741788268e-07,0,Regular
AU_Election,@RichardDiNatale,6,0.00018131689388645072,5.174242350589926e-07,0,Regular
AU_Election,#aus,16,0.00030774778723844753,6.94833797099032e-05,4,Regular
AU_Election,#ausvotes2019,82,0.0015710353021633056,0.00047249390733879973,0,Regular
AU_Election,Long,6,0.00025924980783703384,6.378360913615797e-05,8,Regular
AU_Election,Third,15,0.0004652646052246305,1.7389106431700247e-05,1,Regular
AU_Election,Actually,4,0.0001525503175925348,7.660781807297937e-08,0,Regular
AU_Election,Vale,13,0.00034646943141634033,0.0,0,Regular
AU_Election,Future,6,0.00017569253110745272,0.0,0,Regular
AU_Election,Jury,12,0.0002551608979826926,2.273392746227291e-05,4,Regular
AU_Election,Latest,37,0.0005348196380220646,0.0001228168184011302,0,Regular
AU_Election,Home,7,0.00016800437137548288,4.619000795576697e-08,0,Regular
AU_Election,Police,17,0.0002588104284126634,2.6315132990925233e-06,5,Regular
AU_Election,@AusElectoralCom,17,0.00025728029051251875,1.5196138187114952e-05,0,Regular
AU_Election,Denmark,37,0.0009222208741623016,0.0001685142141183439,4,Regular
AU_Election,Cyprus,34,0.0007047699012297651,4.405853515535649e-05,4,Regular
AU_Election,#liberal,16,0.00031738636252215565,3.343031048161557e-05,0,Regular
AU_Election,#labor,13,0.0002496359053039097,6.400842914316129e-06,0,Regular
AU_Election,#economy,10,0.00018893906912203896,1.2771099235101534e-05,0,Regular
AU_Election,@Riley7News,19,0.0022163783004164354,2.2941579511982434e-05,8,Regular
AU_Election,#today,25,0.00025313296965333114,2.924153995931896e-05,9,Regular
AU_Election,Advance,8,0.00029615426637126106,1.232179730849188e-05,7,Regular
AU_Election,Malta,30,0.000682565993670605,9.627908167285227e-05,4,Regular
AU_Election,#Shorten,16,0.0003167271178063563,3.4714107451905704e-05,0,Regular
AU_Election,Reading,11,0.00020201262296689015,1.2962868036053307e-05,0,Regular
AU_Election,Ruling,10,0.00023129958357920432,2.0473095850656543e-05,1,Regular
AU_Election,#Norway,7,0.00027695998690898814,4.860948456297381e-07,0,Regular
AU_Election,Blow,4,0.00016620707576252882,0.0,1,Regular
AU_Election,@voxdotcom,1,0.0001414595192639776,0.0,5,Regular
AU_Election,@TurnbullMalcolm,11,0.00022023629218849845,4.710918143804083e-07,0,Regular
AU_Election,Decides,17,0.0005377084503737587,1.6081446509245424e-05,1,Regular
AU_Election,Into,10,0.00029231117349941765,2.632266441902739e-05,2,Regular
AU_Election,@JulieBishopMP,9,0.00019725038121678142,5.522369473855027e-06,0,Regular
AU_Election,@CUhlmann,4,0.00021794744106754045,1.0021574620614611e-06,0,Regular
AU_Election,Tomorrow,33,0.0004698775780788665,0.00010563797136489152,8,Regular
AU_Election,Damien,28,0.0005884848404850836,3.619032667058326e-05,1,Regular
AU_Election,Cave,28,0.0005884848404850836,3.619032667058326e-05,1,Regular
AU_Election,Parties,25,0.0005084774105706568,0.00031288786565675534,2,Regular
AU_Election,@Eurovision,49,0.0008444858686599925,0.0007493197614871313,4,Regular
AU_Election,#EUROVISION,12,0.0003106834997059025,3.456017670934405e-05,4,Regular
AU_Election,Second,9,0.00017892350894945153,1.055137962232814e-06,1,Regular
AU_Election,#Europe,9,0.00020963152268306632,9.565880393873815e-06,4,Regular
AU_Election,English,6,0.00018061975130528797,6.607864384897404e-07,4,Regular
AU_Election,@LNPQLD,6,0.00016808575354796624,4.067933651127995e-06,0,Regular
AU_Election,#primeminister,17,0.0005521109233246617,0.00020660618910462155,2,Regular
AU_Election,Doesn,3,0.00014786858818319003,0.0,0,Regular
AU_Election,#SmartNews,1,0.00014763809858101218,0.0,1,Regular
AU_Election,Isn,10,0.00020039640093350003,1.5075260875721921e-05,1,Regular
AU_Election,Fair,16,0.00029903428770094857,2.780237266859148e-05,0,Regular
AU_Election,@PeterDutton_MP,24,0.00034049627632629743,2.781909089457001e-05,0,Regular
AU_Election,Barnaby,25,0.00046265963782017876,0.000565043756035319,0,Regular
AU_Election,@null,8,0.00022750197391261756,0.00015202662278001642,2,Regular
AU_Election,Club,16,0.00031889646990529874,3.544429556206196e-05,5,Regular
AU_Election,Saturdays,1,0.00013717144533350193,0.0,5,Regular
AU_Election,@CNNI,7,0.0002047791920862221,0.0,2,Regular
AU_Election,Chloe,6,0.00018625742636279148,0.0,3,Regular
AU_Election,@environmentguru,5,0.00017859845603038598,9.048682765223702e-08,5,Regular
AU_Election,Virgin,4,0.0002053054974093688,2.01526749961723e-05,0,Regular
AU_Election,Early,24,0.0003715628233978022,0.00010579166917726883,0,Regular
AU_Election,@BBCNews,7,0.0001797500146293458,4.6128537508155424e-06,0,Regular
AU_Election,Social,9,0.0002830459819825211,1.768214626198289e-05,5,Regular
AU_Election,@InsidersABC,8,0.00021213573014432018,2.287531811003835e-05,0,Regular
AU_Election,#Election19,23,0.0004901298758273169,2.882828593439347e-05,0,Regular
AU_Election,Fucking,3,0.00015798069943940698,2.404409608905171e-06,0,Regular
AU_Election,Unions,4,0.00015529031711406598,0.0,3,Regular
AU_Election,Having,2,0.00014321465194975825,3.830390903648969e-08,5,Regular
AU_Election,Canadian,6,0.00018246643585941662,3.059315382263329e-06,3,Regular
AU_Election,Concern,6,0.0005808380857835831,6.571220428535189e-06,9,Regular
AU_Election,Compulsory,5,0.0001759859541181975,8.54237633868952e-06,0,Regular
AU_Election,Alex,8,0.00019023620942050035,1.2975890739542198e-05,0,Regular
AU_Election,#insiders,9,0.00020963273152875507,2.4217669848031574e-06,0,Regular
AU_Election,Czech,31,0.0007720528671168866,4.221534713510151e-05,4,Regular
AU_Election,Pirate,9,0.00022744760575705897,3.454569015486837e-05,0,Regular
AU_Election,Less,17,0.00041107807001667285,1.5637722668766584e-05,2,Regular
AU_Election,#minister,9,0.0004911815953423826,5.716986813825968e-06,2,Regular
AU_Election,#austvotes2022,9,0.0005664824314049932,2.3158400581970645e-06,2,Regular
AU_Election,#scottmorrisonMP,8,0.00047895439487631505,0.0,2,Regular
AU_Election,#prime,8,0.00047895439487631505,0.0,2,Regular
AU_Election,#govdebt,9,0.0005664824314049932,2.3158400581970645e-06,2,Regular
AU_Election,#auspol2022,9,0.0005664824314049932,2.3158400581970645e-06,2,Regular
AU_Election,Compass,15,0.000360654845458618,1.3766370863698882e-06,5,Regular
AU_Election,Come,21,0.00032559178326157275,8.590428339474843e-05,0,Regular
AU_Election,Think,15,0.0002264044875532162,3.1984324247976505e-06,0,Regular
AU_Election,Round,1,0.00014892923241454853,0.0,0,Regular
AU_Election,Never,9,0.00018979949380967375,0.0,0,Regular
AU_Election,Going,5,0.00015873487390348633,0.0,0,Regular
AU_Election,Wing,3,0.00016511878520081142,0.0,5,Regular
AU_Election,@Channel7,16,0.0007718892211164457,1.6537860566674017e-05,8,Regular
AU_Election,Act,8,0.00022997899677196964,7.003780555840399e-06,0,Regular
AU_Election,Voted,3,0.00014803616805331312,0.0,0,Regular
AU_Election,Open,8,0.0002357682281801465,5.359995672421956e-07,5,Regular
AU_Election,#ChangeTheRules,5,0.0001650165262829232,4.425842580488944e-08,0,Regular
AU_Election,Death,19,0.0003041946019599647,9.128307674451585e-05,0,Regular
AU_Election,#auspoll,24,0.0003453390991461807,3.3196095185804285e-05,0,Regular
AU_Election,Song,12,0.00029005971581760805,2.0265354099006647e-05,4,Regular
AU_Election,#EurovisionSongContest,17,0.00035591729558743547,4.0450575969881626e-05,4,Regular
AU_Election,Albania,28,0.0005344606433338977,1.4065776878074944e-05,4,Regular
AU_Election,Estonia,26,0.0006035451944212903,5.726238537845364e-06,4,Regular
AU_Election,Policies,8,0.0002839167329045702,2.901709344338354e-06,2,Regular
AU_Election,#Netherlands,7,0.0002634470505759143,7.852301352480385e-07,0,Regular
AU_Election,#Eurovison,4,0.0001570586075678109,0.0,4,Regular
AU_Election,#ESC2019,10,0.00025096311421443954,1.3186281960339324e-07,4,Regular
AU_Election,Fingers,4,0.0003165947578127691,2.597637232648654e-05,0,Regular
AU_Election,Dies,24,0.0017287354987222052,1.0375248932132192e-05,5,Regular
AU_Election,Longs,23,0.001680232672821462,5.960519549148578e-06,5,Regular
AU_Election,Beloved,23,0.001680232672821462,5.960519549148578e-06,5,Regular
AU_Election,Bolder,23,0.001680232672821462,5.960519549148578e-06,5,Regular
AU_Election,Eve,27,0.001737396516727908,8.893758603937823e-05,5,Regular
AU_Election,@SBSEurovision,5,0.00018398309320600246,4.897016135362992e-07,4,Regular
AU_Election,#DareToDream,34,0.000609848168621787,0.0002483000612101569,4,Regular
AU_Election,#Switzerland,7,0.00025712456217331155,4.217848919075543e-06,0,Regular
AU_Election,App,7,0.0002563679227655482,0.0,5,Regular
AU_Election,Path,9,0.000794450618529465,0.0,1,Regular
AU_Election,Pick,9,0.0007906908845766217,0.0,1,Regular
AU_Election,#25,20,0.0005036931313900257,4.893417027572763e-05,4,Regular
AU_Election,Women,3,0.00015224337769217272,0.0,0,Regular
AU_Election,Gough,8,0.00020974575052168934,0.0,0,Regular
AU_Election,#eurovision2019,7,0.00020069718466347527,2.8479568941588227e-06,4,Regular
AU_Election,Statement,10,0.0002190944611290403,1.5759396794371254e-06,0,Regular
AU_Election,#ZeroGravity,13,0.0003115997339457455,2.1921308091152337e-06,4,Regular
AU_Election,Music,10,0.0005397879464912395,0.0,7,Regular
AU_Election,#zerogravity,12,0.0002712902535134473,3.362271177429151e-05,4,Regular
AU_Election,Seat,16,0.0003097166825594441,1.2594783163170555e-05,7,Regular
AU_Election,#Ausvotes19,4,0.00017567160922455299,0.0,0,Regular
AU_Election,@AJENews,6,0.00023702349295825928,6.804161184251343e-05,9,Regular
AU_Election,Contest,13,0.00036972297305546255,3.422905614191985e-05,4,Regular
AU_Election,@WhiteHouse,5,0.00020810034469996965,2.9995162173917126e-06,3,Regular
AU_Election,Exec,10,0.0005366438677988226,0.0,7,Regular
AU_Election,Label,10,0.0005366438677988226,0.0,7,Regular
AU_Election,#Direct,10,0.0005366438677988226,0.0,7,Regular
AU_Election,Warner,10,0.0005366438677988226,0.0,7,Regular
AU_Election,#Coast2Coast,13,0.0006627311365012102,2.3500876213932833e-05,7,Regular
AU_Election,Grand,15,0.00042657520943983885,5.790411261725687e-05,4,Regular
AU_Election,@AmyRemeikis,12,0.00022042114791958218,1.4109793471288831e-05,0,Regular
AU_Election,@SenKamalaHarris,2,0.00014204867883214762,0.0,0,Regular
AU_Election,Dog,8,0.00027054946026845315,3.0831612320951474e-05,0,Regular
AU_Election,Nice,3,0.00014793836285826543,0.0,0,Regular
AU_Election,#ElectionDay,43,0.0007642414969077917,0.00023197080071231236,0,Regular
AU_Election,#AustraliaVotes,16,0.00025314808038082024,6.7008753821453825e-06,0,Regular
AU_Election,Bound,11,0.0003342253959114124,9.238001591153394e-08,1,Regular
AU_Election,Appears,11,0.0003342253959114124,9.238001591153394e-08,1,Regular
AU_Election,Says,13,0.00022424423097943078,3.6221639972623565e-05,0,Regular
AU_Election,Seven,21,0.0002867551222980701,4.001360260738544e-05,5,Regular
AU_Election,Gays,8,0.0002963887480699329,2.158983896144993e-05,2,Regular
AU_Election,#DemocracySausage,29,0.00039289893521548213,4.5119110002440045e-05,0,Regular
AU_Election,Special,9,0.00022241234262381708,1.5728722092893176e-05,1,Regular
AU_Election,@KKeneally,12,0.00020135883762342782,3.2204770146608023e-06,0,Regular
AU_Election,Team,10,0.00019922770179427304,5.198512413623802e-07,0,Regular
AU_Election,#10YourVote,12,0.00027452641503615126,6.293025987572212e-06,0,Regular
AU_Election,#Warringah,14,0.0002832654273280752,9.468006952029242e-06,0,Regular
AU_Election,@abc730,5,0.00019639166205173082,2.25490734875501e-06,0,Regular
AU_Election,Counting,5,0.00016204686953604907,0.0,5,Regular
AU_Election,Dickson,19,0.0003611569983871956,3.457481095152497e-05,0,Regular
AU_Election,Sausage,16,0.0003529785582429384,4.069532807011447e-06,0,Regular
AU_Election,#AustraliaVotes2019,13,0.00022968695484235871,9.084834758339261e-06,0,Regular
AU_Election,#BobHawkeRIP,7,0.00018268300538071982,9.66665886195502e-08,0,Regular
AU_Election,Whitlam,25,0.0003580807358167979,6.170415043532238e-05,0,Regular
AU_Election,Angus,5,0.0004078057391330077,0.001771479185119575,0,Regular
AU_Election,Taylor,1,0.0002958797448654217,0.0,0,Regular
AU_Election,#UAP,11,0.00024296636594743143,8.917146787274377e-06,0,Regular
AU_Election,#Green,18,0.00038115160140554574,2.8636025243828232e-05,0,Regular
AU_Election,@AlanJones,18,0.0005284225281739374,0.00015917605512982916,0,Regular
AU_Election,Ballots,1,0.00013860180062231432,0.0,5,Regular
AU_Election,#VoteLabor,17,0.00026492243790545334,2.3207765433610005e-05,0,Regular
AU_Election,Decision,21,0.0022456596641308463,2.7390355942253398e-05,8,Regular
AU_Election,@michaelusher,15,0.0021824821396884578,6.675016208153729e-06,8,Regular
AU_Election,#DoItForBob,19,0.00026613297644000283,6.3602250329129015e-06,0,Regular
AU_Election,Park,5,0.00017685206590117237,4.6047618024851827e-07,5,Regular
AU_Election,Want,1,0.00014353394255365182,0.0,0,Regular
AU_Election,#Vote1Labor,17,0.00025933180707338015,2.212157289192259e-06,0,Regular
AU_Election,Politicians,14,0.0003070604750100862,4.4962347766215586e-05,5,Regular
AU_Election,Hawkes,12,0.0002738446817770957,1.091253817544562e-06,0,Regular
AU_Election,Essential,9,0.00018391454750802847,5.3160283058135936e-08,3,Regular
AU_Election,Rwandan,16,0.0003949707072087766,0.00014537173440402575,0,Regular
AU_Election,Hawkie,12,0.0002036935782593996,1.6414093168582993e-07,0,Regular
AU_Election,@TheIPA,10,0.0003645081693427676,2.0212405333236548e-07,0,Regular
AU_Election,#VoteForChange,8,0.0001908494792445462,2.326955439291174e-06,0,Regular
AU_Election,#federalelection,10,0.0003572007883383403,0.0,0,Regular
AU_Election,Independents,4,0.00016543245227973645,4.846710693392829e-06,2,Regular
AU_Election,Figures,7,0.00029605903906843966,0.0,5,Regular
AU_Election,Lewis,2,0.0001737758851695113,0.0,0,Regular
AU_Election,#Hawke,10,0.00020527368978630765,1.5526843667577678e-06,0,Regular
AU_Election,Growth,6,0.0002013175080278242,1.3306833142616367e-06,1,Regular
AU_Election,Ahead,6,0.0002602146006255733,4.904581308265187e-05,9,Regular
AU_Election,@LeighHatcher,10,0.0003921768757369767,0.0,0,Regular
AU_Election,Nickel,3,0.00023457893020915362,0.0,0,Regular
AU_Election,Factbox,14,0.0004406815507494352,3.994193804059161e-05,2,Regular
AU_Election,Accused,3,0.00021337147421736434,0.0,0,Regular
AU_Election,Mosman,6,0.00021106658894016632,1.0102137468541806e-06,7,Regular
AU_Election,Samoa,2,0.00029600932388899274,0.0,0,Regular
AU_Election,Popular,18,0.0005052677231046142,1.3294643250405085e-05,2,Regular
