tweet,entities,Network
"President @realDonaldTrump: “We will have a tremendous stimulus package immediately after the election‼️”

#MAGA
#Trump

https://t.co/g3XZLiBPjj","['President', '@realDonaldTrump', 'We', '#MAGA', '#Trump']",US_Election
"This is why @realDonaldTrump &amp; this whole horrid administration need to be voted out in a landslide of epic proportion! @WhiteHouse @GOP @MarkMeadows They have totally given up on handling the virus, exactly what #JoeBiden said! #TrumpVirus #TrumpKnew #VoteThemAllOut https://t.co/8HvRBJG00q","['This', '@realDonaldTrump', '@WhiteHouse', '@GOP', '@MarkMeadows', 'They', '#JoeBiden', '#TrumpVirus', '#TrumpKnew', '#VoteThemAllOut']",US_Election
"#VoteThemOut   #TuesdayThoughts 

#FlipTheSenateBlue 
Give #JoeBiden a Senate that works FOR THE PEOPLE

226,000 Victims DEAD from #Covid19 and #INCOMPETENCE .   #TrumpHasNoPlan  #HerdImmunityIsMassMurder 

#JoeBidenWillListenToScience  #BidenHarris2020 

EVERY. VOTE. COUNTS. https://t.co/JB93r4sYW2","['#VoteThemOut', '#TuesdayThoughts', '#FlipTheSenateBlue', 'Give', '#JoeBiden', 'Senate', 'Victims', '#Covid19', '#INCOMPETENCE', '#TrumpHasNoPlan', '#HerdImmunityIsMassMurder', '#JoeBidenWillListenToScience', '#BidenHarris2020']",US_Election
"#BREAKING 
#US President #Trump says Democrats are ""trying to steal the election"".

▪️Trump adds ""A big win"" and says that he will deliver a statement tonight.

#Elections2020 https://t.co/XtU6Wsm0MZ","['#BREAKING', '#US', 'President', '#Trump', 'Democrats', 'Trump', '#Elections2020']",US_Election
#TrumpPence2020 #MAGA #RadicalLeft #biden #WheresHunter #Hunterbidenlaptop https://t.co/q8n16dBODF,"['#TrumpPence2020', '#MAGA', '#RadicalLeft', '#biden', '#WheresHunter', '#Hunterbidenlaptop']",US_Election
#Biden #Truth https://t.co/1AQIgUOCoH,"['#Biden', '#Truth']",US_Election
"I don't know if @SpeakerRyan has already endorsed @realDonaldTrump .
If not, and even if he doesn't make a statement against #Trump, it's better for him and for the @GOP's future, not making any kind of endorsement to Trump. 
#PaulRyan #RepublicanParty #USA #Elections2020","['@SpeakerRyan', '@realDonaldTrump', 'If', '#Trump', '@GOP', 'Trump', '#PaulRyan', '#RepublicanParty', '#USA', '#Elections2020']",US_Election
"Don't assume they vote for #Biden en masse. They are driven by different, often conflicting, issues. 

For e.g., more than a few of them are fiercely opposed to affirmative action. https://t.co/EUDHxMJFxb","['Don', '#Biden', 'They', 'For']",US_Election
"@realDonaldTrump You lose #loser
#trump
Pack your bags now!😊😊😂 https://t.co/cIuEwKUvAV","['@realDonaldTrump', 'You', '#loser', '#trump', 'Pack']",US_Election
"""La maggioranza dei finanziamenti alla campagna di #Biden sono arrivati da piccoli donatori che hanno donato 5, 10, 100 $ ogni volta che un esponente repubblicano ha detto qualcosa di razzista, sessista o violento. Ma non sono mancate le grandi donazioni"" spiega @DanteAtkins","['La', '#Biden', 'Ma', '@DanteAtkins']",US_Election
@NBCNews Over 4 million ahead! #DonaldTrump must be devastated.,"['@NBCNews', 'Over', '#DonaldTrump']",US_Election
"Given his diet, I would agree that #trump probably knows more about #wind

#TrumpIsPathetic","['Given', '#trump', '#wind', '#TrumpIsPathetic']",US_Election
"#microsoft ICE and ""JEDI"" won't age well. If #trump is re-elected, #billgates and his cult should be held accountable for genocide and worse... #eugenics #racism #imperialism","['#microsoft', 'If', '#trump', '#billgates', '#eugenics', '#racism', '#imperialism']",US_Election
"A una semana de las elecciones en Estados Unidos, la preocupación de México sigue siendo la misma; ¿con quién nos irá mejor, con #DonaldTrump o con #JoeBiden?  

@ElOpinadorTV   
#AbreLosOjos #ImagenNoticias con @franciscozea @ImagenZea https://t.co/1ZlbGs7o1F","['Estados', 'Unidos', '#DonaldTrump', '#JoeBiden', '@ElOpinadorTV', '#AbreLosOjos', '#ImagenNoticias', '@franciscozea', '@ImagenZea']",US_Election
"@Cnn #Biden avanti di 5800 voti in #Pensylvania e 1096 in #Georgia, più vicino alla Presidenza. #6Novembre #ElectionResults2020 #elezioniUsa2020","['@Cnn', '#Biden', '#Pensylvania', '#Georgia', 'Presidenza', '#6Novembre', '#ElectionResults2020', '#elezioniUsa2020']",US_Election
"I hear you are doing drugs-people are talking @realDonaldTrump 
#DonTheCon #BlameTrump #GOPCorruptionOverCountry #MAGA @senatemajldr #TrumpIsPathetic @GOPLeader @GOPChairwoman @GOP @HouseGOP @SenateGOP #Trump @VP @FLOTUS @DonaldJTrumpJr @EricTrump @IvankaTrump https://t.co/RgtDEJ02Jm","['@realDonaldTrump', '#DonTheCon', '#BlameTrump', '#GOPCorruptionOverCountry', '#MAGA', '@senatemajldr', '#TrumpIsPathetic', '@GOPLeader', '@GOPChairwoman', '@GOP', '@HouseGOP', '@SenateGOP', '#Trump', '@VP', '@FLOTUS', '@DonaldJTrumpJr', '@EricTrump', '@IvankaTrump']",US_Election
"Sollte #Trump die Wahl verlieren, wird übrigens #YOUREFIRED trenden. https://t.co/bnxY5GMyLV","['Sollte', '#Trump', 'Wahl', '#YOUREFIRED']",US_Election
"Who will win?
#USA #ElectionDay
#Election2020 #Trump #Biden","['Who', '#USA', '#ElectionDay', '#Election2020', '#Trump', '#Biden']",US_Election
"To Understand the Bias &amp; rigged Meda, you must understand the #Family we are dealing with, This is what #Trump is up against but #America has his back! #Vote in person #election https://t.co/N79bjpWHug","['To', 'Understand', 'Bias', 'Meda', '#Family', 'This', '#Trump', '#America', '#Vote', '#election']",US_Election
Crazy Eddie's Motie News: #JoeBiden is the apparent #PresidentElect as #Pennsylvania and #Nevada called for him #Election2020 #Election2020results #BidenHarris2020   https://t.co/5AmRFeMb3b,"['Crazy', 'Eddie', 'Motie', 'News', '#JoeBiden', '#PresidentElect', '#Pennsylvania', '#Nevada', '#Election2020', '#Election2020results', '#BidenHarris2020']",US_Election
"🎉🎈#Bostonherald Endorses  @realDonaldTrump 🎈🎉

#Trump #4MoreForMoreJobs #economy #LawAndOrder #BuildTheWall #Trump2020 🚂🇺🇸 https://t.co/kU1CiC6ivr","['#Bostonherald', 'Endorses', '@realDonaldTrump', '#Trump', '#4MoreForMoreJobs', '#economy', '#LawAndOrder', '#BuildTheWall', '#Trump2020']",US_Election
"Wow, #Trump's toys are scattered all over the ground, but he will fight baby tooth and nail to hold on to that pram!! #Trumpspeech #DonaldJTrump #POTUS #ElectionDay #ElectionDay2020 #ElectionResults #USAelection2020 #USAElections2020","['Wow', '#Trump', '#Trumpspeech', '#DonaldJTrump', '#POTUS', '#ElectionDay', '#ElectionDay2020', '#ElectionResults', '#USAelection2020', '#USAElections2020']",US_Election
"With such an unprecedented #election2020, leading into days of careful counting in multiple states, I wanna know: 

How’d you find out that #JoeBiden will be the next U.S. #president?

I’ll go first: I was like “Who is setting off fireworks in East Atlanta right n—OHHHHHHHH”","['With', '#election2020', 'How', '#JoeBiden', '#president', 'Who', 'East', 'Atlanta']",US_Election
"#Trump just got back what he did to all those people that got arrested underneath him,!! How does it feel fatty 😂😂😂😂🙏🏾 https://t.co/GCX33iJb27","['#Trump', 'How']",US_Election
Yessss!!!!! 💙💙💙 #UnitedStatesofAmerica #empathy #hope #Biden https://t.co/D2cEHtWRfa,"['Yessss', '#UnitedStatesofAmerica', '#empathy', '#hope', '#Biden']",US_Election
"@AngeldebritoOk ¿Quién es el próximo, #Trump? Mirá, no soy yo q estoy apuntando... 😂🤣😂🤣😂🤣🤣 #ForaBolsonaro https://t.co/jJBBVbtQFA","['@AngeldebritoOk', '#Trump', '#ForaBolsonaro']",US_Election
#Biden I have Low IQ! 😔 https://t.co/tfQiQhc2dH,"['#Biden', 'Low']",US_Election
I can't wait to watch SNL tonight #SNL #JoeBiden,"['#SNL', '#JoeBiden']",US_Election
"@DarlaTheDarling @AP #Trump only cares about Trump, always has, always will. He even views the #coronavirus as an irritant, not because of the 200k+ deaths but as an impediment to his reelection. He is the most loathsome person ever elected as President of the United States. https://t.co/HntHIVfulf","['@DarlaTheDarling', '@AP', '#Trump', 'Trump', 'He', '#coronavirus', 'He', 'President', 'United', 'States']",US_Election
"@taeconpancito_ legal 

#Elections2020  #Elecciones2020  #Biden #EleccionesEEUU #FuerzaDiego #AMAs #MSNBC2020  #ElectionNight  #ChampionsLeague #ElectionDay  #Election2020  #Vote2020  #TrumpCollapse #DonaldTrump

https://t.co/lS4l948Xum","['@taeconpancito_', '#Elections2020', '#Elecciones2020', '#Biden', '#EleccionesEEUU', '#FuerzaDiego', '#AMAs', '#MSNBC2020', '#ElectionNight', '#ChampionsLeague', '#ElectionDay', '#Election2020', '#Vote2020', '#TrumpCollapse', '#DonaldTrump']",US_Election
@realDailyWire #Biden won the debate without a doubt. Trump only needs to open his mouth to hear a lie.,"['@realDailyWire', '#Biden', 'Trump']",US_Election
"500 children separated at the border are still away from their parents,  it's criminal!  #JoeWillLeadUs #JoeBiden #BidenHarris2020","['#JoeWillLeadUs', '#JoeBiden', '#BidenHarris2020']",US_Election
"""Das Ausmaß des Versagens ist erstaunlich."" 

#Corona #Trump #VoteHimOut

https://t.co/kdHZHzS5By","['Das', 'Versagens', '#Corona', '#Trump', '#VoteHimOut']",US_Election
#JoeBiden https://t.co/aN4JE3OeBL,['#JoeBiden'],US_Election
People on Twitter don't understand sarcasm. #Biden's comment directed at #teachers was #sarcasm folks. #Debates2020,"['People', 'Twitter', '#Biden', '#teachers', '#sarcasm', '#Debates2020']",US_Election
No surprise: Trump's too busy moaning about COVID19 stealing the limelight while he wants to be in the spotlight ... #Trump #COVID19 https://t.co/1AwWzgvdPM,"['No', 'Trump', '#Trump', '#COVID19']",US_Election
"#Biden has won. Now let’s refocus on Covid, anti-Blackness, racial inequality, sexism, homophobia, transphobia, xenophobia, widening wealth gap, defunding police, increasing funding for social programs, fighting climate change, ending imperialism, and so much more. #FirstStep","['#Biden', 'Now', 'Covid', 'Blackness', '#FirstStep']",US_Election
@geboers_greta @krannoot @patrickvdbp @Karinvr066 @luckywhey @sen2gert @Emprise2 @VerhelstBr @volkinnood @erotiekplezier @boecksken @motheroverste @FransVerstrepe2 @jokevandevelde1 @TamaraOstach @Anarchazazel @ErnaDKeulenaere @Didder_87 @piep_kuiken @Joke1959 @Belgianmotor @pvermeul_peter 😁😁 De kans is groot dat het #Biden wordt....Evaluatie in maart ???,"['@geboers_greta', '@krannoot', '@patrickvdbp', '@Karinvr066', '@luckywhey', '@sen2gert', '@Emprise2', '@VerhelstBr', '@volkinnood', '@erotiekplezier', '@boecksken', '@motheroverste', '@FransVerstrepe2', '@jokevandevelde1', '@TamaraOstach', '@Anarchazazel', '@ErnaDKeulenaere', '@Didder_87', '@piep_kuiken', '@Joke1959', '@Belgianmotor', '@pvermeul_peter', 'De', '#Biden', 'Evaluatie']",US_Election
"Les Etats-Unis qui se veulent la première puissance mondiale ont le système de vote le plus archaïque du monde. Tous les 4 ans, c'est le même sketch... #Elections2020 #ElectionNight #Biden #Trump","['Les', 'Etats', 'Unis', 'Tous', '#Elections2020', '#ElectionNight', '#Biden', '#Trump']",US_Election
"#Trump quedó picadísima 🌶
 #Gaga 😙 arruinado la candidatura al hdp https://t.co/6V6SLdu3cL","['#Trump', '#Gaga']",US_Election
"@EricTrump Don't be an idiot and follow a #Trump link to anywhere. Why would you trust a convicted fraudster?

Go here instead. Red, Blue, Left, Right, doesn't matter. It's for all. 
https://t.co/s0D6FBE5JF https://t.co/sGXGNbVRG4","['@EricTrump', 'Don', '#Trump', 'Why', 'Go', 'Red', 'Blue', 'Left', 'Right', 'It']",US_Election
"@stillgray The masterful part of Biden's debate was he got #Trump to admit he doesn't care that 545 children were stolen from their parents.
Evil.","['@stillgray', 'The', 'Biden', '#Trump', 'Evil']",US_Election
Honest Government Ad | TRUMP 2020 https://t.co/M9s2aW3lZR #USA #Government #Corruption #Trump2020 #Trump,"['Honest', 'Government', 'Ad', '#USA', '#Government', '#Corruption', '#Trump2020', '#Trump']",US_Election
"@realDonaldTrump Math does not seem to be your strong point. Official numbers: 226,171 deaths out of 8,735,312 infected. I.e. 2.6 % fatality. Not 0.1 %. #trump #lies","['@realDonaldTrump', 'Math', 'Official', 'Not', '#trump', '#lies']",US_Election
@NJfalcon @TranslateRealDT #Trump didn't create the virus.  He just ignored it.,"['@NJfalcon', '@TranslateRealDT', '#Trump', 'He']",US_Election
Sa va être finalement le #VAR qui va décider entre #trump et #biden . Allô,"['Sa', '#VAR', '#trump', '#biden']",US_Election
"Are you bored 😒at home because of the #coronavirus #CrookedJoeBiden #COVID19 #hunterbidenlaptop #JoeBiden ?
Check out my latest YouTube video 
https://t.co/Vt7udyVTCd","['Are', '#coronavirus', '#CrookedJoeBiden', '#COVID19', '#hunterbidenlaptop', '#JoeBiden', 'Check']",US_Election
BIDEN #BIDEN #USAelection2020 #EtatsUnis,"['#BIDEN', '#USAelection2020', '#EtatsUnis']",US_Election
Mi commuovo❤ #BidenHarris #Biden #Usa2020 #ByeByeTrump #esalvinimuto https://t.co/U7Ts5iK2eI,"['Mi', '#BidenHarris', '#Biden', '#Usa2020', '#ByeByeTrump', '#esalvinimuto']",US_Election
That's right about the time the FBI started sitting on the laptop from hell? Plandemic seems convenient. #JoeBiden hates America. @CNN @MSNBC International crime wave been uncovered. Hello? https://t.co/s0dxbb7uBW,"['That', 'Plandemic', '#JoeBiden', 'America', '@CNN', '@MSNBC', 'International', 'Hello']",US_Election
"WAKE UP #MAGATS

Can you see the obvious parallels between how #Putin operates and how #trump is attempting to “rule” as authoritarian #dictator. His systematically consolidating his power before the coup.
#TrumpDictatorship
#TrumpCoupPlot
#VoteBlueToSaveAmerica 
#BidenHarris https://t.co/y2yx6bMlHH","['#MAGATS', 'Can', '#Putin', '#trump', '#dictator', 'His', '#TrumpDictatorship', '#TrumpCoupPlot', '#VoteBlueToSaveAmerica', '#BidenHarris']",US_Election
"#USAElections2020 is tight slap for- #Antifa and Communism. 

#Trump","['#USAElections2020', '#Antifa', 'Communism', '#Trump']",US_Election
@realDonaldTrump trump PAYS NO TAXES....#JoeBiden has released 22 years of his #TaxReturns. trump released zero (0) tax returns..... #honest JoeBiden &amp; ALL America is asking what is donald trump hiding? https://t.co/Y9Y42Ot1LK,"['@realDonaldTrump', '#JoeBiden', '#TaxReturns', '#honest', 'America']",US_Election
"For all those who continue to lie about #Trump's ' hoax"" comment https://t.co/JVnby3QMAj","['For', '#Trump']",US_Election
"‘Namaste Trump’ Out. ‘Aav Joe’ In. 

The weekend America will remember for a long long time to come. 

@JoeBiden Congratulations Mr President. 

#JoeBiden https://t.co/HsLk1R8Tm6","['Namaste', 'Trump', 'Out', 'Aav', 'Joe', 'In', 'The', 'America', '@JoeBiden', 'Congratulations', 'Mr', 'President', '#JoeBiden']",US_Election
"Può rivincere Trump,la spiegazione è anche banale,contro gli hanno messo #Biden che è un mix tra Zingaretti e Palmiro Cangini,personalità zero, è più interessante guardare la vernice che asciuga piuttosto di suoi comizi 👀
#Elections2020","['Trump', '#Biden', 'Zingaretti', 'Palmiro', 'Cangini', '#Elections2020']",US_Election
"#Biden: *lays out action steps for combatting Covid*

#Trump: Draws a vulgar picture on his notepad.

#Debates2020","['#Biden', 'Covid', '#Trump', 'Draws', '#Debates2020']",US_Election
#TrumpNowMoreThanEver2020 #JoeBidenToCreepyToBePresident #TrumpNow #Trump2020Landslide @realDonaldTrump @POTUS #Trump https://t.co/mHaggxQoLz,"['#TrumpNowMoreThanEver2020', '#JoeBidenToCreepyToBePresident', '#TrumpNow', '#Trump2020Landslide', '@realDonaldTrump', '@POTUS', '#Trump']",US_Election
"#DonaldTrump is not having it, insist he won the election. https://t.co/i21pSNiy0o",['#DonaldTrump'],US_Election
"😂😂😂😂😂😂
#trump #TrumpMeltdown #TrumpChinaBankAccount #Trump2020 (#ithinktfnot 🥴) https://t.co/TLSYxCHC7R","['#trump', '#TrumpMeltdown', '#TrumpChinaBankAccount', '#Trump2020', '#ithinktfnot']",US_Election
"😂Who Else Goes Through This 
•
•
• @tiktok_us  #funny #comedy #laughs #Like #retweet #publicfigure #BidenForPresident #biden #tiktoklviral #tiktoker #tiktoktrends #tiktokapp #tiktokpartner #tiktokchallenge https://t.co/2V0zUBCtCW","['Who', 'Else', 'Goes', 'Through', 'This', '@tiktok_us', '#funny', '#comedy', '#laughs', '#Like', '#retweet', '#publicfigure', '#BidenForPresident', '#biden', '#tiktoklviral', '#tiktoker', '#tiktoktrends', '#tiktokapp', '#tiktokpartner', '#tiktokchallenge']",US_Election
"@brikeilarcnn Neither @realDonaldTrump or @DonaldJTrumpJr thought anything that had to do with #COVID19 #coronavirus was ""almost nothing"" when the @POTUS  was airlifted to 
@WalterReedGME at taxpayers expense when they were scared #Trump would die. He's an insult to #USA and those who died.","['@brikeilarcnn', 'Neither', '@realDonaldTrump', '@DonaldJTrumpJr', '#COVID19', '#coronavirus', '@POTUS', '@WalterReedGME', '#Trump', 'He', '#USA']",US_Election
"Kamala introduces #Biden and he JOGS to the podium. Because of course he does. He’s JOE. 

And his entrance music is We Take Care of Our Own by the Boss. Because of course it is.","['Kamala', '#Biden', 'Because', 'He', 'And', 'We', 'Take', 'Care', 'Our', 'Own', 'Boss', 'Because']",US_Election
"@chrismiz7 Par ailleurs, on peut s’attendre aussi à ce que #Trump se lâche contre les médias 😉","['@chrismiz7', 'Par', '#Trump']",US_Election
@FoxNews #trump is now paying drug addicts off the street to support him. Takes one to know one I guess #trumpisondrugs #TrumpIsANationalDisgrace #Elections2020 #vote #VoteBlue #VoteEarly,"['@FoxNews', '#trump', 'Takes', '#trumpisondrugs', '#TrumpIsANationalDisgrace', '#Elections2020', '#vote', '#VoteBlue', '#VoteEarly']",US_Election
"Nope, #Biden is not legally the 46th President of ANYTHING! 90% of the vote is fraud over every state in America.  STOP THE STEAL https://t.co/2s95Qr3jjy","['Nope', '#Biden', 'President', 'America']",US_Election
"@TammieNYC @yokoboji lol, that accurate gif deserves a follow, so followed Tammie. 👍🙂 #Biden #TrumpIsPathetic","['@TammieNYC', '@yokoboji', 'Tammie', '#Biden', '#TrumpIsPathetic']",US_Election
"@ceciliaflesch Parabéns. Eu consegui gravar, ""amador"", você ao vivo dando a notícia da eleição de #JoeBiden https://t.co/vhikqdHb7x","['@ceciliaflesch', 'Eu', '#JoeBiden']",US_Election
"""Quando tutte le miccette di #Trump saranno state sparate, #Biden e #OcasioCortez avranno vinto anche dicendo cose impopolari. O forse proprio per quello. Nel caso, qualcuno da ‘ste parti prenda nota."" @bravimabasta  
https://t.co/5iw1sPHi4t","['Quando', '#Trump', '#Biden', '#OcasioCortez', 'Nel', '@bravimabasta']",US_Election
"Donc @JY_LeDrian va se rendre en #Egypte pour demander à un régime fasciste de mettre un terme à la campagne #BoycottFrance lancer par la société civile.
On est pas un peu loin de l'esprit #Charlie là?😕😕
#Election2020results 
#Biden 
#القاهرة_تنتخب 
#مقاطعه_المنتجات_الفرنسيه11 https://t.co/3mKm2xgnnP https://t.co/S7C74Cyyx7","['Donc', '@JY_LeDrian', '#Egypte', '#BoycottFrance', 'On', '#Charlie', '#Election2020results', '#Biden', '#القاهرة_تنتخب', '#مقاطعه_المنتجات_الفرنسيه11']",US_Election
"DONALD TRUMP DOES NOT RECOGNIZE THE DIFFERENCE BETWEEN A PATRIOT AND A NAZI!DONALD TRUMP IS A NAZI WHOSE CORONA FAILURE HAS CAUSED OVER 220,000 DEATHS!
#trump
#potus
#potus45","['#trump', '#potus', '#potus45']",US_Election
"Vocero del chavismo @ZurdaConducta celebra posible victoria de #Biden y envía mensaje a los “venezolanos miameros”

“... ahora para dónde van a correr? [...] les está llegando  el #Comunismo via delivery!!!  [...] Tik Tak Tik Tak nos vemos el año que viene en Estados Unidos” https://t.co/KrkxZTjacK","['Vocero', '@ZurdaConducta', '#Biden', '#Comunismo', 'Tik', 'Tak', 'Tik', 'Tak', 'Estados', 'Unidos']",US_Election
@RTLnieuws Wat een zielige man is t toch ook die #trump 🙄,"['@RTLnieuws', 'Wat', '#trump']",US_Election
"از صدای طبخ #کتلت ، ندیدم خوشتر

یادگاری که از آن مرد قمارباز بماند !
#Trump ❤️ https://t.co/uIzOEsinwo","['#کتلت', '#Trump']",US_Election
😅😅 Awesome! Listen to the transcript of #JoeBiden's memory loss - when he called @realDonaldTrump George Lopez! #LiberalismIsAMentalDisorder https://t.co/WiAyYS87NT,"['Awesome', 'Listen', '#JoeBiden', '@realDonaldTrump', 'George', 'Lopez', '#LiberalismIsAMentalDisorder']",US_Election
"They won't be any easier to change than #Trump (who also isn't a dictator). *They* will be--have always been--your biggest obstacle. Change will only come from political force that fights and defeats them all, not surrenders to them as you have.","['They', '#Trump', 'They', 'Change']",US_Election
"@realDonaldTrump Because you lie!!! Because their is no trust or integrity in any of your words!! You are corrupt!!! Because you have failed Americans!!! You are CRASHING and BURNING, that is the story!! #TrumpCollapse #trump https://t.co/cEa3TZAOC5","['@realDonaldTrump', 'Because', 'Because', 'You', 'Because', 'Americans', 'You', '#TrumpCollapse', '#trump']",US_Election
People are dancing in the streets all over our country!!! With masks!!! Congratulations #JoeBiden #KamalaHarris #America,"['People', 'With', 'Congratulations', '#JoeBiden', '#KamalaHarris', '#America']",US_Election
#DonaldTrump https://t.co/S2FZ4snaGN,['#DonaldTrump'],US_Election
"Come on America keep the momentum going &amp; vote #BidenHarris2020 
Enough of this #Trump garbage https://t.co/mRZoyUQYk4","['Come', 'America', '#BidenHarris2020', 'Enough', '#Trump']",US_Election
@JoeBiden when he finds out Hunter messed up again! 😂#JoeBiden #HunterBidenEmails #hunterscrackpipe #Hunterbidenlaptop #JoeBidenIsALiar #BidenCrimeFamily #BidenHarris2020 #TrumpPence2020 #Trump2020Landslide #Trump2020LandslideVictory #trump2020 @realDonaldTrump https://t.co/DB94bUmbnZ,"['@JoeBiden', 'Hunter', '#JoeBiden', '#HunterBidenEmails', '#hunterscrackpipe', '#Hunterbidenlaptop', '#JoeBidenIsALiar', '#BidenCrimeFamily', '#BidenHarris2020', '#TrumpPence2020', '#Trump2020Landslide', '#Trump2020LandslideVictory', '#trump2020', '@realDonaldTrump']",US_Election
@CREWcrew So she is a benefactor of fossi fuels. I'm sute #Trump likes that best,"['@CREWcrew', 'So', '#Trump']",US_Election
#Trump2020 #Trump @POTUS @JoeBiden #BidenHarris2020 #Erdogan #SanctionTurkey #StopErdoğan #turkey  #TurkeyIsATerrorState #boycottturkey https://t.co/qkjRsdj9io,"['#Trump2020', '#Trump', '@POTUS', '@JoeBiden', '#BidenHarris2020', '#Erdogan', '#SanctionTurkey', '#StopErdoğan', '#turkey', '#TurkeyIsATerrorState', '#boycottturkey']",US_Election
"@realDonaldTrump @60Minutes P.S.  #Trump - America is about to make a ‘better decision’, and vote you out, then - hopefully, lock you up and throw away the key.  #StopTrumpsTerror #LockTrumpUp #TrumpIsUnwell","['@realDonaldTrump', '@60Minutes', '#Trump', 'America', '#StopTrumpsTerror', '#LockTrumpUp', '#TrumpIsUnwell']",US_Election
@stclairashley He's always been #woke #Biden is a puppet,"['@stclairashley', 'He', '#woke', '#Biden']",US_Election
"Les français et françaises en Amérique qui soutiennent #Trump me font honte et me font vomir , j'espère une chose que #Biden sera élu #ZoneInterdite","['Les', '#Trump', '#Biden', '#ZoneInterdite']",US_Election
Joe Biden it is ! #USElections #JoeBiden,"['Joe', 'Biden', '#USElections', '#JoeBiden']",US_Election
"#Trump Campaign Didn’t Put Secret Watermarks on Ballots.
Here is #Misbar’s Investigation 👇
https://t.co/hyAvDqwTbw

#News #FactCheck #BreakingNews #Facts https://t.co/KYKGtIUrq3","['#Trump', 'Campaign', 'Didn', 'Put', 'Secret', 'Watermarks', 'Ballots', 'Here', '#Misbar', 'Investigation', '#News', '#FactCheck', '#BreakingNews', '#Facts']",US_Election
"Anyone following US Presidential elections 2020 ?
Literally its a joke and much more entertaining than any other game match. 😅😅
They seriously need to upgrade.

#USElections #USAElections2020 #DonaldTrump #JoeBidenUkraineScandal 

@PMOIndia please sell them EVMs 🤣","['Anyone', 'Presidential', 'Literally', 'They', '#USElections', '#USAElections2020', '#DonaldTrump', '#JoeBidenUkraineScandal', '@PMOIndia']",US_Election
#TrumpMeltdown #TrumpSupporters #Trump #TrumpIsLosing #FireTrump https://t.co/PaGoLn4sgW,"['#TrumpMeltdown', '#TrumpSupporters', '#Trump', '#TrumpIsLosing', '#FireTrump']",US_Election
"📽️🇺🇸 @celiabelin s'est également entretenue avec Alexandre Minet, responsable du secteur #International à la Fondation, quelques jours après le #SuperTuesday sur le duel entre #Biden et #Sanders ➡️ https://t.co/Z2yNMuKFn0

#ElectionDay #Elections2020 https://t.co/yqbYCNMVEj","['@celiabelin', 'Alexandre', 'Minet', '#International', 'Fondation', '#SuperTuesday', '#Biden', '#Sanders', '#ElectionDay', '#Elections2020']",US_Election
"@SenJohnBarrasso @All100Senators @realDonaldTrump @JoeBiden No, #Trump hasn’t been the best president for Black America since Lincoln #Debate2020 #debates #DebateTonight  https://t.co/MALhmNA5tr via @voxdotcom","['@SenJohnBarrasso', '@All100Senators', '@realDonaldTrump', '@JoeBiden', 'No', '#Trump', 'Black', 'America', 'Lincoln', '#Debate2020', '#debates', '#DebateTonight', '@voxdotcom']",US_Election
"This is why #Trump and #Biden sweat daily, from townhalls to campaign. Pence shows up with 2 people. Harris called this weekend off not to be embarrassed as Pence. Hilarious 😆 #Election2020","['This', '#Trump', '#Biden', 'Pence', 'Harris', 'Pence', 'Hilarious', '#Election2020']",US_Election
#JoeBiden #POTUS46 https://t.co/WQbGvxwmO2,"['#JoeBiden', '#POTUS46']",US_Election
"@H_MitchellPhoto #Democrat s need to watch this. "" #JoeBiden  wouldn't even get security clearance at this point, how can he be president""

Watch it until the end and then decide, they cover many topics associated with the source of the #Hunterbidenlaptop, not just fluff.

https://t.co/DIjhppNQSI","['@H_MitchellPhoto', '#Democrat', '#JoeBiden', 'Watch', '#Hunterbidenlaptop']",US_Election
@PattyArquette In all fairness (no I didn’t vote for Trump then or now) the Dems. Should have not cheated @SenSanders out of being the nominee in 2016. Their are consequences for every action @PattyArquette so they @SenateDems  @HillaryClinton didn’t care  aldo @SusanSarandon @JoyVBehar #trump,"['@PattyArquette', 'In', 'Trump', 'Dems', 'Should', '@SenSanders', 'Their', '@PattyArquette', '@SenateDems', '@HillaryClinton', '@SusanSarandon', '@JoyVBehar', '#trump']",US_Election
"Trump ou Biden?

Chegou o dia da grande decisão na América e a TVI vai acompanhar as eleições com uma grande emissão especial.

A não perder, esta noite, a partir das 23:00 📺 

#trump #biden #eleições #eua #presidenciais #tvi24 #informação https://t.co/Dvxa7sxcsC","['Trump', 'Biden', 'Chegou', '#trump', '#biden', '#eleições', '#eua', '#presidenciais', '#tvi24', '#informação']",US_Election
MJ waiting on the election results all day. Had me keep the tv on @cnn all day for him while I was at work. #2020election #biden #trump #vote2020 #election2020 #results2020 #potus https://t.co/qoa8dmnMlw,"['Had', '@cnn', '#2020election', '#biden', '#trump', '#vote2020', '#election2020', '#results2020', '#potus']",US_Election
@megynkelly You know #Trump is with his spin and over talking without a plan! #DebateTonight,"['@megynkelly', 'You', '#Trump', '#DebateTonight']",US_Election
"RIP ""We're better than this""
#Trump https://t.co/LMlV47m91P","['We', '#Trump']",US_Election
"Maybe someday the US will elect a President who isn't a total scumbag. 
#PipeDreams
#2020Election 
#JoeBiden 
#DonaldTrump","['Maybe', 'President', '#PipeDreams', '#2020Election', '#JoeBiden', '#DonaldTrump']",US_Election
@DavidLammy A national disgrace is people like you in the Labour party preaching about democracy and racism while turning a blind eye to antisemitism and trying to overturn brexit.. You support the fraud in #USElections because you don't like #Trump .. #ElectionFraud,"['@DavidLammy', 'Labour', 'You', '#USElections', '#Trump', '#ElectionFraud']",US_Election
"#BreakingNews 

#Trump Declares Victory. Demanding US Supreme Court to stop ballot counting.

#USAElections2020
#AmericaDecides2020 

https://t.co/kM88XOSsUE","['#BreakingNews', '#Trump', 'Declares', 'Victory', 'Demanding', 'Supreme', 'Court', '#USAElections2020', '#AmericaDecides2020']",US_Election
"Nuestro reportero @albinsonl repasa qué líderes aún no se han pronunciado sobre la elección de #Biden como presidente.

📌 Sigue aquí la cobertura: https://t.co/AU14R9yBqW 

#Election2020 #ElectionResults #Decision2020 https://t.co/DVcBvWJb9Y","['Nuestro', '@albinsonl', '#Biden', 'Sigue', '#Election2020', '#ElectionResults', '#Decision2020']",US_Election
#FakeNewsMedia #BidenCrimeFamiily #4MoreYears #CorruptJoeBiden #AmericaNeedsHealthcare #KeepAmericaGreat #Biden2020 #Biden #BidenHarris2020Landslide https://t.co/SCIQT7WqSx,"['#FakeNewsMedia', '#BidenCrimeFamiily', '#4MoreYears', '#CorruptJoeBiden', '#AmericaNeedsHealthcare', '#KeepAmericaGreat', '#Biden2020', '#Biden', '#BidenHarris2020Landslide']",US_Election
"@fwieschollek @kugelsburger Ich redete nicht über die Stimmverteilung, sondern darüber, dass zufällig 138303 Stimmen für #Biden hintereinander gekommen sind, ohne dass auch nur eine einzige Stimme für Trump dabei war. Was für eine hochgebildete Stadt soll das bitte sein?","['@fwieschollek', '@kugelsburger', 'Ich', 'Stimmverteilung', 'Stimmen', '#Biden', 'Stimme', 'Trump', 'Was', 'Stadt']",US_Election
#addled #trump #Trump2020 https://t.co/tIpdJfab2B,"['#addled', '#trump', '#Trump2020']",US_Election
"My favorite though is ""Poopy Pants Trump"" as he clearly sharted himself while golfing. 😂😂😂😂😂😂

#Resist #Resistance #Trump #MAGA https://t.co/47px8i1G5k https://t.co/Q5Omz3R0vK","['My', 'Poopy', 'Pants', 'Trump', '#Resist', '#Resistance', '#Trump', '#MAGA']",US_Election
Says it all. ⁦@donwinslow⁩ ⁦@realDonaldTrump⁩ #trump https://t.co/DLN6I0I7im,"['Says', '@donwinslow', '@realDonaldTrump', '#trump']",US_Election
"Israel and Bahrain establish formal diplomatic relations
#breakingnews #news #china #trump
#bahrain #bbcusa #diplomatic #establish #formal #israel #relations
https://t.co/IXqgbJftJU","['Israel', 'Bahrain', '#breakingnews', '#news', '#china', '#trump', '#bahrain', '#bbcusa', '#diplomatic', '#establish', '#formal', '#israel', '#relations']",US_Election
"@CindisPLace @Tam_Resist @JoeBiden Me, too!

Hey #DonaldTrump...

You about to lose your job!

#POSPOTUS","['@CindisPLace', '@Tam_Resist', '@JoeBiden', 'Me', 'Hey', '#DonaldTrump', 'You', '#POSPOTUS']",US_Election
"@piersmorgan @realDonaldTrump https://t.co/IvOCCrGGt8

There is no limit for #Trump and @GOP Republicans evil!! #VoteHimOut","['@piersmorgan', '@realDonaldTrump', 'There', '#Trump', '@GOP', 'Republicans', '#VoteHimOut']",US_Election
@zdf-Korrespondent aus China: #Biden werde Konflikt mit den kommunistischen Eigentümern der Weltwirtschaft (mein Terminus) eher verschärfen. Die Welt darf aufatmen! #Ironie,"['@zdf', 'Korrespondent', 'China', '#Biden', 'Konflikt', 'Weltwirtschaft', 'Terminus', 'Die', 'Welt', '#Ironie']",US_Election
"@washingtonpost The world must stop the new trump that is trying to lead Eeurope and Canada ...this guy is more dangerous for the stability of our planet than #trump !!!

#USElection2020 https://t.co/4BBtHUje1Z","['@washingtonpost', 'The', 'Eeurope', 'Canada', '#trump', '#USElection2020']",US_Election
Trump desperately begging for votes in Nevada to keep himself out of Prison. #Trump #LockTrumpUp,"['Trump', 'Nevada', 'Prison', '#Trump', '#LockTrumpUp']",US_Election
"@CaseyLay6 @GOP Yeah, hindsight is 20/20, so #JoeBiden just says he's going to do what Trump has already done and acted like it's something new!","['@CaseyLay6', '@GOP', 'Yeah', '#JoeBiden', 'Trump']",US_Election
"""#Obama you're lucky I didn't run last time, when Romney ran, because you would have been a OneTermPresident"" Trump, February 2012

#Trump about to be one-term #POTUS, beaten by OBAMA's VP #PresidentBiden 

#ThrowbackThursday

#Biden2020 #TrumpMeltdown 

#Georgia is going #Blue","['#Obama', 'Romney', 'Trump', 'February', '#Trump', '#POTUS', '#PresidentBiden', '#ThrowbackThursday', '#Biden2020', '#TrumpMeltdown', '#Georgia', '#Blue']",US_Election
Baby dump. Sorry #baby #trump https://t.co/OFjJWnruXF,"['Baby', 'Sorry', '#baby', '#trump']",US_Election
"#AmericaDecides2020 #DonaldTrump #USElection2020 
Trump is a true nationalist!  And this is his biggest advantage!! Despite all odds people talk!","['#AmericaDecides2020', '#DonaldTrump', '#USElection2020', 'Trump', 'And', 'Despite']",US_Election
"#Trump  loses election. Freaks out: press camps out all next day, no speech. Realizes future legal jeopardy. Week and a half later, he resigns like Nixon. Pence becomes President then promptly pardons Trump of all Federal Crimes. Trump jets off Pence deals with incoming #Biden","['#Trump', 'Freaks', 'Realizes', 'Week', 'Nixon', 'Pence', 'President', 'Trump', 'Federal', 'Crimes', 'Trump', 'Pence', '#Biden']",US_Election
"@ProjectLincoln Probably final #ElectoralCollege state by state polls from #FiveThirtyEight. ""Too Close"" anything less than 5% difference

#trump 126
#JoeBiden 284
#TooClose 128

270 needed to win

If polling is more correct than 2016, #trump can only hit 254 if he takes ALL of the swing states","['@ProjectLincoln', 'Probably', '#ElectoralCollege', '#FiveThirtyEight', 'Too', 'Close', '#trump', '#JoeBiden', '#TooClose', 'If', '#trump']",US_Election
#Trump #MAGA https://t.co/YjKVW4ngop,"['#Trump', '#MAGA']",US_Election
"@THR This what typical American politicians have done. Kill countless people and interfere in the work of other countries for money, oil and to spread American agenda. I will always respect #DonaldTrump for keeping peace and seeking out only trade wars. He has no blood on his hands. https://t.co/aR1NHrIJre","['@THR', 'This', 'American', 'Kill', 'American', '#DonaldTrump', 'He']",US_Election
Not sure this is #DonaldTrump walking out of an interview as much as it’s him deciding to stop interrupting Lesley Stahl: https://t.co/LncLqFR12S,"['Not', '#DonaldTrump', 'Lesley', 'Stahl']",US_Election
"Obama in Florida: Trump's tough guy schtick is a fraud
#News #Office #Florida #Ohio #Americans #CNN #Obama #Biden #Philadelphia #Mexico #BarackObama #Trump #MiamiSprings #TheSupremeCourt
https://t.co/LUZD7OqTEa","['Obama', 'Florida', 'Trump', '#News', '#Office', '#Florida', '#Ohio', '#Americans', '#CNN', '#Obama', '#Biden', '#Philadelphia', '#Mexico', '#BarackObama', '#Trump', '#MiamiSprings', '#TheSupremeCourt']",US_Election
"@PerezGuadarrama Los venezolanos no podemos apoyar al socialismo en ningún lugar del mundo

https://t.co/BwpYfMp4Fm

Mucho menos si son aliados del chavismo... todos los venezolanos apoyamos a #Trump2020 

Dios mediante, #Trump pa'lante https://t.co/YnpLZtG6f4","['@PerezGuadarrama', 'Los', 'Mucho', '#Trump2020', 'Dios', '#Trump']",US_Election
"Le COVID19 il est en train de se régaler aux États-Unis grâce à la célébration de Biden 
On peut multiplier le nombre de cas par 10 #Harris  #Biden #ElectionResults2020 #Election2020 #Trump #BidenHarris #VoteBidenHarrisToSaveAmerica #ElectionDay #Vote2020","['Le', 'Unis', 'Biden', 'On', '#Harris', '#Biden', '#ElectionResults2020', '#Election2020', '#Trump', '#BidenHarris', '#VoteBidenHarrisToSaveAmerica', '#ElectionDay', '#Vote2020']",US_Election
"#Sondage 🗳️ Votez 🔃 RT
Quelle image avez-vous de Joe Biden ? #Elections2020 #ElectionNight #Election2020 #USElection2020 #JoeBiden #TrumpvsBiden #USA 🇺🇸🌭🦅🗳️🍔","['#Sondage', 'Votez', 'Quelle', 'Joe', 'Biden', '#Elections2020', '#ElectionNight', '#Election2020', '#USElection2020', '#JoeBiden', '#TrumpvsBiden', '#USA']",US_Election
"@JoachimStamp - Trump kam immer mit einem Deal, aka Verhandlungen
 - Abkommen, Wissenschaft und Gerechtigkeit waren für ihn nie ein Maßstab

Der Tweet ist also genau das Gegenteil der #Diktion von #Trump.","['@JoachimStamp', 'Trump', 'Deal', 'Verhandlungen', 'Abkommen', 'Wissenschaft', 'Gerechtigkeit', 'Der', 'Tweet', 'Gegenteil', '#Diktion', '#Trump']",US_Election
@RexChapman Nevada is comeing to @JoeBiden 🤲 🤞 fingers crossed #EveryVoteCounts #Biden @KamalaHarris #BidenHarris2020 @CNN @MSNBC @ABC @jimmykimmel,"['@RexChapman', 'Nevada', '@JoeBiden', '#EveryVoteCounts', '#Biden', '@KamalaHarris', '#BidenHarris2020', '@CNN', '@MSNBC', '@ABC', '@jimmykimmel']",US_Election
"No, it wasn't a slip for #Trump to join forces with the russian mob, he did it 1,200 times (in words: twelve hundred).

And that guy wants to tell us the election is ""stolen"" ?","['No', '#Trump', 'And']",US_Election
"#JoeBiden 
#JoeBidenWon","['#JoeBiden', '#JoeBidenWon']",US_Election
"Kangana Ranaut calls Joe Biden 'Ghajini', roots for Kamala Harris

#KanganaRanaut #JoeBiden #KamalaHarris #PresidentElectJoe #KamalaHarrisVP #Kamala 
https://t.co/L1q1Z1R77d","['Kangana', 'Ranaut', 'Joe', 'Biden', 'Ghajini', 'Kamala', 'Harris', '#KanganaRanaut', '#JoeBiden', '#KamalaHarris', '#PresidentElectJoe', '#KamalaHarrisVP', '#Kamala']",US_Election
"Wie kann man nur den #Biden - Zombie wählen? Aus den selben Gründen, aus denen man in Deutschland auch seit Jahren den Untergang wählt!","['Wie', '#Biden', 'Zombie', 'Aus', 'Deutschland', 'Jahren', 'Untergang']",US_Election
"Trump Had One Last Story to Sell. The Wall Street Journal Wouldn’t Buy It. https://t.co/qGukTnOr5u Can one credible #Biden smear even if true possibly throw the election Red given the incumbent's daily outrages? If reported in legacy @WSJ, perhaps, but Rupert Murdoch owns it now!","['Trump', 'Had', 'One', 'Last', 'Story', 'Sell', 'The', 'Wall', 'Street', 'Journal', 'Wouldn', 'Buy', 'It', 'Can', '#Biden', 'Red', 'If', '@WSJ', 'Rupert', 'Murdoch']",US_Election
"@senatemajldr @hughhewitt #MoscowMitch=DEATH
#Trump=DEATH
#VotingForBiden","['@senatemajldr', '@hughhewitt', '#MoscowMitch', '#Trump', '#VotingForBiden']",US_Election
#Trump issues statement. https://t.co/ZPwIEEkvjN,['#Trump'],US_Election
"Amerikaner wollen es so! Es ist deren traditionelle Klugheit, wie auch, dass der Staat nicht das Gewaltmonopol haben darf, wie schutzlose Deutsche es mögen, obwohl der Staat die Sicherheit der Bürger nicht garantieren kann.

Wahlsystem Stimmen Demokratie #Trump Sieger Amerika https://t.co/zvAJkhwVZl","['Amerikaner', 'Es', 'Klugheit', 'Staat', 'Gewaltmonopol', 'Deutsche', 'Staat', 'Sicherheit', 'Wahlsystem', 'Stimmen', 'Demokratie', '#Trump', 'Sieger', 'Amerika']",US_Election
#Trump https://t.co/qClF5mqNc7,['#Trump'],US_Election
@50cent 😂😂😂😂 who did this?! #50cent #downloadStarzApp #Trump https://t.co/8IQGdrC0Vi,"['@50cent', '#50cent', '#downloadStarzApp', '#Trump']",US_Election
"Interesting show about what #Trump has brought to🇺🇸... thought about guns at our house🏡decided to go with flying bug spray, it’s like mace on steroids. Know LOTS of our mainly Hispanic neighbors have weapons and we trust most of them. Good Luck #LasVegas  https://t.co/4CVkiSd7N3","['Interesting', '#Trump', 'Know', 'Hispanic', 'Good', 'Luck', '#LasVegas']",US_Election
え / #Trump 鬼滅の刃マンチョコ開封大会 https://t.co/qEJ79y9GUI | 2:31:35経過,['#Trump'],US_Election
"@RzstProgramming Doxxing suburban women. Nice job. Liberals are dangerous. 

#Trump #TrumpPence2020 #Redwav #VoteRed #VoteRedLikeYourLifeDependsOnIt","['@RzstProgramming', 'Doxxing', 'Nice', 'Liberals', '#Trump', '#TrumpPence2020', '#Redwav', '#VoteRed', '#VoteRedLikeYourLifeDependsOnIt']",US_Election
"JOE BIDEN WINS WISCONSIN
🔥🔥
PROJECTED OFFICIALLY NOW #ElectionDay #Wisconsin #JoeBiden #JoeBidenKamalaHarris2020 #Vote2020 #Vote #MAGA","['#ElectionDay', '#Wisconsin', '#JoeBiden', '#JoeBidenKamalaHarris2020', '#Vote2020', '#Vote', '#MAGA']",US_Election
#JohnsonInsults #JoeBiden #USAElections2020 https://t.co/y5fYjsKevt,"['#JohnsonInsults', '#JoeBiden', '#USAElections2020']",US_Election
"Este personaje #Biden es un psicópata comparado con los nazis, está demente y lo único que busca es fortalecer a los más ricos para poder crear leyes que dañen a un sector mayoritario, entre afroamericanos, latinos, multirazas que considera son inferiores que sus amigos. https://t.co/5At9vroQ7s","['Este', '#Biden']",US_Election
Huge #celebrations all over #USA. President elect Biden &amp; #VPelect Harri... https://t.co/43kbKvuL0I via @YouTube #bidenharis2020 #Biden #Trump #ByeByeTrump #ByeTrump #ByeTrump #USAelection2020 #KamalaHarris #KamalaHarrisVP #JoeBiden #ElectionDay,"['Huge', '#celebrations', '#USA', 'President', 'Biden', '#VPelect', 'Harri', '@YouTube', '#bidenharis2020', '#Biden', '#Trump', '#ByeByeTrump', '#ByeTrump', '#ByeTrump', '#USAelection2020', '#KamalaHarris', '#KamalaHarrisVP', '#JoeBiden', '#ElectionDay']",US_Election
"The decision to delay the call isn't simply because @realDonaldTrump and #Trump cultists are #snowflakes, but also because so many of them confuse gunfire with free speech. That's the @GOP now.  
 
@senatemajldr @LindseyGrahamSC @SenatorRomney @SenSasse @robportman @RonJohnsonWI https://t.co/gyRwgJ8Ivo","['The', '@realDonaldTrump', '#Trump', '#snowflakes', 'That', '@GOP', '@senatemajldr', '@LindseyGrahamSC', '@SenatorRomney', '@SenSasse', '@robportman', '@RonJohnsonWI']",US_Election
@Lrihendry Yay another #biden voter!,"['@Lrihendry', 'Yay', '#biden']",US_Election
"@AltNatSecAgency .@PressSec claimed #Trump won Wisconsin by over 100,000. I don't consider her credible.","['@AltNatSecAgency', '@PressSec', '#Trump', 'Wisconsin']",US_Election
"امریکی جمیوریت دنیا کیلئے مذاق بن گئی، ایرانی رہبرِ معظم خامنا ای نے بھی طنزیہ بیان داغ دیا، جانیے تفصیل : https://t.co/ZjTAl5nY6Q

#USElectionResults2020 #Trump #Biden #Iran #Khamenai","['#USElectionResults2020', '#Trump', '#Biden', '#Iran', '#Khamenai']",US_Election
"#Obama hails #Biden's 'decency and kindness' and takes swipe at #Trump – US politics live 
#PresidentialElection https://t.co/nZPqw4aYX8 https://t.co/4uAxLScoZm","['#Obama', '#Biden', '#Trump', '#PresidentialElection']",US_Election
"@PKejonen @YleTV1 @persut @Halla_aho @svaaherkumpu #ykkösaamu palavista kaupungeista puheenollen
#Jews give #Muslims key to #Synagogue after #Trump #HateSpeech, town's #Mosque burned down.

#Persut,#Muslim auttava #Jewish hyysäri? Teidän mielestä #Islam sodassa vs #Judaism?
Teidän salaliitto peräisin #Memri #Eurabia=#hillotolppa https://t.co/ZQwjJhjWHg","['@PKejonen', '@YleTV1', '@persut', '@Halla_aho', '@svaaherkumpu', '#ykkösaamu', '#Jews', '#Muslims', '#Synagogue', '#Trump', '#HateSpeech', '#Mosque', '#Persut', '#Muslim', '#Jewish', '#Islam', '#Judaism', '#Memri', '#Eurabia', '#hillotolppa']",US_Election
@InfidelAngela @pretoriana81 Así es !!!! #trump https://t.co/zekI0UWGwl,"['@InfidelAngela', '@pretoriana81', '#trump']",US_Election
"@patdiekmann Ganz genau so. #Biden wird wohl mit 271 Wahlmännern gewählt, Pennsylvania geht aber an #Trump.","['@patdiekmann', 'Ganz', '#Biden', 'Pennsylvania', '#Trump']",US_Election
"Trump’a meydan okudu #donaldtrump #biden #trump #sosyalmedya #joebiden #abdbaskani
https://t.co/ZYQzGbYIfN","['Trump', '#donaldtrump', '#biden', '#trump', '#sosyalmedya', '#joebiden', '#abdbaskani']",US_Election
"À part sur le prix du pétrole, #biden gagne partout par KO... #ElectionDay  https://t.co/0GpOIgxs95","['#biden', '#ElectionDay']",US_Election
"#NewsUpdate 
#Biden(78) will be oldest 2 be sworn in as #USA President
#KamalaHarris 1st person Of color as VP

#Trump rejects election outcome,to do more legal challenge!

#Indian diplomat Bidisha Maitra elected in a key #UN 
panel

UAE allows live in relationships,  
cont'd..","['#NewsUpdate', '#Biden', '#USA', 'President', '#KamalaHarris', 'Of', '#Trump', '#Indian', 'Bidisha', 'Maitra', '#UN']",US_Election
Biden up in PA. This is bullshit. Fraud in Philly 100% #BidenCorruption #DonaldTrump #DonaldTrumpJr #EricTrump #IvankaTrump #FoxNews #TuckerCarlson #SeanHannity,"['Biden', 'This', 'Fraud', 'Philly', '#BidenCorruption', '#DonaldTrump', '#DonaldTrumpJr', '#EricTrump', '#IvankaTrump', '#FoxNews', '#TuckerCarlson', '#SeanHannity']",US_Election
"CNN americana acaba de anunciar que, segundo as suas projeções, o candidato democrata Joe Biden conseguiu os 270 votos para ser eleito o 46º presidente dos EUA no colégio eleitoral. #EleicoesEUA2020 #Trump #Biden #eua #election2020 #caricatura https://t.co/X8I4I4difa","['Joe', 'Biden', '#EleicoesEUA2020', '#Trump', '#Biden', '#eua', '#election2020', '#caricatura']",US_Election
"@BarackObama 👉TRUMP kidnapped by Joe Biden @JoeBiden 👌👌
#LiveVideo #Kidnapped #Trump #By #JoeBiden 
#Amaizingvideo
Complete Video😂👍
https://t.co/KU1ODh4JaE https://t.co/qLIY4Zkyat","['@BarackObama', 'Joe', 'Biden', '@JoeBiden', '#LiveVideo', '#Kidnapped', '#Trump', '#By', '#JoeBiden', '#Amaizingvideo', 'Complete', 'Video']",US_Election
"Noch fünf Tage bis zur #USWahl :
#Demokraten hoffen auf #Machtwechsel im Senat. Um die Ära #Trump mit Reformen zu korrigieren, braucht ein Präsident #Biden die Mehrheit in beiden Kongresskammern. Der Ausgang entscheidet sich in vier Staaten. 
https://t.co/pKL9fosYaH","['Noch', 'Tage', '#USWahl', '#Demokraten', '#Machtwechsel', 'Senat', 'Um', '#Trump', 'Reformen', '#Biden', 'Mehrheit', 'Kongresskammern', 'Der', 'Ausgang', 'Staaten']",US_Election
"@NikkiHaley @standamericanow Once again, you are completely wrong. #Biden #BidenHarris2020Landslide","['@NikkiHaley', '@standamericanow', 'Once', '#Biden', '#BidenHarris2020Landslide']",US_Election
"Timcast: Twitter Has Now CENSORED And Locked The Trump Campaign Account, Republicans Subpeona CEO Jack Dorsey 

#TwitterCensorship
#Trump #HunterBiden
#CreepyJoeBiden https://t.co/llQWgMG3d0","['Timcast', 'Twitter', 'Has', 'Now', 'And', 'Locked', 'The', 'Trump', 'Campaign', 'Account', 'Republicans', 'Subpeona', 'Jack', 'Dorsey', '#TwitterCensorship', '#Trump', '#HunterBiden', '#CreepyJoeBiden']",US_Election
"@MeghanMcCain,

Your Mom’s endorsement of #Biden made the difference but more important, Arizonans did not appreciate how #Trump and his stooges treated your Dad and family.
#JohnMcCain won this election and may his light shine brightly through our incredible state 🔥 https://t.co/TWgEIav9fM","['@MeghanMcCain', 'Your', 'Mom', '#Biden', 'Arizonans', '#Trump', 'Dad', '#JohnMcCain']",US_Election
@ChrisMegerian Deranged &amp; desperate Trump-haters will claim ANYTHING to get him defeated. That #HunterBiden was on the board of a Ukrainian company while his father was VP is a major conflict-of-interest no matter what. And the way VP #Biden demanded the prosecutor's firing IS highly suspicious,"['@ChrisMegerian', 'Deranged', 'Trump', 'That', '#HunterBiden', 'Ukrainian', 'And', '#Biden']",US_Election
"Le Système, version française, lâche la meute : émettre l'hypothèse de possibles fraudes chez des pro-#Biden est vu comme une atteinte à la démocratie, une faute professionnelle, une hérésie morale, un délire complotiste, etc. Seul le camp du Bien est insoupçonnable #Election2020","['Le', '#Biden', 'Seul', 'Bien', '#Election2020']",US_Election
"Let's says #Biden2020 wins. If Democrats think #KamalaHarris will do any better in four years they are truly delusional. A politician who cannot answer a tough question without cackling maniacally is a surefire way to lose 2024.
#Biden 
#BernieWouldHaveWon 
#2024isdoomed","['Let', '#Biden2020', 'If', 'Democrats', '#KamalaHarris', '#Biden', '#BernieWouldHaveWon', '#2024isdoomed']",US_Election
"Just think of the corruption level if he wins the Presidency! Half of America supports criminal behavior from our elected officials!  Unfreakingbelievable.
#Biden
#CorruptJoeBiden 
#VoteRedToSaveAmerica2020","['Just', 'Presidency', 'Half', 'America', 'Unfreakingbelievable', '#Biden', '#CorruptJoeBiden', '#VoteRedToSaveAmerica2020']",US_Election
#trump and his supporters are evidently birds of the same feather.  About 68 million #Americans.  That's more than the number of card-carrying #Nazi in Germany of 1930's!    @AuschwitzMuseum  https://t.co/iF5lYMoOUf,"['#trump', 'About', '#Americans', 'That', '#Nazi', 'Germany', '@AuschwitzMuseum']",US_Election
"#BreakingNews 

#trump har røysta på #trunp","['#BreakingNews', '#trump', '#trunp']",US_Election
"Only problem is, @realDonaldTrump LOVES this country and will continue  to fight for what is right and those who love America! He has a set of nuts, but not on his chin like @SenKamalaHarris and @JoeBiden. #Trump will never bow, nor give in and that is what makes him great!","['Only', '@realDonaldTrump', 'America', 'He', '@SenKamalaHarris', '@JoeBiden', '#Trump']",US_Election
Idc who wins the election as long as it’s done right. This is INSANE! #trump #biden https://t.co/6fTaHL2Maz,"['Idc', 'This', '#trump', '#biden']",US_Election
They can walk an chew gum at the same time unlike you and #JoeBiden if Biden is the leader of the Democratic Party why doesn’t he call the worthless Speaker of the House and tell her to start to negotiate honestly? #FillTheSeat https://t.co/sHnDayoMJG,"['They', '#JoeBiden', 'Biden', 'Democratic', 'Party', 'Speaker', 'House', '#FillTheSeat']",US_Election
"""#POTUS News: More #Americans Trust Joe Biden to Maintain 'Law and Order' Than Donald #Trump, Poll Shows #News"": https://t.co/MvNrBxidIo","['#POTUS', 'News', 'More', '#Americans', 'Trust', 'Joe', 'Biden', 'Maintain', 'Law', 'Order', 'Than', 'Donald', '#Trump', 'Poll', 'Shows', '#News']",US_Election
ARKADAŞLAR ABD DEKİ SEÇİMLER SON DAKİKA BAŞKAN KİM? AÇIKLANDI...https://t.co/AlhZsqB5Ov  #AlevAlev  #kapitalizm  #Persembe  #cumhurbaskanıolsamilkis  #gunaydın  #5thofNovember  #Basaksehir  #gonulisterki #ABDninSecimi  #DonaldTrump  #JoeBiden,"['#AlevAlev', '#kapitalizm', '#Persembe', '#cumhurbaskanıolsamilkis', '#gunaydın', '#5thofNovember', '#Basaksehir', '#gonulisterki', '#ABDninSecimi', '#DonaldTrump', '#JoeBiden']",US_Election
"#PresidentialDebate2020 
#PresidentialDebate 
Dump #Trump2020 the immoral, narcissist! 👺☠️👺☠️👺☠️👺☠️👺
#TrumpsCorruptCircus 
#TrumpsTheBiggestLiarEver
Vote #JoeBiden a decent, moral man who will bring America together!! #TrumpIsPathetic
#CorruptTrump 
#PutinsPuppet
#DonTheCon https://t.co/FYnB4VcdSM","['#PresidentialDebate2020', '#PresidentialDebate', 'Dump', '#Trump2020', '#TrumpsCorruptCircus', '#TrumpsTheBiggestLiarEver', 'Vote', '#JoeBiden', 'America', '#TrumpIsPathetic', '#CorruptTrump', '#PutinsPuppet', '#DonTheCon']",US_Election
@no_silenced #trump #trump #trump #trump,"['@no_silenced', '#trump', '#trump', '#trump', '#trump']",US_Election
I made this 😭 #BidenHarris2020 #Biden #Harris #TRUMP_OUT #TaylorSwift https://t.co/izemk5nJQX,"['#BidenHarris2020', '#Biden', '#Harris', '#TRUMP_OUT', '#TaylorSwift']",US_Election
"Kinda wanna kill anyone who supports Trump. Fr who wants a mf, stupid ass squirrel be president. Biden isn’t a good choice either but definitely the better for the worse. #Biden #VoteTrumpOut","['Kinda', 'Trump', 'Fr', 'Biden', '#Biden', '#VoteTrumpOut']",US_Election
#JoeBiden This is it. 2020 is saved. Just as we were writing it off. The tide of luck has changed. Some good news in 2020. Onwards and upwards now. Yes!!!! 👍🏼🇺🇸 #COVIDー19,"['#JoeBiden', 'This', 'Just', 'The', 'Some', 'Onwards', 'Yes', '#COVIDー19']",US_Election
"NOT “Rounding the Bend on #COVID19”

Claim simply isn’t true say ALL mainstream #MedicalProfessionals. @JoeBiden has #Plan.

Want less #Violence? @JoeBiden is ONLY candidate willing to work w parties &amp; fight #SystemicRacism.
#Trump doesn’t believe in it. #BLM

#Allendale #Bamberg https://t.co/6X0gKunVd7","['Rounding', 'Bend', '#COVID19', 'Claim', '#MedicalProfessionals', '@JoeBiden', '#Plan', 'Want', '#Violence', '@JoeBiden', '#SystemicRacism', '#Trump', '#BLM', '#Allendale', '#Bamberg']",US_Election
"If you scream FIRE in a movie theater and there is no fire, you've broken the law. If you call fraud and corruption in an election with no credible evidence, how is that okay? #fire #Trump #GEORGIA #NBC #CNN #Biden","['If', 'If', '#fire', '#Trump', '#GEORGIA', '#NBC', '#CNN', '#Biden']",US_Election
"#MAGA by voting out #Trump. #TogetherWithBiden we will overcome the years of lies, deception, cheating, scandal. https://t.co/EvGBBmpIi3","['#MAGA', '#Trump', '#TogetherWithBiden']",US_Election
"@sydcrimlawyers Trump accused of disrespecting the military. #military #MilitaryMonday #Trump 
https://t.co/bRDpAMLJiY","['@sydcrimlawyers', 'Trump', '#military', '#MilitaryMonday', '#Trump']",US_Election
"#Election2020results Still no networks call these states:

Votes remaining to count:

#Arizona #Biden leads by 29861
126k + 47k provisional

#Georgia Biden leads by 7248
4000+13k prov

#Nevada Biden leads by 22,657
124k + 50k prov

#Pennsylvania Biden leads by 28833
89k + 101k","['#Election2020results', 'Still', 'Votes', '#Arizona', '#Biden', '#Georgia', 'Biden', '#Nevada', 'Biden', '#Pennsylvania', 'Biden']",US_Election
"Do your homework. #Trump is the only president without a war. He put more POC into work than anyone before and made peace deals with more countries than anyone before.

Lives and peace do not matter when global socialism is to be implemented. https://t.co/b47ZtxfGZd","['Do', '#Trump', 'He', 'Lives']",US_Election
"“Though the plans fell apart when local residents objected, #Qaddafi made a payment of $150,000, which  #Trump told #CNN in 2011 that he had given to charity. His 2009 #TaxReturns reported only $22,796 in business and personal cash gifts,”
#GrifterInChief
https://t.co/dWRCrvqpm0","['Though', '#Qaddafi', '#Trump', '#CNN', 'His', '#TaxReturns', '#GrifterInChief']",US_Election
"I could share my election night predictions, but instead I think will just remind everyone that despite tomorrow’s results, to ❤️ each other. Don’t let politics make you forget about PEOPLE. 

Go #vote &amp; be kind to poll workers
#2020Elections #Trump #Biden # https://t.co/n8fk4Szild","['Don', 'Go', '#vote', '#2020Elections', '#Trump', '#Biden']",US_Election
@Mediavenir @Inside_US4 Manquerait plus que le gâteux #Biden dirige la 1ere puissance mondiale 😱,"['@Mediavenir', '@Inside_US4', 'Manquerait', '#Biden']",US_Election
"#MarchToThePollsForJoe 😎😎😎😎😎😎😎😎😎
Restore decency to America VOTE!! #Biden 
😎😎😎😎😎😎😎😎
#TrumpIsCompromised ☠️
#QuidProQuo #TRUMP👺☠️👺☠️👺☠️👺☠️

Dump selfish, reckless #Trump !!!!☠️☠️☠️☠️☠️
#EndTheChaos
#TrumpsTheBiggestLiarEver 
#TrumpCrimeFamily https://t.co/J7KOYP0HJm","['#MarchToThePollsForJoe', 'Restore', 'America', '#Biden', '#TrumpIsCompromised', '#QuidProQuo', '#TRUMP', 'Dump', '#Trump', '#EndTheChaos', '#TrumpsTheBiggestLiarEver', '#TrumpCrimeFamily']",US_Election
#Biden is a FOOL He would Destroy our Country #MAGA2020LandslideVictory for @realDonaldTrump #VoteRedToSaveAmerica2020 https://t.co/pfAtsnfVF9,"['#Biden', 'He', 'Destroy', 'Country', '#MAGA2020LandslideVictory', '@realDonaldTrump', '#VoteRedToSaveAmerica2020']",US_Election
Ils y en a je suis sur ils font leurs petite sieste actuellement  pour être prêt pour la nuit américaine entre #Biden et #Trump  #ElectionDay https://t.co/V9cKhA1x7T,"['Ils', '#Biden', '#Trump', '#ElectionDay']",US_Election
"Grande @BernieSanders : 'Derrotar Trump é necessário como primeiro passo, mas não podemos e não devemos voltar aos negócios de sempre'; Bernie deixa claro que a vitória de #Biden é importante, mas que a luta por mudanças reais não irá parar. https://t.co/ZMIxnGjxA1","['Grande', '@BernieSanders', 'Derrotar', 'Trump', 'Bernie', '#Biden']",US_Election
"Democrats owe an enormous debt to hispanic voters in four southwestern cities in Arizona and Nevada., but there was not one hispanic person on #Biden's senior campaign staff. He doesn't care much about them, either.","['Democrats', 'Arizona', 'Nevada', '#Biden', 'He']",US_Election
"⚠️💥🔥 Así se prepara New York para la guerra civ... perdón, para las #Elecciones2020  de #EEEUU.

#Trump está 💩💩💩! https://t.co/BnUU0micom","['New', 'York', '#Elecciones2020', '#EEEUU', '#Trump']",US_Election
"#Trump fighting media.... while Hunter Biden sells out to China and whoever will give him money. #GoTrump2020 You are fighting ALL media, ALL slime celebs https://t.co/fLpPkZIzeg","['#Trump', 'Hunter', 'Biden', 'China', '#GoTrump2020', 'You']",US_Election
"Angelenos take to Sunset Ave in #EchoPark, Los Angeles Nov. 07, 2020 to celebrate #JoeBiden winning #Election2020 . #PresidentElectJoe 📸 #jasonryanphoto #losangeles #BidenHarris #AmericasGreatestMistake https://t.co/VDPNRsP0if","['Angelenos', 'Sunset', 'Ave', '#EchoPark', 'Los', 'Angeles', 'Nov', '#JoeBiden', '#Election2020', '#PresidentElectJoe', '#jasonryanphoto', '#losangeles', '#BidenHarris', '#AmericasGreatestMistake']",US_Election
"@realDonaldTrump @nytimes @Google @CNN The classic #Trump lie if ""I don't know him."" 😂","['@realDonaldTrump', '@nytimes', '@Google', '@CNN', 'The', '#Trump']",US_Election
"#Biden - 264
#Trump - 214
#Arnab - 306 IPC https://t.co/B1oLGdTXoU","['#Biden', '#Trump', '#Arnab']",US_Election
"Aah, that would be the ""Phantom Zone"" where Kryptonian crooks are sent to live in limbo for eternity.

#auspol https://t.co/aL2yWCudE5","['Aah', 'Phantom', 'Zone', 'Kryptonian', '#auspol']",AU_Election
Re-live the New Year's Day classic that kick-started Michael Bevan's career - and remember to vote for him as Australia's greatest ODI player: https://t.co/vOJdDnPN78 https://t.co/iIAzMCcKrr,"['Re', 'New', 'Year', 'Day', 'Michael', 'Bevan', 'Australia']",AU_Election
"Love the fact that UK viewers can't vote by text... stupid. Anyway, #Australia has my vote #Eurovision","['Love', 'Anyway', '#Australia', '#Eurovision']",AU_Election
Preferences are key to this election. Do research beforehand so u know which number to place beside @ candidate/party. It's VIP you read &amp; follow instructions regarding the number of preferences u MUST place on ballot in both HOR &amp; Senate for vote to be valid. #auspol #ausvotes https://t.co/PRKno5rN1c,"['Preferences', 'Do', 'It', 'Senate', '#auspol', '#ausvotes']",AU_Election
Imagine what this swing to the LNP would be like if all those young people hadnt signed up for SSM vote! Fck me #AusVotes2019 #auspol,"['Imagine', 'Fck', '#AusVotes2019', '#auspol']",AU_Election
"Election 2019: Anthony Albanese to run for Labor leader, Tanya Plibersek 'considering' a tilt - Australia Votes - Federal Election 2019 - Politics - ABC News (Australian Broadcasting Corporation)
My vote goes to Albo! https://t.co/VyOA825pgD","['Election', 'Anthony', 'Albanese', 'Labor', 'Tanya', 'Plibersek', 'Australia', 'Votes', 'Federal', 'Election', 'Politics', 'News', 'Australian', 'Broadcasting', 'Corporation', 'My', 'Albo']",AU_Election
making the important distinction between building @LiberalAus supporters’ economy and securing everyone else’s future ... #auspol #election2019 #LiberalCampaignLaunch https://t.co/p6cNHDJGCf,"['@LiberalAus', '#auspol', '#election2019', '#LiberalCampaignLaunch']",AU_Election
"For the record no one asked for my opinion,    no one #ausvotes #AUSVote19 #australiavotes #AUSVote2019 #auspol19","['For', '#ausvotes', '#AUSVote19', '#australiavotes', '#AUSVote2019', '#auspol19']",AU_Election
"@JoshFrydenberg @3AWNeilMitchell @3AW693 @Bowenchris Weezle words from the weezle, no free toilet upgrade today? What about an @ASX investigation? #ToddCorporation prosecution maybe? Now that would be nice!

#auspol #ausbiz","['@JoshFrydenberg', '@3AWNeilMitchell', '@3AW693', '@Bowenchris', 'Weezle', 'What', '@ASX', '#ToddCorporation', 'Now', '#auspol', '#ausbiz']",AU_Election
"Also in this - #7News reveals Chris Bowen will tomorrow announce whether he’ll run for Labor leadership...and the Labor MP in the very close seat of Bass, Tas is preparing to concede - he’s begun packing up his office... Also -PM won’t announce Ministry before the weekend #auspol https://t.co/vzg8N7TPSH","['Also', '#7News', 'Chris', 'Bowen', 'Labor', 'Labor', 'Bass', 'Tas', 'Also', 'Ministry', '#auspol']",AU_Election
Today is the day to give your $2.76 worth. There 16.4M #aussie registered to vote that is an eye watering $45.3M #auspol #ausvote #votegreen #thefuckingplanetisonfire,"['Today', 'There', '#aussie', '#auspol', '#ausvote', '#votegreen', '#thefuckingplanetisonfire']",AU_Election
"#qanda

____ Home Insurance

‘1 in ten Australian homes affected’

“... data, published by the Actuaries Institute, reveals the frequency of extreme weather in the country’s worst-affected regions has doubled compared to the long-term average.”

#auspol

https://t.co/7e1L4t2qyp","['#qanda', 'Home', 'Insurance', 'Australian', 'Actuaries', 'Institute', '#auspol']",AU_Election
Kid have me wrong change at sausage sizzle. Now googling which party has the best education policy #ausvotes,"['Kid', 'Now', '#ausvotes']",AU_Election
So... I guess the LNP are against this plan to create jobs in Adelaide and reducing emissions? #auspol 😝 https://t.co/ujftazrrdJ,"['So', 'Adelaide', '#auspol']",AU_Election
@AmandaPerram Labor was brave. Any braver and they'd have lost even more seats. It's not their fault. Australia was afraid to vote for vision and compassion.,"['@AmandaPerram', 'Labor', 'Any', 'It', 'Australia']",AU_Election
What the hell? #auspol,"['What', '#auspol']",AU_Election
"A green new deal. 
What workers need. 
What the environment needs. 
#auspol
#GreenNewDeal https://t.co/Wq1dMOXjr3","['What', 'What', '#auspol', '#GreenNewDeal']",AU_Election
"Still at the polling booth, handing out HTV cards to the very last! #auspol @westaustralian @6PR @WAtoday https://t.co/6GMJNxDczh","['Still', '#auspol', '@westaustralian', '@6PR', '@WAtoday']",AU_Election
I think the moral of the campaign is that in five weeks the tpp hasn’t changed #ausvotes,['#ausvotes'],AU_Election
Here are the winning stocks in Australia as Morrison takes victory at the elections https://t.co/StfBzx38Ck #2020Elections #Elections #2019Elections #Politics,"['Here', 'Australia', 'Morrison', '#2020Elections', '#Elections', '#2019Elections', '#Politics']",AU_Election
"“He waged a relentless campaign.”

Former prime minister John Howard praises Scott Morrison’s performance this election.

#auspol #ausvotes ⁦⁦@politicsabc⁩ https://t.co/zEg8xyqEsS","['He', 'Former', 'John', 'Howard', 'Scott', 'Morrison', '#auspol', '#ausvotes', '@politicsabc']",AU_Election
"Media ban starts midnight tonight ONLY on the following: TV 📺 AND Radio 📻. 

Everything else is ✅ 

#auspol #AusVotes2019 #ausvotes19","['Media', 'Radio', 'Everything', '#auspol', '#AusVotes2019', '#ausvotes19']",AU_Election
"The Coalition scores one out of twelve (ouch), Labor eleven/twelve and the Greens ten/twelve. #ausvotes #auspol 
 https://t.co/YHNSu8hRt8 via @WomensAgenda","['The', 'Coalition', 'Labor', 'Greens', '#ausvotes', '#auspol', '@WomensAgenda']",AU_Election
A lot of deluded people who seem to think their preferred leftist party will solve climate change in 4 years like some sort of real life Captain Planet &amp; The Planeteers. #AusPol,"['Captain', 'Planet', 'The', 'Planeteers', '#AusPol']",AU_Election
@Waveline2shore Will they be amphibious as #SarahHenderson has promised pools everywhere? #auspol #LNPFail https://t.co/ynbfodu1gA,"['@Waveline2shore', 'Will', '#SarahHenderson', '#auspol', '#LNPFail']",AU_Election
The spud &amp; beetroot retained their seats RIP Australia seriously WHAT will it take to wake the fuck up? #ausvotes,"['The', 'Australia', '#ausvotes']",AU_Election
Too often on Twitter I've been told to get a job!  #auspol https://t.co/8XHwlXTMEl,"['Too', 'Twitter', '#auspol']",AU_Election
"G'day #auspol where is the #TopEndofTown in #Melbourne, so that we cld plan to get out after #ausvotes bcz #Shorten Govt will hit hard that part of Town😀","['#auspol', '#TopEndofTown', '#Melbourne', '#ausvotes', '#Shorten', 'Govt', 'Town']",AU_Election
Fuck you Queensland #auspol https://t.co/QVaCkioEVH,"['Fuck', 'Queensland', '#auspol']",AU_Election
"They don’t even pretend to represent minorities do they?
#auspol #Liberals","['They', '#auspol', '#Liberals']",AU_Election
"A promise is a concept, like a pinky swear, not something tangible. I'd rather have a PM that is interested in delivering tangible betterment to the majority of Australians who cannot afford rising rental costs, let alone a mortgage. #ScoMo is so out of touch. #AusVotes #AusPol https://t.co/ovOSRi1Q3C","['Australians', '#ScoMo', '#AusVotes', '#AusPol']",AU_Election
If we get rid of Tony but keep ScoMo I'm gonna feel broken #ausvotes,"['If', 'Tony', '#ausvotes']",AU_Election
Poor old @BBCNews caught with its political pants down again after believing every poll - making the same mistake with @Nigel_Farage  https://t.co/oiuXDLGVTO #AustraliaDecides #AUSVote19 #BrexitParty #EuropeanElection2019,"['Poor', '@BBCNews', '@Nigel_Farage', '#AustraliaDecides', '#AUSVote19', '#BrexitParty', '#EuropeanElection2019']",AU_Election
Can you tell the Queensland vote was decisive in dooming lefties in Australia? https://t.co/q3X24K4l6c,"['Can', 'Queensland', 'Australia']",AU_Election
Rupert bloody Murdoch won again and our democracy is crumbling. #auspol #ausvotes https://t.co/0DSRsdSgyS,"['Rupert', 'Murdoch', '#auspol', '#ausvotes']",AU_Election
#Ludlow | https://t.co/adig5zuxOl | Australia and Iceland qualify for Eurovision final but Finland snubbed UK residents could not vote in this round but will be able to during the 18-act second semi-final on Thursday and the grand final on Saturday. https://t.co/jC5QkEv3aH,"['#Ludlow', 'Australia', 'Iceland', 'Eurovision', 'Finland', 'Thursday', 'Saturday']",AU_Election
Why the Coalition can’t be trusted on #climate and energy https://t.co/DL48SXTIAd #auspol,"['Why', 'Coalition', '#climate', '#auspol']",AU_Election
#auspol https://t.co/tMT4iQyQvy,['#auspol'],AU_Election
Election Day 2019 is in full swing across the country as Scott Morrison and Bill Shorten vie for the country's leadership. #9News #AusVotes19 #Auspol @jekearsley @lizziedaniels https://t.co/dDSzGZIlQi,"['Election', 'Day', 'Scott', 'Morrison', 'Bill', 'Shorten', '#9News', '#AusVotes19', '#Auspol', '@jekearsley', '@lizziedaniels']",AU_Election
"#indivotes interesting read about #rustedoff voters in rural #Ausvotes what are their choices? #Indi has a candidate who will focus her attention on us &amp; our rural electorate needs @HelenHaines1 - #Vote1HelenHaines.
'Battle for the Bush': https://t.co/NJQTcnxV4n via @SBSNews","['#indivotes', '#rustedoff', '#Ausvotes', '#Indi', '@HelenHaines1', '#Vote1HelenHaines', 'Battle', 'Bush', '@SBSNews']",AU_Election
"@MegJobson1 @margokingston1 Looking like @LiberalAus has been dead and buried for some time , first with ""Team Turnbull"" at election 2016 now with ""Solo man"" Morrison at #AusVotes2019 #auspol","['@MegJobson1', '@margokingston1', 'Looking', '@LiberalAus', 'Team', 'Turnbull', 'Solo', 'Morrison', '#AusVotes2019', '#auspol']",AU_Election
Labor are not able to include everyone and have not had time to develop a proper plan for social and income security. So #fairgoBill has been dining with Billionaire Forrest to get ALPs social security policy. #auspol #ausvotes #fairness #corruption #unemployed #HousingForAll https://t.co/99VeyDfOaI,"['Labor', 'So', '#fairgoBill', 'Billionaire', 'Forrest', '#auspol', '#ausvotes', '#fairness', '#corruption', '#unemployed', '#HousingForAll']",AU_Election
Tony Abbott losing is the consolation prize if ALP loses #australiadecides,"['Tony', 'Abbott', '#australiadecides']",AU_Election
"Whatever the result, with no more Clive Palmer ads on the telly, everyone's a winner! #ausvotes","['Whatever', 'Clive', 'Palmer', '#ausvotes']",AU_Election
Even THIS poll got it wrong. #auspol Bye bye Shifty... https://t.co/Mb0pLB0EkS,"['Even', '#auspol', 'Bye', 'Shifty']",AU_Election
#CowperVotes #CoffsHarbour #CoffsCoast #auspol #lnpfail #ausvotes #AusVotes19 https://t.co/YF3CEndcMi,"['#CowperVotes', '#CoffsHarbour', '#CoffsCoast', '#auspol', '#lnpfail', '#ausvotes', '#AusVotes19']",AU_Election
Labor's Gender Agenda #auspol #ausvotes19 #aupol  https://t.co/yiATx2IOYd,"['Labor', 'Gender', 'Agenda', '#auspol', '#ausvotes19', '#aupol']",AU_Election
@LesStonehouse I'm switching back to making effort to vote on the day this time as I think the 3 week prepoll is very silly. Looking forward to no queues and discount sausages. #ausvotes,"['@LesStonehouse', 'Looking', '#ausvotes']",AU_Election
"@mathaiaus @GordyPls Sweet mercy. This is 100% my autocorrect. 

I believe that Australia to vote in Parliament House Canberra for the next inauguration of the actual oppressing race.","['@mathaiaus', '@GordyPls', 'Sweet', 'This', 'Australia', 'Parliament', 'House', 'Canberra']",AU_Election
"Go fuckin vote.

If you don't vote even though it is compulsory, you don't get the right to bitch about who gets elected. 

Plus you get a free snag at some polling booths. It's win-win.

#ausvotes","['Go', 'If', 'Plus', 'It', '#ausvotes']",AU_Election
"@JonathanPieNews @Rachael_Swindon @Nigel_Farage Go vote! In Australia, it's compulsory.
Go vote! Your ancestors died to win the privilage.
Did I say Go Vote?!!! https://t.co/wRFH6odVMs","['@JonathanPieNews', '@Rachael_Swindon', '@Nigel_Farage', 'Go', 'In', 'Australia', 'Go', 'Your', 'Did', 'Go', 'Vote']",AU_Election
"Vale Bob Hawke.
We’re coming for you Scummo, ya miserable dog. #auspol","['Vale', 'Bob', 'Hawke', 'We', 'Scummo', '#auspol']",AU_Election
The democracy sausage that Morrison will choke on. #auspol #democracysausage #quexit #notmyaustralia https://t.co/uFdwMAWm1H,"['The', 'Morrison', '#auspol', '#democracysausage', '#quexit', '#notmyaustralia']",AU_Election
Well - it is clear that the polling has totally gotten it wrong this year and the 'silent' majority had cast their vote against prediction. Antipathy is the theme and people have spoken in volumes. #AUSVote19 #ausvotes,"['Well', 'Antipathy', '#AUSVote19', '#ausvotes']",AU_Election
"So NSW ! You are happy to lie in the same bed and shit you chose last time.. ? 

Given a change to make a change and just leave things as they are...

May God save the Governor General as nothing will save us.. we are all doomed #australiavotes","['So', 'You', 'Given', 'May', 'God', 'Governor', 'General', '#australiavotes']",AU_Election
"@sffAustralia @OneNationAus @fraseranningQLD makes big gains and preferences @LiberalAus who scrape in by the skin of their teeth! #ausvotes
Labor eyes narrow path to victory in tight election race https://t.co/nYx981JjB2 via @ABCNews","['@sffAustralia', '@OneNationAus', '@fraseranningQLD', '@LiberalAus', '#ausvotes', 'Labor', '@ABCNews']",AU_Election
A prediction BEFORE the campaign even began! #auspol #ausvotes https://t.co/zThbiU47Qq,"['#auspol', '#ausvotes']",AU_Election
Wife travelled from Stawell to Werribee tonight. Simple 2:30 by car = 4:40 by Public Transport! #SpringSt @JaalaPulford @LouiseStaley @DanTehanWannon @AlexDyson @mauricebilli  #WannonVotes #SpringSt #Auspol #Ausvotes #australiavotes2019,"['Wife', 'Stawell', 'Werribee', 'Simple', 'Public', 'Transport', '#SpringSt', '@JaalaPulford', '@LouiseStaley', '@DanTehanWannon', '@AlexDyson', '@mauricebilli', '#WannonVotes', '#SpringSt', '#Auspol', '#Ausvotes', '#australiavotes2019']",AU_Election
"@erinrileyau That this blatant lie of a narrative has persisted, completely unchallenged for over a DECADE by Australia's mainstream media, is in ITSELF basis enough for a Royal Commission into our media monopolies and the influence of Murdoch.

Enough! #Labor saved us #GFC

#ausvotes #auspol","['@erinrileyau', 'That', 'Australia', 'Royal', 'Commission', 'Murdoch', 'Enough', '#Labor', '#GFC', '#ausvotes', '#auspol']",AU_Election
Australian PM Scott Morrison claims historic win after Labor loses 'unlosable' election @CNN https://t.co/kHDhsL0abu,"['Australian', 'Scott', 'Morrison', 'Labor', '@CNN']",AU_Election
"Unfortunately plausible, as even folks that don't buy into the hate may buy into the idea of ""we'll create a stable environment for you to be personally charitable"" (however inaccurate that idea may be) #auspol https://t.co/z6nqtDCEbP","['Unfortunately', '#auspol']",AU_Election
"hey aussies!!!  do you have the social intelligence of a sea sponge???  https://t.co/O9gbUZQeFJ

#ClimateChange
#ClimateNazi 
@Greens 
#aus #auspol 
#nsw #nswpol
#qld #qldpol https://t.co/W1bcfHmxbt","['#ClimateChange', '#ClimateNazi', '@Greens', '#aus', '#auspol', '#nsw', '#nswpol', '#qld', '#qldpol']",AU_Election
@australian @TonyAbbottMHR ❄️❄️❄️❄️❄️❄️❄️❄️❄️❄️ Perhaps Mr Abbott now has some compassion for Ms Gillard? He smirked and laughed right along with ALL the horrid SUSTAINED ATTACKS on Ms. Gillard.  Makes one think about karma! Mr Abbott does enjoy 'victim status'. #auspol   #WarringahVotes,"['@australian', '@TonyAbbottMHR', 'Perhaps', 'Mr', 'Abbott', 'Ms', 'Gillard', 'He', 'Ms', 'Gillard', 'Makes', 'Mr', 'Abbott', '#auspol', '#WarringahVotes']",AU_Election
2019 election: Why politics is toxic for Australia’s women https://t.co/y1mVDN0UPQ https://t.co/hECHnaOfZf,"['Why', 'Australia']",AU_Election
Ronny Radliff is dead to me after today. Queensland can get stuffed! #AUSVote19 #australiavotes #AustraliaDecides,"['Ronny', 'Radliff', 'Queensland', '#AUSVote19', '#australiavotes', '#AustraliaDecides']",AU_Election
"I’m still struggling to get my head around what went down in #auspol last night; but what I do get is what we saw 2 days ago at Mt Cook NZ: the ridge line in the centre of this shot is where the Mueller glacier used to come up to in the 1990s, when I was last here #ClimateChange https://t.co/ZGHkYayuIE","['#auspol', 'Mt', 'Cook', 'Mueller', '#ClimateChange']",AU_Election
Nothing like a bit of exaggeration eh Clive? This is a better image for your ad! #Auspol #Election2019 https://t.co/8jmkGTP7UU,"['Nothing', 'Clive', 'This', '#Auspol', '#Election2019']",AU_Election
"The bigger issue is voter discontent. In the U.S. early voting is a sign of enthusiasm. Here, experts tell me, it's a sign of frustration. Mandatory voting also hides declining faith in democracy. So the big question: What can #auspol and civil society do about THAT? 4/4","['The', 'In', 'Here', 'Mandatory', 'So', 'What', '#auspol']",AU_Election
"#TheDrum the idea the fair work commission is ‘independent’, much like the Reserve Bank being independent is laughable. Real wages are NOT ‘growing’. The system is broken #auspol #AUSVotes19 #LNPfail","['#TheDrum', 'Reserve', 'Bank', 'Real', 'The', '#auspol', '#AUSVotes19', '#LNPfail']",AU_Election
Go the Tone #auspol #AusVotes19 https://t.co/yd9MMBY740,"['Go', 'Tone', '#auspol', '#AusVotes19']",AU_Election
"Australia's conservative coalition scores stunning political victory in general election, defies pol... https://t.co/xUArGYgU6W",['Australia'],AU_Election
Scomo supporter feeling the pressure.#auspol https://t.co/p2eWK8DCKA,"['Scomo', '#auspol']",AU_Election
We’ve made it easy for you to ask your candidate to support ad regs and age-verification. See here to learn how&gt;&gt; https://t.co/aDE2mGJm4E #auspol #AusVotes2019,"['We', 'See', '#auspol', '#AusVotes2019']",AU_Election
I’m angry and as devastated as hell. You bet I’m going to be as vocal and proactive as ever these next 4 years. #auspol,"['You', '#auspol']",AU_Election
For anyone who missed this - Bob Hawke at the National Press Club as Opposition Leader a week out from the March 1983 election @abcnews #auspol #bobhawke https://t.co/77ts4Uz6m4,"['For', 'Bob', 'Hawke', 'National', 'Press', 'Club', 'Opposition', 'Leader', 'March', '@abcnews', '#auspol', '#bobhawke']",AU_Election
"Please vote for FOUR PAWS Australia to share in $50,000 https://t.co/uutPggK80p","['Please', 'Australia']",AU_Election
Australia’s Conservatives Win Surprise Election Victory in Election Focused on the Environment https://t.co/DFgYyn6pLV,"['Australia', 'Conservatives', 'Win', 'Surprise', 'Election', 'Victory', 'Election', 'Focused', 'Environment']",AU_Election
Arundhati Roy on Why She Admires WikiLeaks &amp; Opposes Assange’s Extradition to the U.S. https://t.co/c1v3uQD7cW #auspol,"['Arundhati', 'Roy', 'Why', 'She', 'Admires', 'Opposes', 'Assange', 'Extradition', '#auspol']",AU_Election
"@mjrowland68 @billshortenmp @abcnews Maybe now you will report on his rape allegation 

#auspol","['@mjrowland68', '@billshortenmp', '@abcnews', 'Maybe', '#auspol']",AU_Election
"Just watched the vision of brutal treatment of motorist by @WA_Police.

Zero respect for the public. Who gives these thugs weapons?

Q: What's the difference between @WA_Police and any other gang of vicious thugs?

A: a uniform.

#auspol","['Just', '@WA_Police', 'Zero', 'Who', 'What', '@WA_Police', '#auspol']",AU_Election
"Well, that is frank and revelatory! #AusPol. @PhillipAdams_1 @SteveAustinABC @Mirandaprorsus @phbarratt @tonykevin https://t.co/LDXWmkKLAG","['Well', '#AusPol', '@PhillipAdams_1', '@SteveAustinABC', '@Mirandaprorsus', '@phbarratt', '@tonykevin']",AU_Election
"@egmond_mark @elyasgarad @TonyAbbottMHR Nah,  he can't come back.  
Don't need his type in power. 

#LNPcorruption. #LNPfilth. #Auspol","['@egmond_mark', '@elyasgarad', '@TonyAbbottMHR', 'Nah', 'Don', '#LNPcorruption', '#LNPfilth', '#Auspol']",AU_Election
Alan Jones is fibbing about Labor https://t.co/Gevlo0LgC7 @AlanJones,"['Alan', 'Jones', 'Labor', '@AlanJones']",AU_Election
In coal we trust: Australian voters back PM Morrison's faith in fossil fuel https://t.co/ngxngOXJD3,"['In', 'Australian', 'Morrison']",AU_Election
Just been to #church #austvotes2019 #auspol @ St George's Anglican Church Malvern https://t.co/gKp7Dlrcb2,"['Just', '#church', '#austvotes2019', '#auspol', 'St', 'George', 'Anglican', 'Church', 'Malvern']",AU_Election
"In her new take on eschatology, Kerry-Anne Kennerley predicts the ""end of life as we know it"" courtesy of Bill Shorten. The four horsemen of the apocalypse are on their way, apparently. 3 days to go! Morrison will be thrilled, wrapt that the Rapture is so soon! #Ausvotes #Auspol","['In', 'Kerry', 'Anne', 'Kennerley', 'Bill', 'Shorten', 'The', 'Morrison', 'Rapture', '#Ausvotes', '#Auspol']",AU_Election
Another case where belligerence is more important than anything above all #ausvotes,"['Another', '#ausvotes']",AU_Election
"Moreover, Senator @Briggs? WE GET THE PLANET WE DESERVE. Thankfully, that includes their fucking kids/grandkids. 🙏 #auspol https://t.co/CUurgG20Vw","['Moreover', 'Senator', '@Briggs', 'Thankfully', '#auspol']",AU_Election
"Classy speech @billshortenmp... You said to never give up faith, that individuals can make a difference. It's hard to keep the faith right now. I don't know how we go on from here. Thank you for trying and campaigning so well - you and your team have much to be proud of. #auspol","['Classy', '@billshortenmp', 'You', 'It', 'Thank', '#auspol']",AU_Election
"I've gotta say, one of my favourite things about Australian elections, is getting asked about the democracy sausage by foreigners.

I'm amused at that being the thing that makes it overseas about our elections.
#auspol","['Australian', '#auspol']",AU_Election
So when does Scomo jump on a dragon and burn us all? #auspol #AUSVotes19,"['So', 'Scomo', '#auspol', '#AUSVotes19']",AU_Election
#AustraliaDecides https://t.co/4AAaVR2QWN,['#AustraliaDecides'],AU_Election
"Voting done, morning run done. Geeze the bbq there smelt good. Actually did my research into what each party was saying and considered what was being said and voted accordingly 👍 #AusVotes2019 #auspol","['Voting', 'Geeze', 'Actually', '#AusVotes2019', '#auspol']",AU_Election
"Scott Morrison is going to vote soon at Lilli Pilli Public School, where I can report there is NO SAUSAGE SIZZLE #auspol https://t.co/P1YSZuPXo2","['Scott', 'Morrison', 'Lilli', 'Pilli', 'Public', 'School', '#auspol']",AU_Election
"Fortress Vic, Fortress Vic, Fortress Vi... #auspol","['Fortress', 'Vic', 'Fortress', 'Vic', 'Fortress', 'Vi', '#auspol']",AU_Election
The mood in the room at the Coalition function is buoyant #ausvotes #auspol @australian https://t.co/IrVF8D3pUb,"['The', 'Coalition', '#ausvotes', '#auspol', '@australian']",AU_Election
The Sydney Swans upheld their part of the equation #ausvotes,"['The', 'Sydney', 'Swans', '#ausvotes']",AU_Election
Handed out how to vote cards for the last 3 hours at the booth where I normally vote. Usually long queues but none today. A lot fewer voters than in past years. Lots have already voted #ausvotes,"['Handed', 'Usually', 'Lots', '#ausvotes']",AU_Election
"Australian leaders make last poll pitch, mourn former PM Hawke https://t.co/xMapxcT93t #topNews https://t.co/GA5oXyiqcm https://t.co/MCwtgoHJDi","['Australian', 'Hawke', '#topNews']",AU_Election
Thank god! Aunty might be getting her money back so she can make more great local TV shows. One hitch - we need @billshortenmp to win. C’mon Aussie c’mon! #Auspol #AusVotes19 #ilikebilllshorten #saveAunty https://t.co/MBnhy8eHxx,"['Thank', 'Aunty', 'One', '@billshortenmp', 'Aussie', '#Auspol', '#AusVotes19', '#ilikebilllshorten', '#saveAunty']",AU_Election
"I am @FrBower Now, more than ever we need to unite and keep fighting the good fight. They may have won this battle but we cannot let them win the war ✊️ #auspol⁠ ⁠ #AusPol⁠ ⁠ #Elections2019results #Australiavotes https://t.co/voIoomxx17","['@FrBower', 'Now', 'They', '#auspol', '#AusPol', '#Elections2019results', '#Australiavotes']",AU_Election
@TonyAbbottMHR Remember #WarringahVotes his party is giving him only one more election but You can send him to retirement #auspol #AusVotes19 https://t.co/KywnUKUd2g,"['@TonyAbbottMHR', 'Remember', '#WarringahVotes', 'You', '#auspol', '#AusVotes19']",AU_Election
"Vale Bob Hawke. 

Also fuck you Tony. Your incorrectly dated diatribe of stupidity, doesn't even warrent repeating. #auspol","['Vale', 'Bob', 'Hawke', 'Also', 'Tony', 'Your', '#auspol']",AU_Election
#auspol lol https://t.co/rcjIynRF2F,['#auspol'],AU_Election
"Here's why #Morrison won't let his ministers do press conferences. Watch Smirkoff grind his teeth &amp; wince once the questions asked. #SquirmSession Old news hurts, oh yes it hurts. 
#ausvotes #ausvotes19 #auspol #hastie #Electioncampaign #HeyJohnno #ControlFreak #Preacher https://t.co/WTMzKGzSpr","['Here', '#Morrison', 'Watch', 'Smirkoff', '#SquirmSession', 'Old', '#ausvotes', '#ausvotes19', '#auspol', '#hastie', '#Electioncampaign', '#HeyJohnno', '#ControlFreak', '#Preacher']",AU_Election
"NOT ONE #Journalist @ #NPC had sufficient intestinal fortitude to ask #scumo wtte

 ""why did waste our time &amp; yours if you REFUSE to answer ANY QUESTIONS FFS !!??
#auspol #ausvotes","['#Journalist', '#NPC', '#scumo', '#auspol', '#ausvotes']",AU_Election
"So, Bill had a go, but he’s not going to get a go?

How is this meant to work again?

#auspol #haveagogetago #AustraliaDecides","['So', 'Bill', 'How', '#auspol', '#haveagogetago', '#AustraliaDecides']",AU_Election
UN admits Himalaya glacier data dodgy  #auspol #ausvotes https://t.co/4uQYCDrmq1 via @ABCNews,"['Himalaya', '#auspol', '#ausvotes', '@ABCNews']",AU_Election
"When one of Australia's worst PMs eulogises one of the best PMs, a train wreck results. #auspol https://t.co/hFrE7AwuhN","['When', 'Australia', '#auspol']",AU_Election
"@20thCenturyDan You're a teacher? 

And that's the example you set?

I hope people make sure you are never in any position where you have any influence upon the youth of Australia. 

Wishing people dead because you're too emotionally immature to deal with election results?","['@20thCenturyDan', 'You', 'And', 'Australia', 'Wishing']",AU_Election
"@antfarmer @RachelBkr Well, he didn't nought exactly. He spent 60M to get a Senate spot for himself, didn't get one, but, together with One Nation preferences, United Australia preferences (between 3-4 % NATIONALLY) gave LNP government #auspol #AustraliaDecides #australiavotes #australiavotes2019","['@antfarmer', '@RachelBkr', 'Well', 'He', 'Senate', 'One', 'Nation', 'United', 'Australia', '#auspol', '#AustraliaDecides', '#australiavotes', '#australiavotes2019']",AU_Election
Excited to announce my new job as prime minster of Australia in an election result widely described as “sensational”,"['Excited', 'Australia']",AU_Election
"If you’re around Five Dock/Drummoyne, drop by @AbbotsfordPSNSW to vote and check out the sausage sizzle, coffee, cake stall, and side-show alley! Raising $ to support school community! #reid #AUSVote19 #ausvotes #democracysausage ☕️ 🧁 https://t.co/5agEUjcYhM","['If', 'Five', 'Dock', 'Drummoyne', '@AbbotsfordPSNSW', 'Raising', '#reid', '#AUSVote19', '#ausvotes', '#democracysausage']",AU_Election
"Sad for #Labor aficionados today w/ passing of the great Bob Hawke. He was such a man of the people, intelligent &amp; generous, a larrikin &amp; a lover. Bob did some great things which were inspirational but confrontational for #Labor policy-wise, not to be forgotten. VALE Bob. #auspol","['Sad', '#Labor', 'Bob', 'Hawke', 'He', 'Bob', '#Labor', 'Bob', '#auspol']",AU_Election
Your timing is impeccable your holiness. #auspol #VoteLabor https://t.co/XC4GEWD28z,"['Your', '#auspol', '#VoteLabor']",AU_Election
"So Peter Dutton swapped 2 Nobel Peace Prize winners for 2 suspect murderers??

#Dickson #australiavotes2019 #auspol","['So', 'Peter', 'Dutton', 'Nobel', 'Peace', 'Prize', '#Dickson', '#australiavotes2019', '#auspol']",AU_Election
"Pencil + Paper + Ink = Democracy.
https://t.co/vAwBcYZqM9 #ausvotes","['Pencil', 'Paper', 'Ink', 'Democracy', '#ausvotes']",AU_Election
@Havingmysay2 @JaneMarwick @SkyNewsAust Bloody non proof reading. Don't you hate that ! I'll brush it. #AusPol,"['@Havingmysay2', '@JaneMarwick', '@SkyNewsAust', 'Bloody', 'Don', '#AusPol']",AU_Election
"Shorten is in the middle of his concession speech and Albo has already said he will challenge for the leadership. 😂🤣😂😂🤣
Labor is a shit show. #auspol #AustraliaDecides","['Shorten', 'Albo', 'Labor', '#auspol', '#AustraliaDecides']",AU_Election
"This is not the Australia I want to live in...time for a huge change, Vote #Labor on Saturday 18! https://t.co/zJihKTIlIn","['This', 'Australia', 'Vote', '#Labor', 'Saturday']",AU_Election
"Don’t believe Liberal rants in #Warringah. @GetUp didn’t outspend @TonyAbbottMHR, we out-peopled. I was one of 100s of Northern Beaches residents who door knocked and called to persuade our neighbours to boot Abbott out. It wasn’t $$ it was democracy in action #ausvotes","['Don', 'Liberal', '#Warringah', '@GetUp', '@TonyAbbottMHR', 'Northern', 'Beaches', 'Abbott', 'It', '#ausvotes']",AU_Election
"Voter: ""If we don't have a planet, nothing else matters."" #HearHear

#auspol #ausvotes #ausvotes19","['Voter', 'If', '#HearHear', '#auspol', '#ausvotes', '#ausvotes19']",AU_Election
"@ScottMorrisonMP!You're a good person &amp; I believe in miracles but cheating &amp; fraudulent #Election2019Results are not miracles. As prime minister, you must first check the possibility of rigging in what #AustraliaDecides on #ElectionResults2019 by your party.#Putin isn't a miracle","['@ScottMorrisonMP', 'You', '#Election2019Results', 'As', '#AustraliaDecides', '#ElectionResults2019', '#Putin']",AU_Election
"BREAKING: While @ScottMorrisonMP watches #GameOfThrones tomorrow starring #JonSnow

Labor #Auspol MP’s will be asked to watch a replay of last nights @abcnews election coverage starring @AntonyGreenABC 

#Insiders #MediaWatch #Qanda #TheDrum 

@andrewprobyn @LaTrioli @vanbadham https://t.co/x5WnGhoZq0","['While', '@ScottMorrisonMP', '#GameOfThrones', '#JonSnow', 'Labor', '#Auspol', '@abcnews', '@AntonyGreenABC', '#Insiders', '#MediaWatch', '#Qanda', '#TheDrum', '@andrewprobyn', '@LaTrioli', '@vanbadham']",AU_Election
Live results for the 2019 Australian election: track the votes https://t.co/PlWfArbepI,"['Live', 'Australian']",AU_Election
Why is it a “shock” surprise Pliber-suck won’t run for leader?! This is the Teflon lady. She knows next leader will be sacrificial lamb. 1/2 #auspol #plibersek #alpleadership,"['Why', 'Pliber', 'This', 'Teflon', 'She', '#auspol', '#plibersek', '#alpleadership']",AU_Election
@zalisteggall @renate_rje And yet zero on YOUR house. Hypocrite. Get Up puppet #warringahvotes #auspol,"['@zalisteggall', '@renate_rje', 'And', 'Hypocrite', 'Get', 'Up', '#warringahvotes', '#auspol']",AU_Election
Looks like the mad monk is gone. #ausvotes #auspoll #AUSVote19,"['Looks', '#ausvotes', '#auspoll', '#AUSVote19']",AU_Election
@animae_c @RachelQuayle08 @CatirTweeting @WgarNews @WhteRbbnAdvocat @Ashrides @randlight @geoffrey_payne @LadyPoop2 @anne_clothier @GoldCoastNurse @noplaceforsheep @LesStonehouse @bevhenwood @MorpheusBeing @timsenior @AMSANTaus @GerryGeorgatos @prudinx @JennyPineapple2 @Triplejay58 @3wombats @rationalbitch @davrosz @DeboraMorf @SenatorDodson @JanaforKooyong @left_nt @ABCIndigenous @RobRobbEdwards @OddemocracyA Unfortunately in Australia their is nothing to prevent lying in election advertising. This needs to be dealt with.,"['@animae_c', '@RachelQuayle08', '@CatirTweeting', '@WgarNews', '@WhteRbbnAdvocat', '@Ashrides', '@randlight', '@geoffrey_payne', '@LadyPoop2', '@anne_clothier', '@GoldCoastNurse', '@noplaceforsheep', '@LesStonehouse', '@bevhenwood', '@MorpheusBeing', '@timsenior', '@AMSANTaus', '@GerryGeorgatos', '@prudinx', '@JennyPineapple2', '@Triplejay58', '@3wombats', '@rationalbitch', '@davrosz', '@DeboraMorf', '@SenatorDodson', '@JanaforKooyong', '@left_nt', '@ABCIndigenous', '@RobRobbEdwards', '@OddemocracyA', 'Unfortunately', 'Australia', 'This']",AU_Election
What a selfish fucking country we Iive in #auspol,"['What', 'Iive', '#auspol']",AU_Election
Plibersek warns unis on standards risk from international student boom https://t.co/Rdq7NsvIJV via @theage #auspol #ausvotes,"['Plibersek', '@theage', '#auspol', '#ausvotes']",AU_Election
"People came all along from USA, Australia, Europe, Africa to vote but Diggi raja @digvijaya_28 sitting in Bhopal din't vote. Does he deserve to be elected representative. Shame on u ..
#Bhopal #AayegaToModiHi #ModiHaiToMumkinHai https://t.co/sMj49FGRdm","['People', 'Australia', 'Europe', 'Africa', 'Diggi', '@digvijaya_28', 'Bhopal', 'Does', 'Shame', '#Bhopal', '#AayegaToModiHi', '#ModiHaiToMumkinHai']",AU_Election
#ausvotes https://t.co/PsheFWrTBl,['#ausvotes'],AU_Election
Can someone tell me what the plan is? Because I live in regional Australia and we haven’t yet been told. #ausvotes https://t.co/XMW76gAvVE,"['Can', 'Because', 'Australia', '#ausvotes']",AU_Election
"Liberal / National Coalition fails at the seams of their predicted election loss, and its every senator for themselves #auspol #AusVotes2019  https://t.co/2hGFcEhxTl","['Liberal', 'National', 'Coalition', '#auspol', '#AusVotes2019']",AU_Election
A nation roars! #auspol #grub https://t.co/86BPMMT9VU,"['#auspol', '#grub']",AU_Election
"#CO2 levels:

1982 (when I was born): 341.45ppm
1999 (finished high school): 368.38
2012 (finished the PhD): 393.85
Today: 415. Highest level in at least the last 800,000 years. Probably millions of years 

Scary! #climatechange #auspol #AUSVote2019 https://t.co/VmGLLoT0U4","['#CO2', 'Today', 'Highest', 'Probably', 'Scary', '#climatechange', '#auspol', '#AUSVote2019']",AU_Election
Well done to the people of #Warringah for finally flushing the massive turd... #AusVotes2019 #ausvotes https://t.co/s44sn17Zs3,"['Well', '#Warringah', '#AusVotes2019', '#ausvotes']",AU_Election
@msrose2343 Seems to be a bit of a change today ... they broadcast Bill announcing increased funding to #OurABC and he’s answering questions now 🤔😂 Self interest seems to have won the day #auspol #Election2019,"['@msrose2343', 'Seems', 'Bill', '#OurABC', 'Self', '#auspol', '#Election2019']",AU_Election
How you can support arts and culture with your vote. #auspol2019 #auspol #ArtsImprovesLives @ArtsHub https://t.co/rkDlWvt1KT https://t.co/nD4dFL0HZO,"['How', '#auspol2019', '#auspol', '#ArtsImprovesLives', '@ArtsHub']",AU_Election
"Albo doesn't do it for me. His time was 6 years ago imo

#abc730 #auspol","['Albo', 'His', '#abc730', '#auspol']",AU_Election
"I love Election Day. Never take it for granted. Voted early, #DemocracySausage for breakfast but now just the wait. 
Big shout-out to my colleagues @ballaratcourier keeping us informed and into the night. Lot of hard work to get ready for today #ausvotes","['Election', 'Day', 'Never', 'Voted', '#DemocracySausage', 'Big', '@ballaratcourier', 'Lot', '#ausvotes']",AU_Election
"Vale Bob Hawke, you were a fair man &amp; generated my life long interest in Politics &amp; I thank you.
RIP.
#auspol","['Vale', 'Bob', 'Hawke', 'Politics', '#auspol']",AU_Election
@KAK COLONIALIST MOLE! Welcome to 2019 where you are irrelevant and people under 35 are taking control of the inter-generational theft you've been getting away with for years! #voteemout #proudlygay #gobacktoyourhole #auspol,"['@KAK', 'Welcome', '#voteemout', '#proudlygay', '#gobacktoyourhole', '#auspol']",AU_Election
"🍿🍿🍿🍿 
#auspol #ausvotes19 https://t.co/6FblNg7DwN","['#auspol', '#ausvotes19']",AU_Election
A very fitting finale to the #Wombattrail. Mooooove! @politicsabcc #auspol #ausvotes ⁦@mjrowland68⁩ https://t.co/wD2e6Et5f9,"['#Wombattrail', 'Mooooove', '@politicsabcc', '#auspol', '#ausvotes', '@mjrowland68']",AU_Election
@AusElectoralCom Thanks for the response but not many people know that (voter of 20 years here) . You should also be providing options for people such as pens and signs advising that they can use pen and on the website. It's not very clear. Cheers. #auspol #ausvotes,"['@AusElectoralCom', 'Thanks', 'You', 'It', 'Cheers', '#auspol', '#ausvotes']",AU_Election
@ShingvWorld Appalling. A shame there wasn’t an adult in the room. #auspol https://t.co/EiP941Vu1p,"['@ShingvWorld', 'Appalling', '#auspol']",AU_Election
"@mirandadevine @TonyAbbottMHR You can call a cow a chicken, but it will not lay any eggs for your breakfast. #Ausvotes #AusPol #GreensRanythingBut","['@mirandadevine', '@TonyAbbottMHR', 'You', '#Ausvotes', '#AusPol', '#GreensRanythingBut']",AU_Election
"Employers pocketing $6 billion of workers' super each year, say industry funds https://t.co/DjEgiszuF4 #auspol","['Employers', '#auspol']",AU_Election
2019 Australia election: Morrison's coalition seeking shock majority https://t.co/ow1NvtQNSF,"['Australia', 'Morrison']",AU_Election
"Oh FFS, yet another story on #ABC730 asking “what will Labor’s policy on negative gearing do to property prices”. And, of course, a negative story which is totally opposite to what many experts are saying - there won’t be any effect to prices. #auspol #AusVotes2019","['Oh', '#ABC730', 'Labor', 'And', '#auspol', '#AusVotes2019']",AU_Election
@newscomauHQ @ScottMorrisonMP Seriously how ridiculous and yes sickening. No class no social skills just an under developed unevolved juvenile. 🤢🤮🤢🤮#auspol #ausvotes19 #LNPfail,"['@newscomauHQ', '@ScottMorrisonMP', 'Seriously', 'No', '#auspol', '#ausvotes19', '#LNPfail']",AU_Election
"Bill, the result you got wasn't helped by you taking advice from The Feed's ""comedy team"" (VICE owns the TV station they work for).
@AustralianLabor should take the center more seriously in future instead of writing us off as ""bigots"" and form policy accordingly.
#auspol https://t.co/oQLTVHPqjl","['Bill', 'The', 'Feed', '@AustralianLabor', '#auspol']",AU_Election
Canning MP Andrew Hastie is tipped to hold on to his seat tonight but is still out and about in Falcon and Halls Head shaking hands and trying to lock down votes. #auspol #ausvotes @westaustralian https://t.co/ek9x89UdOI,"['Canning', 'Andrew', 'Hastie', 'Falcon', 'Halls', 'Head', '#auspol', '#ausvotes', '@westaustralian']",AU_Election
"Take a lump of silicon to Parliament: 20,000 times better than coal: https://t.co/1ZMV2gUaUy #auspol #australiapm","['Take', 'Parliament', '#auspol', '#australiapm']",AU_Election
"@Vic_Rollison These stories need to show how issues - penalty rates, wage theft, favoured treatment of donors - affect one person, or one contrasting pair, under the alternatives.

#auspol

4/6","['@Vic_Rollison', 'These', '#auspol']",AU_Election
@Indigocathy A vote for @HelenHaines1 is a vote for the Greens. #orangecult🍊#PCMPP (Post Cathy McGowan Political Phase) #irrelevant #fibs #voicesinthewilderness #beyondbelief #nopolicies #noagenda #nobudget #IndiVotes #auspol #Emocracy #ClimateHysteria 🍊#morefibs,"['@Indigocathy', '@HelenHaines1', 'Greens', '#orangecult', '#PCMPP', 'Post', 'Cathy', 'Political', 'Phase', '#irrelevant', '#fibs', '#voicesinthewilderness', '#beyondbelief', '#nopolicies', '#noagenda', '#nobudget', '#IndiVotes', '#auspol', '#Emocracy', '#ClimateHysteria', '#morefibs']",AU_Election
"#Auspol Partner laughed last night when I carefully copied out ALP HTVs from Internet, justincase. I was right, there was no ALP person handing out HTV at this tiny rural spot. You know what this means, don't you? Yep, I'll have to volunteer next time. = I get a say on policy.","['#Auspol', 'Partner', 'Internet', 'You', 'Yep']",AU_Election
“The reality is that people in the seat of Dawson and the seat of Capricornia were concerned about local jobs.” - @GChristensenMP. Live coverage now on @Channel7 and streaming at https://t.co/b2rkakPwmk #ausvotes #7NEWS https://t.co/6KGTR51uHQ,"['The', 'Dawson', 'Capricornia', '@GChristensenMP', 'Live', '@Channel7', '#ausvotes', '#7NEWS']",AU_Election
"Famed UFO researcher, Stanton Friedman, dead at 84 -- https://t.co/AvYFOpEbIN https://t.co/j4JyElAX2e Thought provoking News. NWO, R we Crackers the peoples news #auspol #climatechange #politics #election @SOTTnet","['Famed', 'Stanton', 'Friedman', 'Thought', 'News', 'Crackers', '#auspol', '#climatechange', '#politics', '#election', '@SOTTnet']",AU_Election
"While it is funny it is also very, very scary.
The #LIBS are in the hand of a media Mogul that is NOT an Australian.
#auspol #murdoch #MSM https://t.co/x9qzHtGBo7","['While', 'The', '#LIBS', 'Mogul', 'Australian', '#auspol', '#murdoch', '#MSM']",AU_Election
Post-election: What can your clients expect regarding LMITO? #tax #ausvotes @ato_gov_au #CPD https://t.co/SqkPcOIEnH https://t.co/9ae07dYhkK,"['Post', 'What', '#tax', '#ausvotes', '@ato_gov_au', '#CPD']",AU_Election
"You know exactly who I am JA

You have been following me with all your fake accounts for months

Check with your failed mates at Emu Plains if your memory is that poor

#auspol #nswpol https://t.co/mx5QNskjUS","['You', 'You', 'Check', 'Emu', 'Plains', '#auspol', '#nswpol']",AU_Election
2019 Australia election in 11 charts https://t.co/BxUJBdmIZf,['Australia'],AU_Election
"@LiberalAus @LiberalVictoria @ScottMorrisonMP #ScumMo #PretendPM #heybubbleboy 

@PeterDutton_MP 

Showing-humanity-for-Tamil-Family  Will not save you Political-Career.

It might make you appear:

**LESS-THAN-THE-DEVIL**

#auspol #ausvotes19 #AusVotes2019","['@LiberalAus', '@LiberalVictoria', '@ScottMorrisonMP', '#ScumMo', '#PretendPM', '#heybubbleboy', '@PeterDutton_MP', 'Showing', 'Tamil', 'Family', 'Will', 'Political', 'Career', 'It', '#auspol', '#ausvotes19', '#AusVotes2019']",AU_Election
"Who else is stuck in the middle! 😕

#auspol2019 #ausvotes #ausvotes2019

image by chrisroytaylor (IG) https://t.co/WyPndU93K0","['Who', '#auspol2019', '#ausvotes', '#ausvotes2019']",AU_Election
We're striking now! Not liking the polls so far. #auspol,"['We', 'Not', '#auspol']",AU_Election
False election claims spark push for truth in political advertising laws https://t.co/Pged6YfEJh,['False'],AU_Election
"This is cool...CNN Do #DemocracySausage 

In Australia, sausages are a symbol of election day. Here's why - CNN https://t.co/HwvWm6hMEI #Auspol #AusVotes19","['This', 'Do', '#DemocracySausage', 'In', 'Australia', 'Here', '#Auspol', '#AusVotes19']",AU_Election
VISIT WEBSITE Here's everything you need to know about Australia's election https://t.co/9lAlXelYRh AMERISLAMUNDERWAY https://t.co/VqMuOgtIfO,"['Here', 'Australia']",AU_Election
"Our campaign bus has travelled Australia from top to bottom, pushing our campaign message. Thank you to everyone along the way who has shown their support for the one seat that matters!  #auspol #metamucil #turdwedeserve #gutandnuggetalliance https://t.co/d6Oc1c6Z1e","['Our', 'Australia', 'Thank', '#auspol', '#metamucil', '#turdwedeserve', '#gutandnuggetalliance']",AU_Election
@SanLogica Mmm #democracysausage #auspol #AusVotes2019 https://t.co/MUGMzWVQBS,"['@SanLogica', 'Mmm', '#democracysausage', '#auspol', '#AusVotes2019']",AU_Election
Standing with a nervous nation that still believes: @margokingston1 comments on #IndependentsDay #AusVotes https://t.co/Y2i7SBOvCJ,"['Standing', '@margokingston1', '#IndependentsDay', '#AusVotes']",AU_Election
"@Donvoegt @abcnews Hey, what's this Clive Palmer in Fiji.
Hey @LiberalAus party and @ScottMorrisonMP what's the deal giving Clive your preferences
What a bloody mess you guys have put us in.
#auspol 
#Election2019 
#WhatAjokeYouAre","['@Donvoegt', '@abcnews', 'Hey', 'Clive', 'Palmer', 'Fiji', 'Hey', '@LiberalAus', '@ScottMorrisonMP', 'Clive', 'What', '#auspol', '#Election2019', '#WhatAjokeYouAre']",AU_Election
@SecularScholar @SecularScarlet Australia has had an election and we are heading back to meet you.,"['@SecularScholar', '@SecularScarlet', 'Australia']",AU_Election
"Parents returning to work will have 10-20% of tax sliced off picking up an extra day of work under Labor’s $4 billion childcare policy, indepedent modelling shows, delivering the largest tax windfall to primary carers in a generation. #auspol #Election2019 https://t.co/Xp5fHh9hOF","['Parents', 'Labor', '#auspol', '#Election2019']",AU_Election
"@DebFrecklington @QLDLabor @billshortenmp @AnnastaciaMP oh dear this is unfortunate, speaking of people sacking workers
https://t.co/FVw6K73WxH","['@DebFrecklington', '@QLDLabor', '@billshortenmp', '@AnnastaciaMP']",AU_Election
"The Left is Misunderstood. 🙄 A RAW! #Podcast.

- Senator Taki (n) Thepis (s) Papahatziharalambrous 🏴

#makeaustraliagrouseagain #senator #Papahatziharalambrous #RAW! The #alt #centre #party #comedy #satire #mockumentary #farce #vote #donkey #lol #Melbourne #Australia 🇦🇺","['The', 'Left', 'Misunderstood', '#Podcast', 'Senator', 'Taki', 'Thepis', 'Papahatziharalambrous', '#makeaustraliagrouseagain', '#senator', '#Papahatziharalambrous', '#RAW', 'The', '#alt', '#centre', '#party', '#comedy', '#satire', '#mockumentary', '#farce', '#vote', '#donkey', '#lol', '#Melbourne', '#Australia']",AU_Election
"⁦⁦@AustralianLabor⁩ stands ..”for working parents..for cancer patients .. climate change. In contrast, the Coalition has narrowed its message to a defence of the privileges of the wealthy and the old.”  - New Matilda #Auspol #VoteLabor #equality  https://t.co/wWOZ9FXFtz","['@AustralianLabor', 'In', 'Coalition', 'New', 'Matilda', '#Auspol', '#VoteLabor', '#equality']",AU_Election
"Labor with bring back fairness:

✅ a fairer education system

✅ better health care

✅ penalty rates 

✅ tackling gender inequality
  
✅ action on climate change 

Vote Labor in the House &amp; the Senate. 

#auspol #auspol2019 #australiavotes2019 #ausvotes #VoteLabor https://t.co/wIU8ngz0mR","['Labor', 'Vote', 'Labor', 'House', 'Senate', '#auspol', '#auspol2019', '#australiavotes2019', '#ausvotes', '#VoteLabor']",AU_Election
#auspol Labor have made a lot of promises for Higher Ed - Here's what they'd cost: https://t.co/2cK8dXSxx9 https://t.co/mWS2cojB5y,"['#auspol', 'Labor', 'Higher', 'Ed', 'Here']",AU_Election
".@ChrisReason7 reports media have not yet been allowed into @TonyAbbottMHR's Warringah election party at the Manly Leagues Club: ""A highly unusual move for a former prime minister."" Live coverage now on @Channel7 and streaming at https://t.co/YReZ2enOEh #ausvotes #7NEWS https://t.co/xpp6mxZZiV","['@ChrisReason7', '@TonyAbbottMHR', 'Warringah', 'Manly', 'Leagues', 'Club', 'Live', '@Channel7', '#ausvotes', '#7NEWS']",AU_Election
Shorten: Labor will not be able to form the next government. And so in the national interest a short while ago I called Scott Morrison to congratulate him. @9NewsAUS #auspol,"['Shorten', 'Labor', 'And', 'Scott', 'Morrison', '@9NewsAUS', '#auspol']",AU_Election
"Some neutral coverage from the ABC of Tony Abbott’s loss
#AustraliaDecides #ausvotes https://t.co/b9c5FA51hh","['Some', 'Tony', 'Abbott', '#AustraliaDecides', '#ausvotes']",AU_Election
"Australia's election in 11 charts A visual look at the key issues in what some have called a ""generational election"".

from BBC News - World https://t.co/XSUet8gX4A","['Australia', 'News', 'World']",AU_Election
"#WallStreet dipped on Friday, but SPI futures are suggesting the #ASX ought to edge-up 5 points this morning. The interest today will be how markets digest Saturday's shock #AUSVote19 result. The $AUD gapped this morning; keep an eye now on the banks. #auspol #ausbiz https://t.co/EF0CwKX85U","['#WallStreet', 'Friday', '#ASX', 'The', 'Saturday', '#AUSVote19', 'The', '#auspol', '#ausbiz']",AU_Election
Is that @MathiasCormann perving at @senatorcash knees like he did with Chloe - what a sick man #auspol https://t.co/KliS41zhlq,"['Is', '@MathiasCormann', '@senatorcash', 'Chloe', '#auspol']",AU_Election
"@Nc1908Neil @GeraldKutney @DarrinW74512672 @DawnTJ90 @gjcats @Barbarajdurkin @javierchesimo @manifesto2000 @oldfosil66 @SylviaD32911201 @drwaheeduddin @SombreGreen @YackyDoodleDnDy @KinkerMichards @eachus @Tangomitteckel @hoststhefartin1 @2013Boodicca @heymikey80 @BarbaraMcK42 @nemo_gratis @JaggerMickOZ @GillesnFio @dbirch214 @Lydienee @RogTallbloke @kuhn_reinhard @shookster1000 @Trismos @DenisCoghlan @Leigh252425 @nobadgers @CymaticWave @Chaologistician @TheEndisFar @carlblom_robert @rigga_mortis @Captbobdad @Tea4gunsSC @ScribesShade @steve_v999 @RonCrunt @tan123 @Carbongate @GretaThunberg @350 @350action @ToyotaMotorCorp @BMW “THE data doesn’t matter. We’re not basing our recommendations on the data. We’re basing them on the climate #models.”
– Prof. Chris Folland,
Hadley Centre for Climate Prediction &amp; Research https://t.co/PPgXOGFZo7 via @JWSpry #ClimateChange #Scam #Auspol #AusVotes2019 #Outsiders","['@Nc1908Neil', '@GeraldKutney', '@DarrinW74512672', '@DawnTJ90', '@gjcats', '@Barbarajdurkin', '@javierchesimo', '@manifesto2000', '@oldfosil66', '@SylviaD32911201', '@drwaheeduddin', '@SombreGreen', '@YackyDoodleDnDy', '@KinkerMichards', '@eachus', '@Tangomitteckel', '@hoststhefartin1', '@2013Boodicca', '@heymikey80', '@BarbaraMcK42', '@nemo_gratis', '@JaggerMickOZ', '@GillesnFio', '@dbirch214', '@Lydienee', '@RogTallbloke', '@kuhn_reinhard', '@shookster1000', '@Trismos', '@DenisCoghlan', '@Leigh252425', '@nobadgers', '@CymaticWave', '@Chaologistician', '@TheEndisFar', '@carlblom_robert', '@rigga_mortis', '@Captbobdad', '@Tea4gunsSC', '@ScribesShade', '@steve_v999', '@RonCrunt', '@tan123', '@Carbongate', '@GretaThunberg', '@350', '@350action', '@ToyotaMotorCorp', '@BMW', 'We', 'We', '#models', 'Prof', 'Chris', 'Folland', 'Hadley', 'Centre', 'Climate', 'Prediction', 'Research', '@JWSpry', '#ClimateChange', '#Scam', '#Auspol', '#AusVotes2019', '#Outsiders']",AU_Election
@rgloveroz Whilst I agree that Murdoch is a stain on #auspol How did Labor not see this coming when Shorten has never been close to any LNP leader since being installed?? Most people are voting for the leader of the party even if that is not the design of our system!,"['@rgloveroz', 'Whilst', 'Murdoch', '#auspol', 'How', 'Labor', 'Shorten', 'Most']",AU_Election
"Download Poker With Bob v 2.0.6 apk   hack mod (Money)   - https://t.co/QF2pZx94BJ

    Alberto Fernández RisksizBahis FavorisenDe #FCBSGE #MMKDestinedToLoveYou KaybetmeyenBahis RetrobetTe Robben #PBB8Batch3BigJump #10oranLunabette #ausvotes forvetbette kaybetmekyok","['Download', 'Poker', 'With', 'Bob', 'Money', 'Alberto', '#FCBSGE', '#MMKDestinedToLoveYou', 'Robben', '#PBB8Batch3BigJump', '#10oranLunabette', '#ausvotes']",AU_Election
Tell us about the surf club dunnies Tony #ausvotes,"['Tell', 'Tony', '#ausvotes']",AU_Election
This is the closets thing to a #democracysausage at my booth. #ausvotes #unaustralian 😢 https://t.co/1l5Yov1LAb,"['This', '#democracysausage', '#ausvotes', '#unaustralian']",AU_Election
"#Auspol odds change

Next Sworn in Government - United Australia Party
501 (+250)

Next Sworn in Government - Shooters, Fishers and Farmers
501 (+100)

Next Federal Election - Hung Parliament - Hung Parliament
4.75 (+0.25)","['#Auspol', 'Next', 'Sworn', 'Government', 'United', 'Australia', 'Party', 'Next', 'Sworn', 'Government', 'Shooters', 'Fishers', 'Farmers', 'Next', 'Federal', 'Election', 'Hung', 'Parliament', 'Hung', 'Parliament']",AU_Election
"My brother has called it for the Pirate Party, everyone go to bed #AUSVote19 #auspol take that @AntonyGreenABC https://t.co/fJyMmK6kUy","['My', 'Pirate', 'Party', '#AUSVote19', '#auspol', '@AntonyGreenABC']",AU_Election
Voting for culture this election? Here's how the parties' arts policies stack up https://t.co/7rwiCJZEES,"['Voting', 'Here']",AU_Election
These people need to be regulated. #auspol #ausvotes2019 https://t.co/OJvnUZ2Wv7,"['These', '#auspol', '#ausvotes2019']",AU_Election
"Well... look.... I’d normally say that we deserve  better media reporting than this.... but the majority have spoken so... @ABCmediawatch I guess putting literal targets on “enemies” is just getting what the majority asked for? 

#australia 🙈 #auspol #mediawatch https://t.co/FT3yrnW23Y","['Well', '@ABCmediawatch', '#australia', '#auspol', '#mediawatch']",AU_Election
Fuck you Australia.... #auspol #ausvotes https://t.co/Pku7fj6gPX,"['Fuck', 'Australia', '#auspol', '#ausvotes']",AU_Election
Great another 4 years of these chomo religious pants shitters in charge forcing their lies and bullshit on us all say goodbye to Australia and it’s values #AustraliaDecides #ScottMorrison,"['Great', 'Australia', '#AustraliaDecides', '#ScottMorrison']",AU_Election
